group_type,value,n_total,n_fw_check,raw_fw_check_rate,shrunk_fw_check_rate,fw_check_ci_low,fw_check_ci_high,n_gauge_reset,raw_gauge_reset_rate,shrunk_gauge_reset_rate,gauge_reset_ci_low,gauge_reset_ci_high,fw_fisher_p,fw_fisher_q_bh,rank_fw_check_shrunk,rank_gauge_reset_shrunk,analysis_timestamp
batt_fru,5B10W51863,4,2,0.5,0.2337,0.0361,0.5414,0,0.0,0.0133,0.0,0.1223,,,1,103,2026-06-03T16:38:27
batt_fru,5B10W13975,26,6,0.2308,0.1968,0.0793,0.3513,3,0.1154,0.1007,0.0229,0.2265,0.0,0.0001,2,11,2026-06-03T16:38:27
batt_fru,5B11H56426,2,1,0.5,0.1571,0.0061,0.4819,1,0.5,0.1607,0.0067,0.4867,,,3,2,2026-06-03T16:38:27
batt_fru,(none),22,3,0.1364,0.1147,0.0261,0.2565,0,0.0,0.0044,0.0,0.0407,0.00643,0.14467,4,151,2026-06-03T16:38:27
batt_fru,5B10W13973,30,2,0.0667,0.0599,0.0081,0.1577,4,0.1333,0.1178,0.0349,0.2416,0.104,1.0,5,10,2026-06-03T16:38:27
batt_fru,LNV-5B10W51879,1,0,0.0,0.0155,0.0,0.1567,0,0.0,0.0199,0.0,0.1834,,,6,13,2026-06-03T16:38:27
batt_fru,LNV-5B11H56403?,1,0,0.0,0.0155,0.0,0.1567,0,0.0,0.0199,0.0,0.1834,,,6,13,2026-06-03T16:38:27
batt_fru,01AV446,1,0,0.0,0.0155,0.0,0.1567,0,0.0,0.0199,0.0,0.1834,,,6,13,2026-06-03T16:38:27
batt_fru,01AV471,1,0,0.0,0.0155,0.0,0.1567,0,0.0,0.0199,0.0,0.1834,,,6,13,2026-06-03T16:38:27
batt_fru,01AV479,1,0,0.0,0.0155,0.0,0.1567,0,0.0,0.0199,0.0,0.1834,,,6,13,2026-06-03T16:38:27
batt_fru,01AV495,1,0,0.0,0.0155,0.0,0.1567,0,0.0,0.0199,0.0,0.1834,,,6,13,2026-06-03T16:38:27
batt_fru,02DL003,1,0,0.0,0.0155,0.0,0.1567,0,0.0,0.0199,0.0,0.1834,,,6,13,2026-06-03T16:38:27
batt_fru,02DL005,1,0,0.0,0.0155,0.0,0.1567,0,0.0,0.0199,0.0,0.1834,,,6,13,2026-06-03T16:38:27
batt_fru,5B10W13877,1,0,0.0,0.0155,0.0,0.1567,0,0.0,0.0199,0.0,0.1834,,,6,13,2026-06-03T16:38:27
batt_fru,5B10W13905,1,0,0.0,0.0155,0.0,0.1567,0,0.0,0.0199,0.0,0.1834,,,6,13,2026-06-03T16:38:27
batt_fru,5B10W13961,1,0,0.0,0.0155,0.0,0.1567,0,0.0,0.0199,0.0,0.1834,,,6,13,2026-06-03T16:38:27
batt_fru,5B10W13964,1,0,0.0,0.0155,0.0,0.1567,0,0.0,0.0199,0.0,0.1834,,,6,13,2026-06-03T16:38:27
batt_fru,5B10W13976,1,0,0.0,0.0155,0.0,0.1567,0,0.0,0.0199,0.0,0.1834,,,6,13,2026-06-03T16:38:27
batt_fru,5B10W51820,1,0,0.0,0.0155,0.0,0.1567,0,0.0,0.0199,0.0,0.1834,,,6,13,2026-06-03T16:38:27
batt_fru,5B10W51830,1,0,0.0,0.0155,0.0,0.1567,0,0.0,0.0199,0.0,0.1834,,,6,13,2026-06-03T16:38:27
batt_fru,5B10W51854,1,0,0.0,0.0155,0.0,0.1567,0,0.0,0.0199,0.0,0.1834,,,6,13,2026-06-03T16:38:27
batt_fru,5B10W51860,1,0,0.0,0.0155,0.0,0.1567,0,0.0,0.0199,0.0,0.1834,,,6,13,2026-06-03T16:38:27
batt_fru,5B10W51862,1,0,0.0,0.0155,0.0,0.1567,0,0.0,0.0199,0.0,0.1834,,,6,13,2026-06-03T16:38:27
batt_fru,5B10W51864,1,0,0.0,0.0155,0.0,0.1567,0,0.0,0.0199,0.0,0.1834,,,6,13,2026-06-03T16:38:27
batt_fru,5B10W51873,1,0,0.0,0.0155,0.0,0.1567,0,0.0,0.0199,0.0,0.1834,,,6,13,2026-06-03T16:38:27
batt_fru,5B10W51877,1,0,0.0,0.0155,0.0,0.1567,0,0.0,0.0199,0.0,0.1834,,,6,13,2026-06-03T16:38:27
batt_fru,5B10X19049,1,0,0.0,0.0155,0.0,0.1567,0,0.0,0.0199,0.0,0.1834,,,6,13,2026-06-03T16:38:27
batt_fru,5B10Z26487,1,0,0.0,0.0155,0.0,0.1567,0,0.0,0.0199,0.0,0.1834,,,6,13,2026-06-03T16:38:27
batt_fru,5B11A14635,1,0,0.0,0.0155,0.0,0.1567,0,0.0,0.0199,0.0,0.1834,,,6,13,2026-06-03T16:38:27
batt_fru,5B11F28681,1,0,0.0,0.0155,0.0,0.1567,0,0.0,0.0199,0.0,0.1834,,,6,13,2026-06-03T16:38:27
batt_fru,5B11F28682,1,0,0.0,0.0155,0.0,0.1567,0,0.0,0.0199,0.0,0.1834,,,6,13,2026-06-03T16:38:27
batt_fru,5B11H56393,1,0,0.0,0.0155,0.0,0.1567,0,0.0,0.0199,0.0,0.1834,,,6,13,2026-06-03T16:38:27
batt_fru,5B11H56414,1,0,0.0,0.0155,0.0,0.1567,0,0.0,0.0199,0.0,0.1834,,,6,13,2026-06-03T16:38:27
batt_fru,5B11M90049,1,0,0.0,0.0155,0.0,0.1567,0,0.0,0.0199,0.0,0.1834,,,6,13,2026-06-03T16:38:27
batt_fru,5B11M90057,1,0,0.0,0.0155,0.0,0.1567,0,0.0,0.0199,0.0,0.1834,,,6,13,2026-06-03T16:38:27
batt_fru,5B11M90082,1,0,0.0,0.0155,0.0,0.1567,0,0.0,0.0199,0.0,0.1834,,,6,13,2026-06-03T16:38:27
batt_fru,5B11M90093,1,0,0.0,0.0155,0.0,0.1567,0,0.0,0.0199,0.0,0.1834,,,6,13,2026-06-03T16:38:27
batt_fru,5B11M90103,1,0,0.0,0.0155,0.0,0.1567,0,0.0,0.0199,0.0,0.1834,,,6,13,2026-06-03T16:38:27
batt_fru,5B11M90110,1,0,0.0,0.0155,0.0,0.1567,0,0.0,0.0199,0.0,0.1834,,,6,13,2026-06-03T16:38:27
batt_fru,5B11M90114,1,0,0.0,0.0155,0.0,0.1567,0,0.0,0.0199,0.0,0.1834,,,6,13,2026-06-03T16:38:27
batt_fru,5B11M90170,1,0,0.0,0.0155,0.0,0.1567,0,0.0,0.0199,0.0,0.1834,,,6,13,2026-06-03T16:38:27
batt_fru,5B11M90173,1,0,0.0,0.0155,0.0,0.1567,0,0.0,0.0199,0.0,0.1834,,,6,13,2026-06-03T16:38:27
batt_fru,5B11M90175,1,0,0.0,0.0155,0.0,0.1567,0,0.0,0.0199,0.0,0.1834,,,6,13,2026-06-03T16:38:27
batt_fru,5B11M90181,1,0,0.0,0.0155,0.0,0.1567,0,0.0,0.0199,0.0,0.1834,,,6,13,2026-06-03T16:38:27
batt_fru,5B11M90182,1,0,0.0,0.0155,0.0,0.1567,0,0.0,0.0199,0.0,0.1834,,,6,13,2026-06-03T16:38:27
batt_fru,5B11M90183,1,0,0.0,0.0155,0.0,0.1567,0,0.0,0.0199,0.0,0.1834,,,6,13,2026-06-03T16:38:27
batt_fru,L22B3PG4,1,0,0.0,0.0155,0.0,0.1567,1,1.0,0.1876,0.008,0.5521,,,6,1,2026-06-03T16:38:27
batt_fru,L22D3PG4,1,0,0.0,0.0155,0.0,0.1567,0,0.0,0.0199,0.0,0.1834,,,6,13,2026-06-03T16:38:27
batt_fru,LNV-5B10W51874,1,0,0.0,0.0155,0.0,0.1567,0,0.0,0.0199,0.0,0.1834,,,6,13,2026-06-03T16:38:27
batt_fru,LNV-5B10W51875,1,0,0.0,0.0155,0.0,0.1567,0,0.0,0.0199,0.0,0.1834,,,6,13,2026-06-03T16:38:27
batt_fru,LNV-5B11H56335,1,0,0.0,0.0155,0.0,0.1567,0,0.0,0.0199,0.0,0.1834,,,6,13,2026-06-03T16:38:27
batt_fru,LNV-5B10W51878,2,0,0.0,0.0133,0.0,0.1341,0,0.0,0.0171,0.0,0.1572,,,52,58,2026-06-03T16:38:27
batt_fru,5B10W139,2,0,0.0,0.0133,0.0,0.1341,0,0.0,0.0171,0.0,0.1572,,,52,58,2026-06-03T16:38:27
batt_fru,5B10W13906,2,0,0.0,0.0133,0.0,0.1341,0,0.0,0.0171,0.0,0.1572,,,52,58,2026-06-03T16:38:27
batt_fru,5B10W13930,2,0,0.0,0.0133,0.0,0.1341,0,0.0,0.0171,0.0,0.1572,,,52,58,2026-06-03T16:38:27
batt_fru,5B10W51815,2,0,0.0,0.0133,0.0,0.1341,0,0.0,0.0171,0.0,0.1572,,,52,58,2026-06-03T16:38:27
batt_fru,5B10W51827,2,0,0.0,0.0133,0.0,0.1341,0,0.0,0.0171,0.0,0.1572,,,52,58,2026-06-03T16:38:27
batt_fru,5B10W51829,2,0,0.0,0.0133,0.0,0.1341,0,0.0,0.0171,0.0,0.1572,,,52,58,2026-06-03T16:38:27
batt_fru,5B10W51861,2,0,0.0,0.0133,0.0,0.1341,0,0.0,0.0171,0.0,0.1572,,,52,58,2026-06-03T16:38:27
batt_fru,5B10W51866,2,0,0.0,0.0133,0.0,0.1341,0,0.0,0.0171,0.0,0.1572,,,52,58,2026-06-03T16:38:27
batt_fru,5B10W51871,2,0,0.0,0.0133,0.0,0.1341,0,0.0,0.0171,0.0,0.1572,,,52,58,2026-06-03T16:38:27
batt_fru,5B10W51872,2,0,0.0,0.0133,0.0,0.1341,0,0.0,0.0171,0.0,0.1572,,,52,58,2026-06-03T16:38:27
batt_fru,5B10W51888,2,0,0.0,0.0133,0.0,0.1341,0,0.0,0.0171,0.0,0.1572,,,52,58,2026-06-03T16:38:27
batt_fru,5B10W51894,2,0,0.0,0.0133,0.0,0.1341,0,0.0,0.0171,0.0,0.1572,,,52,58,2026-06-03T16:38:27
batt_fru,5B10W51897,2,0,0.0,0.0133,0.0,0.1341,0,0.0,0.0171,0.0,0.1572,,,52,58,2026-06-03T16:38:27
batt_fru,5B11B79217,2,0,0.0,0.0133,0.0,0.1341,1,0.5,0.1607,0.0067,0.4867,,,52,2,2026-06-03T16:38:27
batt_fru,5B11F28680,2,0,0.0,0.0133,0.0,0.1341,0,0.0,0.0171,0.0,0.1572,,,52,58,2026-06-03T16:38:27
batt_fru,5B11H56367,2,0,0.0,0.0133,0.0,0.1341,0,0.0,0.0171,0.0,0.1572,,,52,58,2026-06-03T16:38:27
batt_fru,5B11H56368,2,0,0.0,0.0133,0.0,0.1341,1,0.5,0.1607,0.0067,0.4867,,,52,2,2026-06-03T16:38:27
batt_fru,5B11H56373,2,0,0.0,0.0133,0.0,0.1341,0,0.0,0.0171,0.0,0.1572,,,52,58,2026-06-03T16:38:27
batt_fru,5B11H56394,2,0,0.0,0.0133,0.0,0.1341,0,0.0,0.0171,0.0,0.1572,,,52,58,2026-06-03T16:38:27
batt_fru,5B11H56413,2,0,0.0,0.0133,0.0,0.1341,0,0.0,0.0171,0.0,0.1572,,,52,58,2026-06-03T16:38:27
batt_fru,5B11H56415,2,0,0.0,0.0133,0.0,0.1341,0,0.0,0.0171,0.0,0.1572,,,52,58,2026-06-03T16:38:27
batt_fru,5B11H56417,2,0,0.0,0.0133,0.0,0.1341,0,0.0,0.0171,0.0,0.1572,,,52,58,2026-06-03T16:38:27
batt_fru,5B11H56424,2,0,0.0,0.0133,0.0,0.1341,1,0.5,0.1607,0.0067,0.4867,,,52,2,2026-06-03T16:38:27
batt_fru,5B11M90067,2,0,0.0,0.0133,0.0,0.1341,0,0.0,0.0171,0.0,0.1572,,,52,58,2026-06-03T16:38:27
batt_fru,5B11M90119,2,0,0.0,0.0133,0.0,0.1341,0,0.0,0.0171,0.0,0.1572,,,52,58,2026-06-03T16:38:27
batt_fru,5B11M90126,2,0,0.0,0.0133,0.0,0.1341,1,0.5,0.1607,0.0067,0.4867,,,52,2,2026-06-03T16:38:27
batt_fru,5B11M90128,2,0,0.0,0.0133,0.0,0.1341,0,0.0,0.0171,0.0,0.1572,,,52,58,2026-06-03T16:38:27
batt_fru,5B11M90137,2,0,0.0,0.0133,0.0,0.1341,0,0.0,0.0171,0.0,0.1572,,,52,58,2026-06-03T16:38:27
batt_fru,5B11M90138,2,0,0.0,0.0133,0.0,0.1341,0,0.0,0.0171,0.0,0.1572,,,52,58,2026-06-03T16:38:27
batt_fru,5B11M90168,2,0,0.0,0.0133,0.0,0.1341,0,0.0,0.0171,0.0,0.1572,,,52,58,2026-06-03T16:38:27
batt_fru,5B11M90172,2,0,0.0,0.0133,0.0,0.1341,0,0.0,0.0171,0.0,0.1572,,,52,58,2026-06-03T16:38:27
batt_fru,5B11M90178,2,0,0.0,0.0133,0.0,0.1341,0,0.0,0.0171,0.0,0.1572,,,52,58,2026-06-03T16:38:27
batt_fru,LNV-5B10W51877,2,0,0.0,0.0133,0.0,0.1341,0,0.0,0.0171,0.0,0.1572,,,52,58,2026-06-03T16:38:27
batt_fru,LNV-5B11H56336,2,0,0.0,0.0133,0.0,0.1341,0,0.0,0.0171,0.0,0.1572,,,52,58,2026-06-03T16:38:27
batt_fru,LNV-5B11M90102@,2,0,0.0,0.0133,0.0,0.1341,0,0.0,0.0171,0.0,0.1572,,,52,58,2026-06-03T16:38:27
batt_fru,5B10W51876,3,0,0.0,0.0116,0.0,0.1171,0,0.0,0.0149,0.0,0.1376,,,88,90,2026-06-03T16:38:27
batt_fru,5B10W51887,3,0,0.0,0.0116,0.0,0.1171,0,0.0,0.0149,0.0,0.1376,,,88,90,2026-06-03T16:38:27
batt_fru,5B10W51893,3,0,0.0,0.0116,0.0,0.1171,0,0.0,0.0149,0.0,0.1376,,,88,90,2026-06-03T16:38:27
batt_fru,5B10W51898,3,0,0.0,0.0116,0.0,0.1171,1,0.3333,0.1405,0.0057,0.4346,,,88,8,2026-06-03T16:38:27
batt_fru,5B10Z26480,3,0,0.0,0.0116,0.0,0.1171,1,0.3333,0.1405,0.0057,0.4346,,,88,8,2026-06-03T16:38:27
batt_fru,5B11H56405,3,0,0.0,0.0116,0.0,0.1171,0,0.0,0.0149,0.0,0.1376,,,88,90,2026-06-03T16:38:27
batt_fru,5B11H56408,3,0,0.0,0.0116,0.0,0.1171,0,0.0,0.0149,0.0,0.1376,,,88,90,2026-06-03T16:38:27
batt_fru,5B11H56411,3,0,0.0,0.0116,0.0,0.1171,0,0.0,0.0149,0.0,0.1376,,,88,90,2026-06-03T16:38:27
batt_fru,5B11H56425,3,0,0.0,0.0116,0.0,0.1171,0,0.0,0.0149,0.0,0.1376,,,88,90,2026-06-03T16:38:27
batt_fru,5B11K07736,3,0,0.0,0.0116,0.0,0.1171,0,0.0,0.0149,0.0,0.1376,,,88,90,2026-06-03T16:38:27
batt_fru,5B11M90048,3,0,0.0,0.0116,0.0,0.1171,0,0.0,0.0149,0.0,0.1376,,,88,90,2026-06-03T16:38:27
batt_fru,5B11M90107,3,0,0.0,0.0116,0.0,0.1171,0,0.0,0.0149,0.0,0.1376,,,88,90,2026-06-03T16:38:27
batt_fru,5B11M90113,3,0,0.0,0.0116,0.0,0.1171,0,0.0,0.0149,0.0,0.1376,,,88,90,2026-06-03T16:38:27
batt_fru,5B11M90122,3,0,0.0,0.0116,0.0,0.1171,0,0.0,0.0149,0.0,0.1376,,,88,90,2026-06-03T16:38:27
batt_fru,5B11M90179,3,0,0.0,0.0116,0.0,0.1171,0,0.0,0.0149,0.0,0.1376,,,88,90,2026-06-03T16:38:27
batt_fru,5B11H56366,4,0,0.0,0.0103,0.0,0.104,0,0.0,0.0133,0.0,0.1223,,,103,103,2026-06-03T16:38:27
batt_fru,5B11H56374,4,0,0.0,0.0103,0.0,0.104,0,0.0,0.0133,0.0,0.1223,,,103,103,2026-06-03T16:38:27
batt_fru,5B11H56396,4,0,0.0,0.0103,0.0,0.104,0,0.0,0.0133,0.0,0.1223,,,103,103,2026-06-03T16:38:27
batt_fru,5B11H56398,4,0,0.0,0.0103,0.0,0.104,0,0.0,0.0133,0.0,0.1223,,,103,103,2026-06-03T16:38:27
batt_fru,5B11H56416,4,0,0.0,0.0103,0.0,0.104,0,0.0,0.0133,0.0,0.1223,,,103,103,2026-06-03T16:38:27
batt_fru,5B11H56418,4,0,0.0,0.0103,0.0,0.104,0,0.0,0.0133,0.0,0.1223,,,103,103,2026-06-03T16:38:27
batt_fru,5B11M90108,4,0,0.0,0.0103,0.0,0.104,0,0.0,0.0133,0.0,0.1223,,,103,103,2026-06-03T16:38:27
batt_fru,5B11M90112,4,0,0.0,0.0103,0.0,0.104,0,0.0,0.0133,0.0,0.1223,,,103,103,2026-06-03T16:38:27
batt_fru,5B11M90123,4,0,0.0,0.0103,0.0,0.104,0,0.0,0.0133,0.0,0.1223,,,103,103,2026-06-03T16:38:27
batt_fru,5B11M90127,4,0,0.0,0.0103,0.0,0.104,0,0.0,0.0133,0.0,0.1223,,,103,103,2026-06-03T16:38:27
batt_fru,5B11M90142,4,0,0.0,0.0103,0.0,0.104,0,0.0,0.0133,0.0,0.1223,,,103,103,2026-06-03T16:38:27
batt_fru,5B11M90174,4,0,0.0,0.0103,0.0,0.104,0,0.0,0.0133,0.0,0.1223,,,103,103,2026-06-03T16:38:27
batt_fru,5B10W51875,5,0,0.0,0.0093,0.0,0.0935,0,0.0,0.0119,0.0,0.1101,1.0,1.0,115,116,2026-06-03T16:38:27
batt_fru,5B10W51883,5,0,0.0,0.0093,0.0,0.0935,0,0.0,0.0119,0.0,0.1101,1.0,1.0,115,116,2026-06-03T16:38:27
batt_fru,5B11H56397,5,0,0.0,0.0093,0.0,0.0935,0,0.0,0.0119,0.0,0.1101,1.0,1.0,115,116,2026-06-03T16:38:27
batt_fru,5B11H56406,5,0,0.0,0.0093,0.0,0.0935,0,0.0,0.0119,0.0,0.1101,1.0,1.0,115,116,2026-06-03T16:38:27
batt_fru,5B11H56412,5,0,0.0,0.0093,0.0,0.0935,0,0.0,0.0119,0.0,0.1101,1.0,1.0,115,116,2026-06-03T16:38:27
batt_fru,5B11M90106,5,0,0.0,0.0093,0.0,0.0935,0,0.0,0.0119,0.0,0.1101,1.0,1.0,115,116,2026-06-03T16:38:27
batt_fru,5B11M90125,5,0,0.0,0.0093,0.0,0.0935,0,0.0,0.0119,0.0,0.1101,1.0,1.0,115,116,2026-06-03T16:38:27
batt_fru,5B11M90164,5,0,0.0,0.0093,0.0,0.0935,0,0.0,0.0119,0.0,0.1101,1.0,1.0,115,116,2026-06-03T16:38:27
batt_fru,5B11M90171,5,0,0.0,0.0093,0.0,0.0935,0,0.0,0.0119,0.0,0.1101,1.0,1.0,115,116,2026-06-03T16:38:27
batt_fru,5B11H56401,6,0,0.0,0.0084,0.0,0.0849,0,0.0,0.0108,0.0,0.1001,1.0,1.0,124,125,2026-06-03T16:38:27
batt_fru,5B11H56407,6,0,0.0,0.0084,0.0,0.0849,0,0.0,0.0108,0.0,0.1001,1.0,1.0,124,125,2026-06-03T16:38:27
batt_fru,5B11M90169,6,0,0.0,0.0084,0.0,0.0849,0,0.0,0.0108,0.0,0.1001,1.0,1.0,124,125,2026-06-03T16:38:27
batt_fru,L24B4PE2,6,0,0.0,0.0084,0.0,0.0849,0,0.0,0.0108,0.0,0.1001,1.0,1.0,124,125,2026-06-03T16:38:27
batt_fru,LNV-5B11M90101@,6,0,0.0,0.0084,0.0,0.0849,0,0.0,0.0108,0.0,0.1001,1.0,1.0,124,125,2026-06-03T16:38:27
batt_fru,5B11H56402,7,0,0.0,0.0077,0.0,0.0778,0,0.0,0.0099,0.0,0.0917,1.0,1.0,129,130,2026-06-03T16:38:27
batt_fru,5B11K07737,7,0,0.0,0.0077,0.0,0.0778,0,0.0,0.0099,0.0,0.0917,1.0,1.0,129,130,2026-06-03T16:38:27
batt_fru,5B11M90105,7,0,0.0,0.0077,0.0,0.0778,0,0.0,0.0099,0.0,0.0917,1.0,1.0,129,130,2026-06-03T16:38:27
batt_fru,5B11M90121,7,0,0.0,0.0077,0.0,0.0778,0,0.0,0.0099,0.0,0.0917,1.0,1.0,129,130,2026-06-03T16:38:27
batt_fru,LNV-5B11M90101,7,0,0.0,0.0077,0.0,0.0778,0,0.0,0.0099,0.0,0.0917,1.0,1.0,129,130,2026-06-03T16:38:27
batt_fru,5B11M90051,8,0,0.0,0.0071,0.0,0.0717,0,0.0,0.0092,0.0,0.0847,1.0,1.0,134,135,2026-06-03T16:38:27
batt_fru,5B11M90135,8,0,0.0,0.0071,0.0,0.0717,0,0.0,0.0092,0.0,0.0847,1.0,1.0,134,135,2026-06-03T16:38:27
batt_fru,5B11M90167,8,0,0.0,0.0071,0.0,0.0717,0,0.0,0.0092,0.0,0.0847,1.0,1.0,134,135,2026-06-03T16:38:27
batt_fru,LNV-5B11M90102,8,0,0.0,0.0071,0.0,0.0717,0,0.0,0.0092,0.0,0.0847,1.0,1.0,134,135,2026-06-03T16:38:27
batt_fru,5B11H56385,10,0,0.0,0.0062,0.0,0.0621,0,0.0,0.0079,0.0,0.0734,1.0,1.0,138,139,2026-06-03T16:38:27
batt_fru,5B11M37552,10,0,0.0,0.0062,0.0,0.0621,0,0.0,0.0079,0.0,0.0734,1.0,1.0,138,139,2026-06-03T16:38:27
batt_fru,5B11M90056,10,0,0.0,0.0062,0.0,0.0621,2,0.2,0.1416,0.0207,0.3507,1.0,1.0,138,7,2026-06-03T16:38:27
batt_fru,5B11M90129,10,0,0.0,0.0062,0.0,0.0621,0,0.0,0.0079,0.0,0.0734,1.0,1.0,138,139,2026-06-03T16:38:27
batt_fru,5B11M90163,12,0,0.0,0.0054,0.0,0.0547,0,0.0,0.007,0.0,0.0647,1.0,1.0,142,142,2026-06-03T16:38:27
batt_fru,5B11M90161,13,0,0.0,0.0051,0.0,0.0517,0,0.0,0.0066,0.0,0.0611,1.0,1.0,143,143,2026-06-03T16:38:27
batt_fru,LNV-5B11H56404,14,0,0.0,0.0049,0.0,0.0489,0,0.0,0.0063,0.0,0.0579,1.0,1.0,144,144,2026-06-03T16:38:27
batt_fru,5B11H56386,14,0,0.0,0.0049,0.0,0.0489,0,0.0,0.0063,0.0,0.0579,1.0,1.0,144,144,2026-06-03T16:38:27
batt_fru,5B11M90099,14,0,0.0,0.0049,0.0,0.0489,0,0.0,0.0063,0.0,0.0579,1.0,1.0,144,144,2026-06-03T16:38:27
batt_fru,5B11M90160,15,0,0.0,0.0046,0.0,0.0465,0,0.0,0.006,0.0,0.055,1.0,1.0,147,147,2026-06-03T16:38:27
batt_fru,5B10W13974,19,0,0.0,0.0038,0.0,0.0387,1,0.0526,0.0467,0.0017,0.1578,1.0,1.0,148,12,2026-06-03T16:38:27
batt_fru,5B11H56384,19,0,0.0,0.0038,0.0,0.0387,0,0.0,0.005,0.0,0.0458,1.0,1.0,148,148,2026-06-03T16:38:27
batt_fru,5B11M90098,19,0,0.0,0.0038,0.0,0.0387,0,0.0,0.005,0.0,0.0458,1.0,1.0,148,148,2026-06-03T16:38:27
batt_fru,5B11M90162,20,0,0.0,0.0037,0.0,0.0371,0,0.0,0.0048,0.0,0.044,1.0,1.0,151,150,2026-06-03T16:38:27
batt_fru,LNV-5B11H56403,22,0,0.0,0.0034,0.0,0.0344,0,0.0,0.0044,0.0,0.0407,1.0,1.0,152,151,2026-06-03T16:38:27
batt_fru,5B11H56383,23,0,0.0,0.0033,0.0,0.0331,0,0.0,0.0042,0.0,0.0393,1.0,1.0,153,153,2026-06-03T16:38:27
batt_fru,5B11M37553,23,0,0.0,0.0033,0.0,0.0331,0,0.0,0.0042,0.0,0.0393,1.0,1.0,153,153,2026-06-03T16:38:27
batt_fru,5B11M90097,23,0,0.0,0.0033,0.0,0.0331,0,0.0,0.0042,0.0,0.0393,1.0,1.0,153,153,2026-06-03T16:38:27
batt_fru,5B11M90100,25,0,0.0,0.0031,0.0,0.0309,0,0.0,0.004,0.0,0.0366,1.0,1.0,156,156,2026-06-03T16:38:27
batt_vendor,LG,18,3,0.1667,0.0821,0.0204,0.1807,1,0.0556,0.0323,0.0046,0.0852,0.00356,0.02572,1,2,2026-06-03T16:38:27
batt_vendor,(none),22,3,0.1364,0.0749,0.0186,0.1657,0,0.0,0.0166,0.0007,0.0561,0.00643,0.02572,2,5,2026-06-03T16:38:27
batt_vendor,Sunwoda,203,6,0.0296,0.0284,0.011,0.0536,4,0.0197,0.0205,0.0069,0.0412,0.14796,0.39455,3,4,2026-06-03T16:38:27
batt_vendor,SMP,226,2,0.0088,0.0098,0.0016,0.0252,8,0.0354,0.0333,0.0156,0.0574,0.95437,1.0,4,1,2026-06-03T16:38:27
batt_vendor,ATL,28,0,0.0,0.0086,0.0,0.045,0,0.0,0.0153,0.0007,0.0518,1.0,1.0,5,7,2026-06-03T16:38:27
batt_vendor,COSMX,40,0,0.0,0.007,0.0,0.0367,0,0.0,0.0133,0.0006,0.045,1.0,1.0,6,8,2026-06-03T16:38:27
batt_vendor,BYD,85,0,0.0,0.0041,0.0,0.0216,1,0.0118,0.0163,0.0023,0.0433,1.0,1.0,7,6,2026-06-03T16:38:27
batt_vendor,Celxpert,130,0,0.0,0.0029,0.0,0.0153,4,0.0308,0.0289,0.0098,0.0578,1.0,1.0,8,3,2026-06-03T16:38:27
device_model,ThinkPad T16 Gen 1,1,1,1.0,0.1458,0.0061,0.4477,0,0.0,0.0197,0.0,0.1857,,,1,13,2026-06-03T16:38:27
device_model,ThinkPad T14 Gen 4,8,2,0.25,0.1444,0.0213,0.3566,0,0.0,0.0088,0.0,0.0834,0.00846,0.29426,2,82,2026-06-03T16:38:27
device_model,ThinkPad X1 Carbon Gen 11,10,2,0.2,0.1271,0.0185,0.3179,2,0.2,0.1439,0.021,0.3561,0.01331,0.29426,3,5,2026-06-03T16:38:27
device_model,ThinkPad L13 2-in-1 Gen 5,4,1,0.25,0.105,0.0042,0.3357,1,0.25,0.1281,0.0051,0.4021,,,4,6,2026-06-03T16:38:27
device_model,ThinkPad T14s Gen 2a,4,1,0.25,0.105,0.0042,0.3357,0,0.0,0.0129,0.0,0.1218,,,4,48,2026-06-03T16:38:27
device_model,ThinkPad X1 Carbon Gen 9,16,2,0.125,0.0935,0.0133,0.2395,0,0.0,0.0054,0.0,0.0511,0.03329,0.43281,6,95,2026-06-03T16:38:27
device_model,ThinkPad X1 Carbon Gen 10,31,3,0.0968,0.0829,0.0187,0.1881,6,0.1935,0.1713,0.0683,0.309,0.01698,0.29426,7,3,2026-06-03T16:38:27
device_model,ThinkPad X1 Yoga Gen 6,8,1,0.125,0.0764,0.003,0.2511,0,0.0,0.0088,0.0,0.0834,0.1402,1.0,8,82,2026-06-03T16:38:27
device_model,ThinkPad X1 Yoga Gen 7,15,1,0.0667,0.0518,0.002,0.174,1,0.0667,0.0565,0.0021,0.1898,0.24766,1.0,9,12,2026-06-03T16:38:27
device_model,ThinkPad Aladdin,1,0,0.0,0.0162,0.0,0.1465,0,0.0,0.0197,0.0,0.1857,,,10,13,2026-06-03T16:38:27
device_model,ThinkPad E14 Gen 6,1,0,0.0,0.0162,0.0,0.1465,1,1.0,0.1957,0.0083,0.572,,,10,1,2026-06-03T16:38:27
device_model,ThinkPad E490,1,0,0.0,0.0162,0.0,0.1465,0,0.0,0.0197,0.0,0.1857,,,10,13,2026-06-03T16:38:27
device_model,ThinkPad L13 Yoga Gen 4,1,0,0.0,0.0162,0.0,0.1465,0,0.0,0.0197,0.0,0.1857,,,10,13,2026-06-03T16:38:27
device_model,ThinkPad P1 Gen 5,1,0,0.0,0.0162,0.0,0.1465,0,0.0,0.0197,0.0,0.1857,,,10,13,2026-06-03T16:38:27
device_model,ThinkPad P15v Gen 2i,1,0,0.0,0.0162,0.0,0.1465,0,0.0,0.0197,0.0,0.1857,,,10,13,2026-06-03T16:38:27
device_model,ThinkPad P16v Gen 2,1,0,0.0,0.0162,0.0,0.1465,0,0.0,0.0197,0.0,0.1857,,,10,13,2026-06-03T16:38:27
device_model,ThinkPad P51 W10DG,1,0,0.0,0.0162,0.0,0.1465,0,0.0,0.0197,0.0,0.1857,,,10,13,2026-06-03T16:38:27
device_model,ThinkPad P52,1,0,0.0,0.0162,0.0,0.1465,0,0.0,0.0197,0.0,0.1857,,,10,13,2026-06-03T16:38:27
device_model,ThinkPad R14 Gen 5,1,0,0.0,0.0162,0.0,0.1465,0,0.0,0.0197,0.0,0.1857,,,10,13,2026-06-03T16:38:27
device_model,ThinkPad T14p Gen 3,1,0,0.0,0.0162,0.0,0.1465,0,0.0,0.0197,0.0,0.1857,,,10,13,2026-06-03T16:38:27
device_model,ThinkPad T16g Gen 3,1,0,0.0,0.0162,0.0,0.1465,0,0.0,0.0197,0.0,0.1857,,,10,13,2026-06-03T16:38:27
device_model,ThinkPad X1 Carbon Gen 8,1,0,0.0,0.0162,0.0,0.1465,0,0.0,0.0197,0.0,0.1857,,,10,13,2026-06-03T16:38:27
device_model,ThinkPad X1 Extreme Gen 3,1,0,0.0,0.0162,0.0,0.1465,0,0.0,0.0197,0.0,0.1857,,,10,13,2026-06-03T16:38:27
device_model,ThinkPad X1 Extreme Gen 4i,1,0,0.0,0.0162,0.0,0.1465,1,1.0,0.1957,0.0083,0.572,,,10,1,2026-06-03T16:38:27
device_model,ThinkPad X1 Nano Gen 1,1,0,0.0,0.0162,0.0,0.1465,0,0.0,0.0197,0.0,0.1857,,,10,13,2026-06-03T16:38:27
device_model,ThinkPad X1 Yoga 3rd,1,0,0.0,0.0162,0.0,0.1465,0,0.0,0.0197,0.0,0.1857,,,10,13,2026-06-03T16:38:27
device_model,ThinkPad X1 Yoga 4th,1,0,0.0,0.0162,0.0,0.1465,0,0.0,0.0197,0.0,0.1857,,,10,13,2026-06-03T16:38:27
device_model,ThinkPad X1 Yoga Gen 5,1,0,0.0,0.0162,0.0,0.1465,0,0.0,0.0197,0.0,0.1857,,,10,13,2026-06-03T16:38:27
device_model,ThinkPad X13 Gen 2i,1,0,0.0,0.0162,0.0,0.1465,0,0.0,0.0197,0.0,0.1857,,,10,13,2026-06-03T16:38:27
device_model,ThinkPad X13 Gen 3,1,0,0.0,0.0162,0.0,0.1465,0,0.0,0.0197,0.0,0.1857,,,10,13,2026-06-03T16:38:27
device_model,ThinkPad X13 Yoga Gen 3,1,0,0.0,0.0162,0.0,0.1465,0,0.0,0.0197,0.0,0.1857,,,10,13,2026-06-03T16:38:27
device_model,ThinkPad X13 Yoga Gen 4,1,0,0.0,0.0162,0.0,0.1465,0,0.0,0.0197,0.0,0.1857,,,10,13,2026-06-03T16:38:27
device_model,ThinkPad Z16 Gen 1,1,0,0.0,0.0162,0.0,0.1465,0,0.0,0.0197,0.0,0.1857,,,10,13,2026-06-03T16:38:27
device_model,ThinkPad L13 Gen 4,2,0,0.0,0.0143,0.0,0.1298,0,0.0,0.0168,0.0,0.1581,,,34,36,2026-06-03T16:38:27
device_model,ThinkPad P16s Gen 4,2,0,0.0,0.0143,0.0,0.1298,0,0.0,0.0168,0.0,0.1581,,,34,36,2026-06-03T16:38:27
device_model,ThinkPad T14 Gen 2a,2,0,0.0,0.0143,0.0,0.1298,0,0.0,0.0168,0.0,0.1581,,,34,36,2026-06-03T16:38:27
device_model,ThinkPad T480s,2,0,0.0,0.0143,0.0,0.1298,0,0.0,0.0168,0.0,0.1581,,,34,36,2026-06-03T16:38:27
device_model,ThinkPad T490,2,0,0.0,0.0143,0.0,0.1298,0,0.0,0.0168,0.0,0.1581,,,34,36,2026-06-03T16:38:27
device_model,ThinkPad X1 Nano Gen 2,2,0,0.0,0.0143,0.0,0.1298,0,0.0,0.0168,0.0,0.1581,,,34,36,2026-06-03T16:38:27
device_model,ThinkPad X1 Nano Gen 3,2,0,0.0,0.0143,0.0,0.1298,0,0.0,0.0168,0.0,0.1581,,,34,36,2026-06-03T16:38:27
device_model,ThinkPad X13 Detachable Gen 1,2,0,0.0,0.0143,0.0,0.1298,0,0.0,0.0168,0.0,0.1581,,,34,36,2026-06-03T16:38:27
device_model,ThinkPad X280,2,0,0.0,0.0143,0.0,0.1298,0,0.0,0.0168,0.0,0.1581,,,34,36,2026-06-03T16:38:27
device_model,ThinkPad L13 Gen 5,3,0,0.0,0.0129,0.0,0.1165,1,0.3333,0.1448,0.0058,0.4469,,,43,4,2026-06-03T16:38:27
device_model,ThinkPad P14s Gen 5 AMD,3,0,0.0,0.0129,0.0,0.1165,0,0.0,0.0146,0.0,0.1376,,,43,45,2026-06-03T16:38:27
device_model,ThinkPad P14s Gen 7,3,0,0.0,0.0129,0.0,0.1165,0,0.0,0.0146,0.0,0.1376,,,43,45,2026-06-03T16:38:27
device_model,ThinkPad X13s Gen 1,3,0,0.0,0.0129,0.0,0.1165,0,0.0,0.0146,0.0,0.1376,,,43,45,2026-06-03T16:38:27
device_model,ThinkPad,4,0,0.0,0.0117,0.0,0.1057,0,0.0,0.0129,0.0,0.1218,,,47,48,2026-06-03T16:38:27
device_model,ThinkPad L13 2-in-1 Gen 6,4,0,0.0,0.0117,0.0,0.1057,0,0.0,0.0129,0.0,0.1218,,,47,48,2026-06-03T16:38:27
device_model,ThinkPad L14 Gen 6,4,0,0.0,0.0117,0.0,0.1057,0,0.0,0.0129,0.0,0.1218,,,47,48,2026-06-03T16:38:27
device_model,ThinkPad P16s Gen 3,4,0,0.0,0.0117,0.0,0.1057,0,0.0,0.0129,0.0,0.1218,,,47,48,2026-06-03T16:38:27
device_model,ThinkPad P16s Gen 5,4,0,0.0,0.0117,0.0,0.1057,0,0.0,0.0129,0.0,0.1218,,,47,48,2026-06-03T16:38:27
device_model,ThinkPad P16v Gen 3,4,0,0.0,0.0117,0.0,0.1057,0,0.0,0.0129,0.0,0.1218,,,47,48,2026-06-03T16:38:27
device_model,ThinkPad T14 Gen 3,4,0,0.0,0.0117,0.0,0.1057,0,0.0,0.0129,0.0,0.1218,,,47,48,2026-06-03T16:38:27
device_model,ThinkPad T14p Gen 2,4,0,0.0,0.0117,0.0,0.1057,0,0.0,0.0129,0.0,0.1218,,,47,48,2026-06-03T16:38:27
device_model,ThinkPad T14s Gen 7,4,0,0.0,0.0117,0.0,0.1057,0,0.0,0.0129,0.0,0.1218,,,47,48,2026-06-03T16:38:27
device_model,ThinkPad X13 Gen 7,4,0,0.0,0.0117,0.0,0.1057,0,0.0,0.0129,0.0,0.1218,,,47,48,2026-06-03T16:38:27
device_model,ThinkPad Z16 Gen 2,4,0,0.0,0.0117,0.0,0.1057,0,0.0,0.0129,0.0,0.1218,,,47,48,2026-06-03T16:38:27
device_model,ThinkPad L16 Gen 2,5,0,0.0,0.0107,0.0,0.0967,0,0.0,0.0116,0.0,0.1092,1.0,1.0,58,60,2026-06-03T16:38:27
device_model,ThinkPad P1 Gen 9,5,0,0.0,0.0107,0.0,0.0967,0,0.0,0.0116,0.0,0.1092,1.0,1.0,58,60,2026-06-03T16:38:27
device_model,ThinkPad P14s Gen 5,5,0,0.0,0.0107,0.0,0.0967,0,0.0,0.0116,0.0,0.1092,1.0,1.0,58,60,2026-06-03T16:38:27
device_model,ThinkPad P16 Gen 2,5,0,0.0,0.0107,0.0,0.0967,0,0.0,0.0116,0.0,0.1092,1.0,1.0,58,60,2026-06-03T16:38:27
device_model,ThinkPad T14 Gen 2i,5,0,0.0,0.0107,0.0,0.0967,0,0.0,0.0116,0.0,0.1092,1.0,1.0,58,60,2026-06-03T16:38:27
device_model,ThinkPad T14s 2-in-1 Gen 2,5,0,0.0,0.0107,0.0,0.0967,0,0.0,0.0116,0.0,0.1092,1.0,1.0,58,60,2026-06-03T16:38:27
device_model,ThinkPad T14s Gen 4,5,0,0.0,0.0107,0.0,0.0967,0,0.0,0.0116,0.0,0.1092,1.0,1.0,58,60,2026-06-03T16:38:27
device_model,ThinkPad T16 Gen 2,5,0,0.0,0.0107,0.0,0.0967,0,0.0,0.0116,0.0,0.1092,1.0,1.0,58,60,2026-06-03T16:38:27
device_model,ThinkPad X1 Fold 16 Gen 1,5,0,0.0,0.0107,0.0,0.0967,1,0.2,0.1149,0.0045,0.3654,1.0,1.0,58,7,2026-06-03T16:38:27
device_model,ThinkPad X13 Gen 5,5,0,0.0,0.0107,0.0,0.0967,0,0.0,0.0116,0.0,0.1092,1.0,1.0,58,60,2026-06-03T16:38:27
device_model,ThinkPad X9-15 Gen 1,5,0,0.0,0.0107,0.0,0.0967,0,0.0,0.0116,0.0,0.1092,1.0,1.0,58,60,2026-06-03T16:38:27
device_model,ThinkPad P14s Gen 6,6,0,0.0,0.0098,0.0,0.0891,0,0.0,0.0105,0.0,0.099,1.0,1.0,69,70,2026-06-03T16:38:27
device_model,ThinkPad P16v Gen 1,6,0,0.0,0.0098,0.0,0.0891,0,0.0,0.0105,0.0,0.099,1.0,1.0,69,70,2026-06-03T16:38:27
device_model,ThinkPad T14 Gen 1,6,0,0.0,0.0098,0.0,0.0891,0,0.0,0.0105,0.0,0.099,1.0,1.0,69,70,2026-06-03T16:38:27
device_model,ThinkPad T14s 2-in-1 Gen 1,6,0,0.0,0.0098,0.0,0.0891,0,0.0,0.0105,0.0,0.099,1.0,1.0,69,70,2026-06-03T16:38:27
device_model,ThinkPad T1g Gen 8,6,0,0.0,0.0098,0.0,0.0891,0,0.0,0.0105,0.0,0.099,1.0,1.0,69,70,2026-06-03T16:38:27
device_model,ThinkPad X12 Detachable Gen 2,6,0,0.0,0.0098,0.0,0.0891,1,0.1667,0.1041,0.004,0.3346,1.0,1.0,69,8,2026-06-03T16:38:27
device_model,ThinkPad Z13 Gen 2,6,0,0.0,0.0098,0.0,0.0891,0,0.0,0.0105,0.0,0.099,1.0,1.0,69,70,2026-06-03T16:38:27
device_model,ThinkPad P14s Gen 7 AMD,7,0,0.0,0.0091,0.0,0.0826,0,0.0,0.0096,0.0,0.0905,1.0,1.0,76,76,2026-06-03T16:38:27
device_model,ThinkPad P16 Gen 3,7,0,0.0,0.0091,0.0,0.0826,0,0.0,0.0096,0.0,0.0905,1.0,1.0,76,76,2026-06-03T16:38:27
device_model,ThinkPad T14s Gen 5,7,0,0.0,0.0091,0.0,0.0826,0,0.0,0.0096,0.0,0.0905,1.0,1.0,76,76,2026-06-03T16:38:27
device_model,ThinkPad T14s Gen 6 Qualcomm,7,0,0.0,0.0091,0.0,0.0826,0,0.0,0.0096,0.0,0.0905,1.0,1.0,76,76,2026-06-03T16:38:27
device_model,ThinkPad X13 2-in-1 Gen 5,7,0,0.0,0.0091,0.0,0.0826,0,0.0,0.0096,0.0,0.0905,1.0,1.0,76,76,2026-06-03T16:38:27
device_model,ThinkPad X13 Gen 4,7,0,0.0,0.0091,0.0,0.0826,1,0.1429,0.0952,0.0036,0.3086,1.0,1.0,76,9,2026-06-03T16:38:27
device_model,ThinkPad X13 Gen 6,7,0,0.0,0.0091,0.0,0.0826,0,0.0,0.0096,0.0,0.0905,1.0,1.0,76,76,2026-06-03T16:38:27
device_model,ThinkPad L13 Gen 6,8,0,0.0,0.0085,0.0,0.077,0,0.0,0.0088,0.0,0.0834,1.0,1.0,83,82,2026-06-03T16:38:27
device_model,ThinkPad L14 Gen 5,8,0,0.0,0.0085,0.0,0.077,0,0.0,0.0088,0.0,0.0834,1.0,1.0,83,82,2026-06-03T16:38:27
device_model,ThinkPad L16 Gen 1,8,0,0.0,0.0085,0.0,0.077,0,0.0,0.0088,0.0,0.0834,1.0,1.0,83,82,2026-06-03T16:38:27
device_model,ThinkPad T14s Gen 3,9,0,0.0,0.008,0.0,0.0721,0,0.0,0.0082,0.0,0.0773,1.0,1.0,86,87,2026-06-03T16:38:27
device_model,ThinkPad T16 Gen 4,9,0,0.0,0.008,0.0,0.0721,0,0.0,0.0082,0.0,0.0773,1.0,1.0,86,87,2026-06-03T16:38:27
device_model,ThinkPad P1 Gen 6,10,0,0.0,0.0075,0.0,0.0678,0,0.0,0.0076,0.0,0.072,1.0,1.0,88,89,2026-06-03T16:38:27
device_model,ThinkPad T14 Gen 5,10,0,0.0,0.0075,0.0,0.0678,0,0.0,0.0076,0.0,0.072,1.0,1.0,88,89,2026-06-03T16:38:27
device_model,ThinkPad T16 Gen 5,10,0,0.0,0.0075,0.0,0.0678,0,0.0,0.0076,0.0,0.072,1.0,1.0,88,89,2026-06-03T16:38:27
device_model,ThinkPad T14 Gen 7,12,0,0.0,0.0067,0.0,0.0606,0,0.0,0.0067,0.0,0.0634,1.0,1.0,91,92,2026-06-03T16:38:27
device_model,ThinkPad P1 Gen 7,13,0,0.0,0.0063,0.0,0.0575,0,0.0,0.0063,0.0,0.0598,1.0,1.0,92,93,2026-06-03T16:38:27
device_model,ThinkPad T14 Gen 6,13,0,0.0,0.0063,0.0,0.0575,1,0.0769,0.0629,0.0023,0.2101,1.0,1.0,92,10,2026-06-03T16:38:27
device_model,ThinkPad X1 Yoga Gen 8,13,0,0.0,0.0063,0.0,0.0575,1,0.0769,0.0629,0.0023,0.2101,1.0,1.0,92,10,2026-06-03T16:38:27
device_model,ThinkPad P1 Gen 8,14,0,0.0,0.006,0.0,0.0547,0,0.0,0.006,0.0,0.0566,1.0,1.0,95,94,2026-06-03T16:38:27
device_model,ThinkPad X1 2-in-1 Gen 9,22,0,0.0,0.0044,0.0,0.0395,0,0.0,0.0042,0.0,0.0396,1.0,1.0,96,96,2026-06-03T16:38:27
device_model,ThinkPad X9-14 Gen 1,23,0,0.0,0.0042,0.0,0.0382,0,0.0,0.004,0.0,0.0382,1.0,1.0,97,97,2026-06-03T16:38:27
device_model,ThinkPad X1 2-in-1 Gen 11,24,0,0.0,0.0041,0.0,0.0369,0,0.0,0.0039,0.0,0.0369,1.0,1.0,98,98,2026-06-03T16:38:27
device_model,ThinkPad X1 2-in-1 Gen 10,25,0,0.0,0.0039,0.0,0.0358,0,0.0,0.0038,0.0,0.0356,1.0,1.0,99,99,2026-06-03T16:38:27
device_model,ThinkPad X1 Carbon Gen 14,26,0,0.0,0.0038,0.0,0.0347,0,0.0,0.0037,0.0,0.0344,1.0,1.0,100,100,2026-06-03T16:38:27
device_model,ThinkPad X1 Carbon Gen 12,43,0,0.0,0.0025,0.0,0.0228,0,0.0,0.0024,0.0,0.0222,1.0,1.0,101,101,2026-06-03T16:38:27
device_model,ThinkPad T14s Gen 6,54,0,0.0,0.0021,0.0,0.0187,0,0.0,0.0019,0.0,0.018,1.0,1.0,102,102,2026-06-03T16:38:27
device_model,ThinkPad X1 Carbon Gen 13,57,0,0.0,0.002,0.0,0.0178,0,0.0,0.0018,0.0,0.0171,1.0,1.0,103,103,2026-06-03T16:38:27
