user_id,soh_last_change_ts,last_ts,soh_flat_tail_days,fcc_distinct,stale_days,soh_update_status
NORITY-X1YOGA_nority,2023-02-07 01:57:03,2026-05-20 08:49:05,1198.3,1,12.6,very_stale
E28386-PF3X7BXZ_e28386,2023-02-08 10:07:25,2025-10-29 22:15:42,994.5,1,215.1,very_stale
KSHIBATAX3Y83N9_KSHIBATA,2023-02-03 18:14:24,2025-10-01 16:24:11,970.9,1,243.3,very_stale
NORITY-PF3C8AE9_nority,2023-06-21 17:20:04,2025-10-14 12:17:06,845.8,2,230.5,very_stale
HIKAWAXPF3Z84A1_hikawa,2024-03-13 19:55:45,2026-05-22 13:20:21,799.7,9,10.4,very_stale
MNAKABAYASH-XPZ_mnakabayashi1,2024-03-21 13:33:25,2026-05-27 14:45:46,797.1,7,5.4,very_stale
ROROSAS-F4HH26Y_rorosas,2023-08-17 11:40:35,2025-09-04 21:27:08,749.4,1,270.1,very_stale
LAPTOP-SJCL3CJL_scollins1,2023-05-12 13:28:22,2025-05-22 13:00:02,741.0,2,375.5,very_stale
IMANARANG1-3A19_imanarang1,2023-09-15 15:07:24,2025-09-01 08:35:29,716.7,3,273.6,very_stale
JP2-E3-05_e3,2023-03-15 18:48:39,2025-02-21 13:55:08,708.8,1,465.4,very_stale
LIUHY24-X1C8_Miss_Ling,2023-09-06 11:27:35,2025-07-23 16:43:11,686.2,2,313.3,very_stale
JURAKAWA-3319AM_jurakawa,2024-05-13 11:12:38,2026-03-19 19:23:28,675.3,10,74.2,very_stale
MARUICHIT-CRC21_MARUICHIT,2024-09-09 22:56:17,2026-05-20 09:48:24,617.5,3,12.6,very_stale
IMIHO-PF2SCRY9_imiho,2023-02-13 09:15:58,2024-10-09 15:46:21,604.3,1,600.3,very_stale
MHAGI-PF3YCK6H_mhagi,2023-06-03 23:03:56,2025-01-13 11:18:36,589.5,4,504.5,very_stale
TAJISAKA-49SXPJ_tajisaka,2024-06-20 12:10:24,2026-01-15 09:01:57,573.9,6,137.6,very_stale
LAPTOP-CPPVM862_LL,2023-03-14 21:03:24,2024-09-18 09:20:24,553.5,2,621.6,very_stale
YTAGAMI-F3TQANR_ytagami,2024-01-12 10:58:11,2025-07-16 12:48:30,551.1,3,320.5,very_stale
CHIKARA7-3PAB5T_chikara7,2023-02-06 10:28:56,2024-07-29 16:38:14,539.3,1,672.3,very_stale
BRYAN_X1,2024-04-17 09:04:09,2025-10-08 13:59:45,539.2,14,236.4,very_stale
ATOKYO-PF3TQD0N_atokyo,2023-02-06 09:32:53,2024-07-16 10:49:35,526.1,1,685.5,very_stale
LXIAO1-PF3T9L7M_lxiao1,2024-03-01 09:49:55,2025-08-08 13:57:50,525.2,6,297.4,very_stale
YSUZUKI11-9S4B8_ysuzuki11,2023-02-13 13:05:46,2024-06-26 07:42:42,498.8,2,705.7,very_stale
MNISHIO1-2DR71T_mnishio1,2024-06-13 22:08:59,2025-10-24 14:06:46,497.7,4,220.4,very_stale
IYOSHIMITSU-VKS_iyoshimitsu,2024-09-14 19:28:19,2026-01-23 15:36:28,495.8,3,129.3,very_stale
JL24078-F3YZT26_jl24078,2023-02-08 10:48:23,2024-05-10 14:37:16,457.2,1,752.4,very_stale
X1YADL_KMK,2023-05-04 16:09:49,2024-06-10 15:04:43,403.0,3,721.4,very_stale
KMORIGUCHI-SY92_kmoriguchi,2025-04-24 17:41:37,2026-05-27 13:52:29,397.8,2,5.4,very_stale
BFALEIRO-0A1NXZ_bfaleiro,2025-01-29 19:15:30,2026-02-06 10:54:39,372.7,208,115.5,very_stale
KURADA-4_kurada,2024-06-21 18:03:54,2025-06-23 08:36:41,366.6,6,343.6,very_stale
AH-PF2PXA6R_ah,2025-03-11 17:00:03,2026-02-11 15:22:54,336.9,2,110.4,very_stale
CARBON9TH_Dexter,2023-07-10 16:06:29,2024-06-07 09:10:29,332.7,5,724.6,very_stale
TNAKAMURA8-CRZW_tnakamura8,2024-07-19 01:22:36,2025-06-12 11:45:15,328.4,12,354.5,very_stale
TMOCHIZUKI-FHMH_tmochizuki,2023-05-12 12:20:34,2024-03-19 18:39:05,312.3,1,804.2,very_stale
PANTHER3_SVT,2023-03-23 13:04:35,2024-01-18 13:13:46,301.0,1,865.4,very_stale
LAPTOP-STAV4QJC_PQM,2023-03-05 21:06:10,2023-12-28 08:46:33,297.5,1,886.6,very_stale
TM1SIT1XPF4LA6X_EEP,2024-10-21 16:54:07,2025-08-04 12:26:35,286.8,14,301.5,very_stale
L13_jboxer,2024-10-08 13:14:56,2025-07-09 09:57:18,273.9,72,327.6,very_stale
BOB_Libra2.1-ELP2-SVT34,2024-10-10 14:04:05,2025-07-03 09:34:30,265.8,9,333.6,very_stale
AIII1-PF55Q7L6_aiii1,2025-04-09 15:19:19,2025-12-08 11:38:03,242.8,1,175.5,very_stale
DESKTOP-F4I6BLL_jl240,2023-05-22 22:48:39,2024-01-19 11:53:24,241.5,2,864.5,very_stale
LWANG5-PW0A203M_lwang5,2025-10-06 07:27:46,2026-05-29 21:19:14,235.6,4,3.1,very_stale
JESTROFF-4G0AHW_jestroff,2023-12-08 10:18:32,2024-07-23 14:08:42,228.2,3,678.4,very_stale
X9ALADDIN-NAITO_arima,2025-01-31 13:21:20,2025-09-08 16:58:47,220.2,1,266.3,very_stale
KTAKEDA5-3ZPVTQ_ktakeda5,2023-08-21 14:12:15,2024-03-25 14:39:45,217.0,8,798.4,very_stale
AMANDELBLOO-VBQ_amandelbloom,2024-04-26 12:23:59,2024-11-27 10:16:47,214.9,26,551.6,very_stale
JANUMOLU-0A203W_janumolu,2024-04-03 11:55:36,2024-11-02 21:43:59,213.4,2,576.1,very_stale
HSUMIXPF3T9QH8_hsumi,2024-07-06 10:51:08,2025-01-31 10:46:57,209.0,12,486.6,very_stale
JG3-SIT-OS_Maru1tom,2023-10-18 18:49:18,2024-05-14 13:32:14,208.8,1,748.4,very_stale
JYANGO-PF462GGQ_jyango,2023-04-03 03:25:05,2023-10-24 16:00:55,204.5,5,951.3,very_stale
EB16034-F4414Y8_eb16034,2023-04-10 10:36:36,2023-10-30 11:16:18,203.0,1,945.5,very_stale
KHORINOUCHI-42K_khorinouchi,2023-10-12 17:25:07,2024-04-25 15:11:07,195.9,1,767.4,very_stale
TK-THAMES2_takay,2025-06-27 09:12:46,2026-01-06 13:03:35,193.2,2,146.5,very_stale
AGEORGE3-4SA7W2_ageorge3,2024-04-21 23:20:38,2024-10-24 09:00:42,185.4,2,585.6,very_stale
ANIETO1-F5GNTSH_anieto1,2025-09-16 11:33:44,2026-03-17 07:57:38,181.8,17,76.7,very_stale
TP-X1C-G11_emmet,2023-04-26 09:53:07,2023-10-19 22:02:22,176.5,2,956.1,stale
JFISHEL-F56FAH2_jfishel,2024-11-13 15:02:38,2025-05-07 09:47:36,174.8,1,390.6,stale
PF3KG4XY_TP-Telemetry,2024-07-24 13:25:19,2025-01-14 09:38:20,173.8,1,503.6,stale
LIUHY24-X1EGEN4_liuhy24,2024-11-11 10:32:40,2025-04-28 09:30:34,168.0,4,399.6,stale
PHAYES-PF4H9L6S_PHAYES,2023-08-28 23:02:03,2024-02-08 14:13:41,163.6,2,844.4,stale
CTURNER_cturner,2023-10-31 11:11:41,2024-04-10 07:18:22,161.8,11,782.7,stale
LAPTOP-TH5V7J86_CQE_Test,2023-05-19 09:42:35,2023-10-23 09:32:19,157.0,1,952.6,stale
BMIAO-PF4CFQ04_bmiao,2023-06-09 13:45:11,2023-11-13 09:27:06,156.8,1,931.6,stale
DESKTOP-MMH8JIS_chee1,2023-10-24 18:15:19,2024-03-29 11:33:42,156.7,1,794.5,stale
TBERDAR-F4G0ASQ_tberdar,2023-08-30 12:58:18,2024-02-01 15:28:12,155.1,2,851.4,stale
CARLLAPTOP_CarlWu,2024-02-23 19:13:27,2024-07-15 15:09:37,142.8,5,686.4,stale
PF3MC0GA_TP-Telemetry,2024-07-26 12:28:36,2024-12-13 19:05:55,140.3,1,535.2,stale
MATT-T16G1_lietzke,2023-10-16 13:44:37,2024-03-04 12:02:08,139.9,3,819.5,stale
TKOIKE-PF43BEK1_tkoide,2026-01-06 16:31:11,2026-05-25 17:00:29,139.0,19,7.3,stale
DRUBRIGHT-NXE61_drubright,2025-07-23 09:55:27,2025-12-08 15:46:31,138.2,80,175.3,stale
KMAKI-PF45ET63_kmaki,2024-04-04 18:48:20,2024-08-14 23:50:27,132.2,1,656.0,stale
ANDY_zuyin,2023-12-28 16:41:29,2024-05-08 19:12:32,132.1,1,754.2,stale
PR2-SVT-M1_MARUICHIT,2023-08-07 14:53:43,2023-12-13 09:10:12,127.8,1,901.6,stale
PF3MDFJC_TP-Telemetry,2024-07-24 10:49:27,2024-11-25 08:31:28,123.9,1,553.6,stale
GTORRES3-5AZJEC_gtorres3,2026-01-27 14:52:40,2026-05-27 14:01:26,120.0,6,5.4,stale
SIWAI-PF462GGQ_localuser,2024-07-06 06:57:56,2024-10-28 11:52:16,114.2,1,581.5,stale
HARDBAR-F4VMMMN_hardbar,2024-07-11 10:34:53,2024-10-29 22:37:13,110.5,34,580.1,stale
KINOUE4XF49VR0W_kinoue4,2024-12-20 17:22:16,2025-04-09 13:40:28,109.8,19,418.4,stale
PF3MBQME_TP-Telemetry,2024-07-25 09:46:51,2024-11-11 18:33:06,109.4,2,567.2,stale
SIWAI-PF43AVX9_siwai,2024-03-19 06:07:42,2024-07-06 05:45:06,109.0,10,695.8,stale
SIWAI-PF462GGQ_siwai,2024-07-06 06:57:56,2024-10-21 15:29:34,107.4,1,588.4,stale
MBHAVSAR-3R8CWY_mbhavsar,2024-10-15 16:21:36,2025-01-30 16:12:07,107.0,6,487.3,stale
JINOUE1-F49SYAH_jinoue1,2025-08-19 10:26:45,2025-12-03 21:44:08,106.5,14,180.1,stale
PF3MDXHT_TP-Telemetry,2024-07-30 13:23:47,2024-11-11 14:21:34,104.0,2,567.4,stale
LAPTOP-8HCCR0QE_PE,2024-07-18 16:15:34,2024-10-29 18:17:50,103.1,37,580.2,stale
CCHEN50-F3PD01M_cchen50,2024-07-09 19:25:33,2024-10-18 09:54:01,100.6,88,591.6,stale
CPC-TESTER5_Ridge_Jia,2023-08-21 14:20:53,2023-11-28 16:52:14,99.1,2,916.3,stale
RSEKINOXF43CNVB_rsekino,2024-12-24 11:44:25,2025-03-31 12:34:03,97.0,8,427.5,stale
LAPTOP-Q6HOEUNN_tyler,2024-03-22 09:49:15,2024-06-25 10:27:13,95.0,8,706.6,stale
M-PA3_Atsus,2024-04-16 15:58:36,2024-07-19 11:17:45,93.8,3,682.5,stale
YWADA-PF49SXTB_ywada,2024-02-28 08:45:33,2024-05-30 12:44:05,92.2,11,732.5,stale
ADAMS_JAGUAR3,2025-01-11 12:18:49,2025-04-11 06:41:15,89.8,12,416.7,stale
PMCINNIS-09S0XG_pmcinnis,2025-06-17 23:47:37,2025-09-15 15:32:38,89.7,175,259.4,stale
HIKAWA-PF38LTK0_hikawa,2025-11-26 20:12:33,2026-02-24 13:47:02,89.7,35,97.4,stale
E14_test,2025-12-26 12:45:50,2026-03-24 09:36:40,87.9,2,69.6,stale
DESKTOP-6BVEF2H_PF4LS9A1,2025-03-09 14:50:49,2025-06-04 01:28:48,86.4,3,362.9,stale
Y25872-PC2DR71X_y25872,2026-03-03 07:18:03,2026-05-28 09:18:27,86.1,11,4.6,stale
DJR-PF3R8T3C_djr,2025-01-15 17:57:58,2025-04-10 08:08:22,84.6,32,417.7,stale
YANAGISAWA51_yanagisawa,2023-07-24 08:26:27,2023-10-16 09:33:27,84.0,4,959.6,stale
MHEIDENFELD-CJ1_mheidenfeldt,2024-08-06 07:58:30,2024-10-23 15:13:30,78.3,1,586.4,stale
LAPTOP-V450TO4P_Rob,2025-09-15 19:54:50,2025-12-02 16:02:48,77.8,25,181.3,stale
FTEK-PW09S10C_ftek,2024-05-20 12:43:35,2024-08-05 22:19:49,77.4,32,665.1,stale
MOBILEPE-4HM087_MobilePE,2024-07-22 07:41:48,2024-10-07 13:41:59,77.3,1,602.4,stale
ICA_USER,2025-03-20 14:58:42,2025-06-05 14:51:18,77.0,6,361.4,stale
JAGUAR3_SVT,2023-09-20 04:02:03,2023-12-05 08:47:11,76.2,2,909.6,stale
KILLEBREW,2026-02-10 09:42:24,2026-04-27 15:03:27,76.2,31,35.4,stale
PF3MC003_TP-Telemetry,2024-07-29 09:26:22,2024-10-10 13:36:19,73.2,3,599.4,stale
NHEIDENFELD-CDY_nheidenfeldt,2025-01-30 20:10:00,2025-04-10 13:24:20,69.7,30,417.4,stale
SAYINGZIYIN_yinsyz1,2024-08-17 02:05:07,2024-10-25 01:56:21,69.0,95,584.9,stale
X1-CARBON-G12_hewei,2024-12-03 22:27:40,2025-02-07 16:09:05,65.7,3,479.3,stale
LAPTOP-7CFQ50BM_Carl,2025-01-10 12:22:04,2025-03-14 20:10:38,63.3,110,444.2,stale
LAPTOP-LNBSJHQF_AV1SKU10SIT1p2,2025-12-18 16:41:05,2026-02-19 10:58:30,62.8,1,102.5,stale
JNUNEZ5-F4KXMXN_jnunez5,2025-01-22 09:53:29,2025-03-23 19:22:12,60.4,45,435.2,stale
LAPTOP-CJP1C30S_TM2,2025-07-07 02:42:28,2025-09-05 02:05:22,60.0,4,269.9,stale
DRUBRIGHT-EHFA6_drubright,2023-12-15 11:32:33,2024-02-11 11:00:09,58.0,63,841.5,active
AMCCLARNON-1Z35_amcclarnon,2024-04-10 08:13:54,2024-06-06 14:38:18,57.3,16,725.4,active
P1G7_SKU5,2025-09-18 16:49:32,2025-11-14 11:10:49,56.8,77,199.5,active
LAPTOP-49PO0SU0_ssugimoto2,2025-12-15 11:30:27,2026-02-09 10:27:11,56.0,14,112.6,active
PW06AQ1F_LIP-Telemetry,2025-02-27 17:28:16,2025-04-24 16:54:17,56.0,1,403.3,active
PF3MDFBG_TP-Telemetry,2024-11-19 14:41:18,2025-01-14 09:39:08,55.8,1,503.6,active
GKONDOXPF3TRKJD_gkondo,2026-04-08 02:43:15,2026-06-01 20:55:40,54.8,44,0.1,active
T14SG5-CBLI_cblindenbacher,2026-04-05 22:18:58,2026-05-28 22:01:52,53.0,99,4.1,active
PF62APQP_LIP,2026-02-17 02:35:08,2026-04-10 10:42:19,52.3,1,52.6,active
PW06AQ17_LIP-Telemetry,2025-03-07 11:31:51,2025-04-27 22:05:00,51.4,1,400.1,active
JCAMARADOR-4NYS_jcamarador,2025-07-30 10:12:46,2025-09-19 10:57:38,51.0,173,255.5,active
HIDEKIK-F3T9NA0_hidekik,2024-06-17 10:08:15,2024-08-06 15:12:42,50.2,5,664.4,active
KCHEON-PF5A9YHM_kcheon,2026-04-06 09:52:53,2026-05-25 15:49:45,49.2,101,7.3,active
PW05SGBF_LIP-Telemetry,2025-03-07 10:41:00,2025-04-25 14:45:36,49.2,1,402.4,active
LAPTOP-891HSHPM_p14s,2026-01-09 10:13:28,2026-02-27 13:17:54,49.1,1,94.4,active
PW05SGBG_LIP-Telemetry,2025-03-07 13:46:30,2025-04-25 14:45:59,49.0,1,402.4,active
THANNA-PF3SLBYQ_thanna,2025-08-18 08:01:13,2025-10-05 22:20:19,48.6,53,239.1,active
JNUNEZ5-F4RX1S4_jnunez5,2025-05-13 11:45:08,2025-06-30 13:58:26,48.1,25,336.4,active
DESKTOP-QLOL3EV_ehowe,2024-05-14 10:37:08,2024-06-26 13:29:00,43.1,1,705.4,active
PF62AL6S_LIP,2026-04-19 16:54:17,2026-06-01 09:17:20,42.7,3,0.6,active
MNISHIO1-43AFSK_mnishio1,2025-08-01 23:49:33,2025-09-12 13:25:28,41.6,10,262.4,active
LAPTOP-T2RCOIA2_SVT,2024-10-08 18:45:30,2024-11-18 13:55:37,40.8,39,560.4,active
THAMES_SIT,2023-12-15 16:00:25,2024-01-25 08:23:22,40.7,17,858.7,active
DKUNTTU-F5AZ5F3_dkunttu,2026-02-02 11:43:15,2026-03-14 20:23:29,40.4,10,79.2,active
WCARTER-F3SKVGA_wcarter,2024-05-29 11:12:03,2024-07-08 10:45:56,40.0,9,693.6,active
PJJAKES-F5B1GVP_pjjakes,2025-01-09 14:39:33,2025-02-18 11:31:58,39.9,1,468.5,active
SDESCHENES-FH3M_sdeschenes,2025-10-03 11:13:11,2025-11-12 08:04:53,39.9,18,201.7,active
LAPTOP-19J6LO6A_ytakeda,2023-09-15 15:02:33,2023-10-24 13:01:36,38.9,1,951.5,active
LAPTOP-5U1GRQST_AN1484GM11,2026-04-23 10:59:18,2026-06-01 09:03:44,38.9,6,0.6,active
LISA_loconnor,2026-04-20 07:25:36,2026-05-28 07:23:01,38.0,19,4.7,active
LAPTOP-K8IULGVA_Sun,2024-08-17 21:41:12,2024-09-24 10:25:59,37.5,12,615.6,active
MNAKATA1-3Y659D_mnakata1,2025-10-08 15:41:27,2025-11-14 18:10:20,37.1,177,199.2,active
KDARDEN-F4CFJD9_kdarden,2024-06-25 07:04:23,2024-08-01 10:35:57,37.1,3,669.6,active
RLOTRINIA-A7W6D_rlotrinia,2025-08-11 12:15:16,2025-09-17 10:41:49,36.9,43,257.6,active
GREG-WORK-X13Y_gmcneil,2024-08-01 12:59:45,2024-09-06 22:00:20,36.4,29,633.1,active
MAGSHINE_wangyl,2025-08-18 09:31:53,2025-09-23 10:53:35,36.1,12,251.5,active
ALLOY-SIT_mripp,2024-11-25 07:00:31,2024-12-31 05:26:06,35.9,2,517.8,active
WANGTC3-F4210KH_wangtc3,2025-05-05 15:03:47,2025-06-10 10:31:49,35.8,13,356.6,active
NMMILLER-577H4Q_nmmiller,2025-12-16 13:33:50,2026-01-20 10:53:17,34.9,29,132.5,active
LAPTOP-A68FDH6Q_amcclarnon,2025-04-23 15:52:59,2025-05-28 12:30:38,34.9,12,369.5,active
HNAKA-PF43B9PV_hnaka,2025-04-18 13:16:15,2025-05-22 22:05:49,34.4,23,375.1,active
HZHANG16-5GLDJK_hzhang16,2026-04-24 13:28:17,2026-05-27 15:15:15,33.1,25,5.4,active
LIUFENG7-26Y6JC_liufeng7,2024-06-07 14:13:56,2024-07-10 15:33:15,33.1,2,691.4,active
PCHEN23-F4KXHBP_pchen23,2023-12-15 13:51:55,2024-01-17 11:02:38,32.9,3,866.5,active
LAPTOP-ENFNG5MU_1,2026-02-04 16:17:17,2026-03-09 09:24:24,32.7,10,84.6,active
AMIKAMI-F49VQPZ_amikami,2024-11-07 12:59:19,2024-12-09 09:52:57,31.9,3,539.6,active
SORIDE-50000008_soride,2024-04-22 17:34:27,2024-05-24 09:52:17,31.7,4,738.6,active
RUMBLE_zawacki,2024-05-20 11:26:48,2024-06-20 07:54:23,30.9,5,711.7,active
LAPTOP-1KS1Q32S_T14s,2024-08-04 18:57:10,2024-09-04 15:35:00,30.9,31,635.4,active
YNAN-PF4FDG4X_qizha,2023-12-20 21:48:44,2024-01-20 15:57:18,30.8,22,863.3,active
CCOURTEIX-C7ECE_ccourteix,2024-08-07 08:19:47,2024-09-06 09:18:01,30.0,1,633.6,active
ASANTHOSH-9S10E_asanthosh,2024-07-10 14:25:53,2024-08-09 12:24:36,29.9,118,661.5,active
SSUGIMOTO2-7_ssugimoto2,2026-04-13 19:11:00,2026-05-13 13:14:12,29.8,33,19.4,active
PEGGY_2,2024-01-22 17:17:02,2024-02-21 10:07:00,29.7,11,831.6,active
MNISHIO1-43AFSK_Debug,2024-06-24 21:41:10,2024-07-24 10:57:53,29.6,9,677.5,active
KURADA-3_kurada,2024-02-09 13:47:45,2024-03-08 19:14:05,28.2,6,815.2,active
MERSEY1_SVT,2024-08-16 07:27:21,2024-09-13 10:02:27,28.1,30,626.6,active
YNAN-PF4FDG4X_ynan,2023-12-20 21:48:44,2024-01-17 23:59:27,28.1,22,866.0,active
MRIGGS-PW0A1NXC_mriggs,2026-04-30 14:05:35,2026-05-28 12:57:50,28.0,40,4.5,active
RAY-X1-9_Ratan,2025-02-07 10:40:37,2025-03-06 16:09:54,27.2,8,452.3,active
APARAMESWAR-G5E_aparameswara,2023-10-12 05:02:33,2023-11-08 10:18:25,27.2,3,936.6,active
E31583-PW0BLY7A_ohsaw,2024-07-26 09:08:17,2024-08-22 12:03:24,27.1,7,648.5,active
WCHANG11-4Y8ZWG_wchang11,2026-04-21 14:43:11,2026-05-18 16:17:41,27.1,72,14.3,active
KIWAO_kiwao,2026-02-24 10:44:07,2026-03-23 10:30:48,27.0,4,70.6,active
ROROSAS-W0BX6X0_rorosas,2025-04-15 13:34:01,2025-05-12 14:43:38,27.0,54,385.4,active
PF3QE5N0_TP-Telemetry,2024-11-20 13:57:26,2024-12-16 18:22:45,26.2,1,532.2,active
PF3MBEZV_TP-Telemetry,2024-11-20 17:19:10,2024-12-16 18:15:03,26.0,1,532.2,active
JESTROFF-4SA4E9_jestroff,2025-03-29 09:12:56,2025-04-24 08:13:43,26.0,17,403.7,active
DESKTOP-5TU0QIM_igluzman,2024-12-18 10:19:42,2025-01-13 09:18:06,26.0,15,504.6,active
MCROWNOVER-1540_mcrownover,2025-04-16 15:58:38,2025-05-12 14:27:48,25.9,43,385.4,active
SHIGUCHI-3_shiguchi,2024-04-26 13:12:23,2024-05-21 09:30:16,24.8,6,741.6,active
XLIN3-PF4RXZPZ_xlin3,2025-12-18 22:57:30,2026-01-12 18:29:40,24.8,262,140.2,active
SKAWANO-F2PXEKF_seiuchi,2023-12-10 20:43:34,2024-01-04 11:23:33,24.6,156,879.5,active
PF3MF7LQ_TP-Telemetry,2024-11-19 16:36:21,2024-12-13 19:29:18,24.1,2,535.2,active
MBHAVSAR-GM0WY2_mbhavsar,2025-07-21 14:52:25,2025-08-14 13:50:21,24.0,22,291.4,active
X1FOLD16-TK_E28508,2023-09-19 16:45:28,2023-10-13 14:07:23,23.9,14,962.4,active
TSCOTT2-F4RVJLS_tscott2,2025-05-10 11:30:21,2025-06-02 22:10:34,23.4,102,364.1,active
X1C_LNL,2026-01-01 09:10:28,2026-01-24 16:24:40,23.3,65,128.3,active
SKAWANO-F2PXEKF_skawano,2024-05-29 11:50:38,2024-06-21 15:15:06,23.1,160,710.4,active
ZWOXPF3V6VNY_zwo,2024-10-08 17:45:29,2024-10-31 19:40:36,23.1,197,578.2,active
AMANDELBLOO-4SM_amandelbloom,2026-04-27 13:47:34,2026-05-19 19:08:14,22.2,129,13.2,active
DESKTOP-N9S9JC9_think,2024-06-04 09:29:02,2024-06-26 13:47:12,22.2,5,705.4,active
CQUEEN-PW06FV2M_cqueen,2026-04-21 08:38:30,2026-05-13 14:02:10,22.2,82,19.4,active
PCHEN23-1000044_pchen23,2026-05-05 13:01:47,2026-05-27 15:17:47,22.1,8,5.4,active
JNUNEZ5-W05SG98_jnunez5,2024-06-25 22:33:10,2024-07-18 00:25:46,22.1,36,684.0,active
LAPTOP-GAVGVR9P_panjun1,2026-01-20 08:19:26,2026-02-11 09:16:31,22.0,197,110.6,active
X9-TK_E28508,2025-09-04 14:39:31,2025-09-26 11:17:12,21.9,23,248.5,active
LAPTOP-4K9G9BRE_TM1,2025-08-12 00:06:16,2025-09-02 22:19:51,21.9,15,272.1,active
PRIMUS_tscott2,2024-03-25 22:43:56,2024-04-16 11:08:40,21.5,8,776.5,active
BFALEIRO-5C6ATS_bfaleiro,2026-04-25 11:26:02,2026-05-16 12:26:59,21.0,56,16.5,active
LAPTOP-TSQ0GU66_motty,2024-01-13 07:15:28,2024-02-03 07:33:04,21.0,3,849.7,active
LAPTOP-080TD3DG_HWPA,2024-06-12 16:53:57,2024-07-03 13:51:00,20.9,8,698.4,active
LAPTOP-H11NV2VL_hwpa,2025-03-11 17:09:20,2025-04-01 13:51:53,20.9,5,426.4,active
FANG_X13,2025-05-28 11:03:27,2025-06-18 02:16:47,20.6,4,348.9,active
LAPTOP-QQLCC3QB_jl240,2024-05-01 20:54:23,2024-05-22 08:23:47,20.5,7,740.7,active
YTAKEDA1-15_ytakeda1,2026-04-30 13:39:44,2026-05-21 01:41:11,20.5,41,11.9,active
LAPTOP-C2TA9AP9_Thames-2_LNL_BE_SIT,2025-04-04 15:47:32,2025-04-24 15:46:16,20.0,8,403.3,active
MCROWNOVER-WLK4_mcrownover,2024-04-17 04:04:16,2024-05-06 20:42:35,19.7,28,756.1,active
LAPTOP-A5C39DUF_ssugimoto2,2026-04-22 20:41:15,2026-05-12 08:39:30,19.5,3,20.6,active
DLI13-PW0HKDEK_dli13,2025-10-16 08:23:25,2025-11-04 13:43:02,19.2,9,209.4,active
EDANG-PF5TMMM8_edang,2026-05-13 16:38:48,2026-06-01 15:42:47,19.0,25,0.3,active
PF62AGYW_LIP,2026-05-13 17:20:36,2026-06-01 09:17:42,18.7,12,0.6,active
MNISHIO1X121QM6_mnishio1,2024-08-02 11:08:30,2024-08-20 15:28:14,18.2,29,650.4,active
LSU4-PF5FS8LS_lsu4,2026-05-14 14:44:14,2026-06-01 15:17:56,18.0,14,0.4,active
EB16034-F2RY6ZG_eb16034,2025-10-10 12:55:52,2025-10-28 12:35:52,18.0,3,216.5,active
NMARX-PF4DMZPC_nmarx,2024-01-12 15:27:44,2024-01-30 13:38:53,17.9,14,853.4,active
GUERRILLAPC-M_GPC-1,2023-12-18 13:58:45,2024-01-05 10:59:03,17.9,1,878.5,active
MERSEYPQMBETA_hels,2024-11-25 22:04:16,2024-12-13 16:16:13,17.8,65,535.3,active
SSUGIMOTO2-PSSK_ssugimoto2,2026-04-27 19:20:20,2026-05-15 10:01:16,17.6,29,17.6,active
PHOULBROOKE-DFV_phoulbrooke,2026-05-12 08:04:57,2026-05-29 18:33:47,17.4,2,3.2,active
LAPTOP-V5HIJJIL_Admin,2026-03-16 18:00:46,2026-04-02 17:31:31,17.0,14,60.3,active
JCOMBS-PF5BRRYC_jcombs,2026-02-17 14:20:26,2026-03-06 10:26:05,16.8,89,87.6,active
KMAKI-PF4WSHXN_kmaki,2025-09-22 03:32:29,2025-10-08 20:48:35,16.7,170,236.1,active
LAPTOP-1M50QFPI_GM,2024-04-21 20:43:15,2024-05-08 11:18:44,16.6,5,754.5,active
T14S-GEN5-REX_shensl3,2025-09-11 21:47:35,2025-09-28 08:42:28,16.5,231,246.6,active
JNUNEZ5-F588R5E_jnunez5,2025-08-22 09:08:51,2025-09-07 14:50:14,16.2,39,267.4,active
LAPTOP-2RQJAUEN_nyama,2025-07-15 09:28:48,2025-07-31 09:52:50,16.0,7,305.6,active
DESKTOP-65B5D4E_Mark,2024-02-28 13:32:02,2024-03-15 14:41:33,16.0,51,808.4,active
SSUGIMOTO2-0011_ssugimoto2,2025-06-23 14:45:23,2025-07-08 19:02:49,15.2,1,328.2,active
JNUNEZ5-F4ML5N5_jnunez5,2024-02-22 12:33:23,2024-03-08 13:19:55,15.0,29,815.4,active
MOTO_AURA,2025-12-10 16:13:09,2025-12-25 12:19:52,14.8,15,158.5,active
KURADA-32000014_kurada,2025-06-24 13:53:37,2025-07-09 09:03:57,14.8,1,327.6,active
HARRLIXPF4PFNTC_harrli,2023-12-14 08:10:06,2023-12-28 16:11:19,14.3,10,886.3,active
SYD6_zf,2024-01-10 10:37:17,2024-01-24 18:30:54,14.3,1,859.2,active
RPHILLIPS1-MR01_rphillips1,2026-05-11 12:06:52,2026-05-25 15:47:51,14.2,52,7.3,active
LAPTOP-A9RJIBMS_kurada,2025-08-14 09:25:13,2025-08-28 11:22:46,14.1,2,277.5,active
LAPTOP-K2B03PT9_Mersey2,2025-06-02 08:18:31,2025-06-16 11:12:31,14.1,7,350.5,active
JMATTHEWS2-YXHQ_jmatthews2,2024-09-19 08:51:31,2024-10-03 11:10:42,14.1,33,606.5,active
VBARONE-F67TWPP_vbarone,2026-05-11 09:57:06,2026-05-25 11:49:23,14.1,1,7.5,active
JMAYERSALMA-TNQ_jmayersalman,2026-01-20 09:52:58,2026-02-03 12:12:07,14.1,102,118.5,active
WII-PF67AM0B_wii,2026-05-18 10:59:24,2026-06-01 09:56:37,14.0,2,0.6,active
KGUO1-PF62LBME_kguo1,2026-05-04 15:22:56,2026-05-18 15:02:52,14.0,8,14.4,active
SHIGE_TH1SVT,2024-12-09 13:22:51,2024-12-23 11:05:26,13.9,97,525.5,active
FBOWER-PF5PJKZL_fbower,2026-05-13 17:21:02,2026-05-27 13:13:41,13.8,29,5.4,active
LAPTOP-J2HRJNCI_Feng,2025-10-26 17:39:13,2025-11-09 12:04:51,13.8,28,204.5,active
JBRUNDIDGE-EPQ0_jbrundidge,2026-05-13 21:26:31,2026-05-27 15:33:22,13.8,16,5.4,active
YANGYQ-PF50KB95_yangyq,2026-01-21 00:27:08,2026-02-03 13:32:13,13.5,38,118.4,active
WCHANG11-4C429A_wchang11,2026-05-14 11:38:41,2026-05-27 15:15:12,13.2,54,5.4,active
LAPTOP-A86VO230_PQM,2024-01-10 14:14:39,2024-01-23 15:52:06,13.1,17,860.3,active
OALI-PF5TMH9T_oali,2026-05-19 13:34:39,2026-06-01 16:00:45,13.1,29,0.3,active
GHOOGAR-F3KPQQX_ghoogar,2024-02-14 09:03:09,2024-02-27 10:59:24,13.1,7,825.5,active
CPCTESTER202407_49005,2024-11-12 13:02:42,2024-11-25 15:19:09,13.1,19,553.4,active
PW0KZBL0_LIP,2026-05-12 10:42:00,2026-05-25 09:55:53,13.0,1,7.6,active
PRAMINENI-00010_pramineni,2025-09-09 11:10:00,2025-09-22 10:45:35,13.0,8,252.6,active
PW0KZBVB_LIP,2026-05-12 11:16:41,2026-05-25 10:27:01,13.0,1,7.6,active
MOTO-T14S-Q_motty,2024-08-07 21:53:11,2024-08-20 21:46:55,13.0,10,650.1,active
ADAMS_ALLOY,2025-09-27 16:48:43,2025-10-10 14:15:36,12.9,17,234.4,active
FRED_Fred_Bower,2026-04-28 13:01:01,2026-05-11 10:10:30,12.9,10,21.6,active
PW0KZBMA_LIP,2026-05-12 13:57:30,2026-05-25 10:41:37,12.9,1,7.6,active
PW0KZBLW_LIP,2026-05-12 10:41:57,2026-05-25 09:11:09,12.9,1,7.6,active
PJJAKES-F4QW4SK_pjjakes,2026-03-18 17:31:47,2026-03-31 12:56:50,12.8,135,62.5,active
LAPTOP-QQKPMET2_longrun,2026-04-28 16:24:13,2026-05-11 11:14:45,12.8,17,21.5,active
ENOZAKI1-38LRB0_enozaki1,2025-05-30 23:13:02,2025-06-12 10:39:15,12.5,352,354.6,active
MGOMES3-W0HKDCB_L14,2025-08-08 11:27:39,2025-08-20 15:06:11,12.2,11,285.4,active
HBOUHYA-F5GLH13_hbouhya,2025-10-24 10:58:15,2025-11-05 15:14:05,12.2,23,208.4,active
DONGQZ-PW0B15P6_dongqz,2024-06-09 11:18:44,2024-06-21 13:22:57,12.1,4,710.4,active
CBLACKBURNXY23A_cblackburn,2024-07-25 13:12:45,2024-08-06 14:11:51,12.0,50,664.4,active
COLIN_cdorner,2026-04-30 14:50:28,2026-05-12 12:27:16,11.9,19,20.5,active
CRAMPELBERG-VRJ_T14,2025-07-17 12:01:06,2025-07-29 09:47:52,11.9,17,307.6,active
SYADAVILLI-NH12_syadavilli,2026-05-13 17:02:10,2026-05-25 15:47:55,11.9,130,7.3,active
CPOWELL1-PF4Z89_cpowell1,2024-11-27 12:07:00,2024-12-09 08:37:36,11.9,36,539.6,active
ASANTHOSH-FT15Y_asanthosh,2025-10-29 15:28:30,2025-11-10 11:26:36,11.8,47,203.5,active
MHALE1-PF62L9EM_mhale1,2026-03-26 10:25:45,2026-04-06 15:11:07,11.2,8,56.4,active
DRUBRIGHT-N1GRS_drubright,2023-12-24 08:24:03,2024-01-04 12:53:00,11.2,7,879.5,active
CRAMPELBERG-VRJ_crampelberg,2025-07-17 12:01:06,2025-07-28 15:16:51,11.1,17,308.4,active
CMORATAYA-MDFJZ_cmorataya,2025-12-09 16:38:29,2025-12-20 16:19:39,11.0,19,163.3,active
ANAKAMURA8-3ZVB_anakamura8,2026-05-08 17:47:59,2026-05-19 17:15:26,11.0,11,13.3,active
LAPTOP-JHPGK11C_NL1SKU6SIT1LR,2026-01-09 15:40:46,2026-01-20 16:38:51,11.0,3,132.3,active
RUBYHE_HEHP,2025-11-20 10:32:34,2025-12-01 08:10:56,10.9,42,182.7,active
ABUCKNER-0B0WH8_abuckner,2026-05-21 17:11:37,2026-06-01 14:35:40,10.9,51,0.4,active
DWATTS-PF627DJB_dwatts,2026-04-13 20:22:30,2026-04-24 13:30:53,10.7,13,38.4,active
SSUGIMOTO2-6_ssugimoto2,2025-05-29 18:28:57,2025-06-09 09:15:30,10.6,40,357.6,active
MGOMES3-W0HKDCB_mgomes3,2025-08-08 11:27:39,2025-08-18 21:21:09,10.4,11,287.1,active
AVON_SIT2,2026-05-05 13:39:50,2026-05-15 16:50:07,10.1,14,17.3,active
LAPTOP-0S7K8PQH_Stan,2023-10-16 15:34:30,2023-10-26 18:12:55,10.1,17,949.2,active
JNUNEZ5-F57YZZH_jnunez5,2024-10-14 08:04:26,2024-10-24 10:40:35,10.1,3,585.6,active
CBLACKBURN-TSG2_cblackburn,2026-05-08 10:50:38,2026-05-18 11:09:31,10.0,73,14.5,active
KGUO1-PF4R03CL_kguo1,2024-05-14 10:23:53,2024-05-24 10:25:04,10.0,5,738.6,active
LAPTOP-II2JP927_Oak2-SVT-REX-1,2024-12-25 17:40:16,2025-01-04 16:01:22,9.9,25,513.3,active
CBLACKBURN-E2WL_cblackburn,2026-03-20 10:43:42,2026-03-30 07:59:57,9.9,11,63.7,active
DONGQZ-PF4RM5MZ_dongqz,2025-03-11 22:02:06,2025-03-21 15:32:32,9.7,39,437.4,active
MSUMMERVILL-VCL_msummerville,2026-05-19 20:11:51,2026-05-29 13:56:37,9.7,21,3.4,active
DRICKARD-5GLCFY_drickard,2025-12-08 08:59:27,2025-12-17 15:06:50,9.3,38,166.4,active
PF62APRB_LIP,2026-05-23 04:00:13,2026-06-01 09:17:09,9.2,4,0.6,active
SBARATAM-000032_sbaratam,2025-08-27 10:57:51,2025-09-05 13:17:39,9.1,9,269.4,active
RTWALL-PF4JTB8S_rtwall,2024-07-17 09:07:41,2024-07-26 08:45:40,9.0,87,675.6,active
LAPTOP-OTD6NS5M_lnvni,2024-05-07 12:48:42,2024-05-16 13:06:50,9.0,24,746.5,active
TYLER_tparrish2,2026-04-22 14:07:21,2026-05-01 12:10:30,8.9,6,31.5,active
LAPTOP-N4IHLN0J_MS2,2026-01-07 15:33:19,2026-01-16 11:06:39,8.8,2,136.5,active
ECOOK-PF67560P_ecook,2026-05-18 17:26:16,2026-05-27 12:21:18,8.8,2,5.5,active
PF6299VT_LIP,2026-04-01 15:52:53,2026-04-10 10:26:10,8.8,4,52.6,active
CPOWELL1-577MKQ_cpowell1,2024-12-03 14:10:46,2024-12-12 09:14:20,8.8,4,536.6,active
JQUINTERO-A2BYW_jquintero,2025-09-29 15:40:22,2025-10-08 11:27:10,8.8,111,236.5,active
ANDY-TH1_zuyin,2026-03-15 23:43:21,2026-03-24 11:50:32,8.5,143,69.5,active
LAPTOP-ARLD326G_X1CG14,2026-05-13 10:49:28,2026-05-21 20:05:52,8.4,4,11.2,active
DONGQZ-PF505XME_dongqz,2024-12-11 08:27:56,2024-12-19 17:02:35,8.4,14,529.3,active
YINGNIE-W01KL34_yingnie,2024-02-27 06:34:29,2024-03-06 15:38:46,8.4,3,817.3,active
FSUN3-PC133Y8H_LicenseServer,2026-05-17 06:05:31,2026-05-25 13:54:39,8.3,21,7.4,active
KSAMBDMA-62KJHP_ksambdma,2026-05-20 09:22:19,2026-05-28 13:36:27,8.2,9,4.4,active
AVACHALI-4SM98Q_avachali,2025-11-04 11:18:15,2025-11-12 16:47:54,8.2,95,201.3,active
LAPTOP-D986V7T9_EAASIT1.12,2025-08-25 10:57:16,2025-09-02 13:01:25,8.1,8,272.5,active
BDILLON-F67NKP7_bdillon,2026-05-19 13:20:29,2026-05-27 16:54:00,8.1,1,5.3,active
DONGQZ-PF5HTSGV_dongqz,2026-05-19 09:08:41,2026-05-27 12:39:02,8.1,49,5.5,active
LAPTOP-S8IHCLL8_x1,2026-05-14 18:16:51,2026-05-22 19:58:36,8.1,50,10.2,active
DEBORAH_drepplier,2026-03-02 09:00:44,2026-03-10 10:52:21,8.1,10,83.5,active
LAPTOP-BD8L6116_Think,2025-07-02 10:43:58,2025-07-10 10:09:44,8.0,8,326.6,active
NAITOX9A_arimasa,2024-12-03 09:47:41,2024-12-11 09:44:29,8.0,7,537.6,active
KKITTS-PF58LF52_kkitts,2026-05-19 09:08:58,2026-05-27 09:52:09,8.0,47,5.6,active
DHARDING-55C9NC_dharding,2025-06-03 10:27:21,2025-06-11 11:10:14,8.0,7,355.5,active
X1C_METEOR,2024-06-12 15:00:51,2024-06-20 14:22:30,8.0,68,711.4,active
KGUO1-PF4Z3832_kguo1,2024-05-21 13:34:56,2024-05-29 14:31:29,8.0,4,733.4,active
GTORRES3-0C7G0F_gtorres3,2024-11-03 09:56:51,2024-11-11 09:36:17,8.0,25,567.6,active
CCHOW3-PF4YBY4D_cchow3,2024-08-21 10:50:36,2024-08-29 09:17:51,7.9,19,641.6,active
THAMES2BESVT_apham,2025-04-07 10:21:48,2025-04-15 09:05:54,7.9,22,412.6,active
MCROWNOVER-QC11_mcrownover,2026-05-18 18:43:22,2026-05-26 12:55:13,7.8,61,6.5,active
LAPTOP-K5TN4699_ThinkPad,2024-09-20 21:35:02,2024-09-28 14:59:41,7.7,14,611.4,active
LAPTOP-JL4J612V_jnunez5,2025-03-10 11:03:56,2025-03-17 15:53:43,7.2,3,441.3,active
DLOMIS-PF58PBCR_X1,2025-07-18 08:24:13,2025-07-25 12:23:41,7.2,8,311.5,active
LAPTOP-88BMF4J6_Mersey,2024-06-04 13:03:44,2024-06-11 17:30:04,7.2,32,720.3,active
JACKX1_jkleissler,2026-05-19 09:31:15,2026-05-26 15:29:52,7.2,133,6.4,active
AMANDELBLOOXH8H_amandelbloom,2025-01-02 09:35:57,2025-01-09 13:30:29,7.2,82,508.4,active
NMMILLER-4T259L_nmmiller,2024-10-07 12:15:28,2024-10-14 13:30:25,7.1,51,595.4,active
LAPTOP-H0IEOCT5_zuyin,2025-05-05 09:53:32,2025-05-12 11:57:55,7.1,25,385.5,active
EB16034-F4QX17S_eb16034,2024-09-19 16:45:29,2024-09-26 19:34:39,7.1,42,613.2,active
DESKTOP-0R32PSA_ah,2025-02-20 19:07:32,2025-02-27 18:46:30,7.0,22,459.2,active
SKADUKUNTLA-MTB_skadukuntla,2026-01-24 15:50:32,2026-01-31 14:44:13,7.0,27,121.4,active
ROBBIET-F67BA37_robbiet,2026-05-20 11:59:06,2026-05-27 11:45:55,7.0,11,5.5,active
ANUPT14S_avachali,2025-11-04 11:18:15,2025-11-11 11:35:33,7.0,95,202.5,active
DESKTOP-QAH5T71_ehowe,2024-09-25 07:44:32,2024-10-02 07:57:48,7.0,17,607.7,active
BFALEIRO-629K3A_bfaleiro,2026-05-20 10:17:27,2026-05-27 11:07:49,7.0,43,5.5,active
THANNA-PW0KQC0Y_thanna,2026-05-19 11:26:41,2026-05-26 11:01:01,7.0,80,6.5,active
LAPTOP-2D6R853Q_jnunez5,2026-05-19 16:26:59,2026-05-26 13:20:47,6.9,6,6.4,active
KGUO1-PF55Q5S3_kguo1,2025-06-02 13:28:13,2025-06-09 10:31:06,6.9,9,357.6,active
JCOMBS-PF5PEZSE_jcombs,2026-05-05 15:21:00,2026-05-12 13:23:24,6.9,84,20.4,active
LOEBACHJ-4SMBAL_loebachj,2025-03-07 16:32:18,2025-03-14 14:36:08,6.9,42,444.4,active
HIROSE-PF4AKXKG_hirose,2024-01-24 16:01:44,2024-01-31 11:22:07,6.8,2,852.5,active
DWATTS-PF5C6AV8_dwatts,2026-04-25 20:06:25,2026-05-02 13:18:40,6.7,73,30.4,active
HWPA-TH1-SKU1B-_TEST,2023-11-07 18:33:36,2023-11-14 11:24:34,6.7,2,930.5,active
LAPTOP-UQQQG0S3_ThinkPad,2025-07-23 22:34:03,2025-07-30 08:35:38,6.4,37,306.6,active
NPUTSALA-0A1Z31_nputsala,2025-05-17 12:17:21,2025-05-23 19:04:13,6.3,35,374.2,active
LAPTOP-CU8DTV76_CamTest,2024-11-14 11:28:59,2024-11-20 17:37:50,6.3,6,558.3,active
RANDERSON4-Q4VG_randerson4,2026-05-20 09:21:01,2026-05-26 14:53:34,6.2,14,6.4,active
LAPTOP-EVNV9CFQ_Monica,2025-03-21 10:07:37,2025-03-27 14:53:07,6.2,16,431.4,active
TSCOTT2-F5CERG3_tscott2,2025-03-06 12:10:46,2025-03-12 14:11:02,6.1,14,446.4,active
PHOVEY-PW0KPSPG_phovey,2026-04-23 10:15:59,2026-04-29 13:24:21,6.1,16,33.4,active
TOM_thiller,2026-05-20 10:37:29,2026-05-26 14:12:49,6.1,35,6.4,active
BRIAN_bcampbell,2026-05-26 11:40:44,2026-06-01 13:52:36,6.1,5,0.4,active
AIII1-PF6249QS_aiii1,2026-05-13 09:34:38,2026-05-19 10:15:31,6.0,30,13.6,active
JFASANO-F4RXM66_jfasano,2025-11-19 09:48:09,2025-11-25 09:49:32,6.0,103,188.6,active
LAPTOP-77S3EOA5_Mao_Nakabauashi,2026-05-21 17:23:25,2026-05-27 16:46:27,6.0,34,5.3,active
LAPTOP-0JJ03K9D_rgibson,2024-02-06 14:58:23,2024-02-12 14:20:57,6.0,11,840.4,active
AMCCLARNON-TSEM_amcclarnon,2025-11-13 16:53:14,2025-11-19 13:37:22,5.9,7,194.4,active
SBLEAKLEY-742XA_sbleakley,2026-05-21 12:33:39,2026-05-27 10:37:31,5.9,5,5.6,active
SDILLARD1-2S9T3_sdillard1,2026-05-13 13:39:12,2026-05-19 08:43:43,5.8,37,13.6,active
LAPTOP-7HDJI946_MobilePE,2024-10-04 02:50:06,2024-10-09 19:36:21,5.7,1,600.2,active
LAPTOP-93KHSN6N_hsouma,2025-08-26 15:39:53,2025-09-01 08:56:33,5.7,4,273.6,active
DESKTOP-DR88TUK_DEV-Condor,2024-05-17 05:23:54,2024-05-22 19:12:45,5.6,1,740.2,active
BILLWORK2_ottow,2024-06-01 05:20:40,2024-06-06 14:12:40,5.4,4,725.4,active
LAPTOP-2OC97423_Administrator,2025-02-06 18:28:57,2025-02-11 22:45:11,5.2,1,475.1,active
DLOMIS-PF58PBCR_dlomis,2025-07-18 08:24:13,2025-07-23 12:41:28,5.2,8,313.5,active
GGILLETT-5D9MVD_ggillett,2026-05-22 09:34:44,2026-05-27 10:51:54,5.1,137,5.5,active
GM201_an1,2026-04-17 14:48:11,2026-04-22 17:57:57,5.1,5,40.3,active
LAPTOP-6HHN380C_QuFei_Ou,2025-06-27 11:51:57,2025-07-02 13:39:20,5.1,19,334.4,active
AINOW_UX,2025-12-24 16:48:07,2025-12-29 16:55:49,5.0,3,154.3,active
SLO10-PF68EAMW_slo10,2026-05-22 14:54:43,2026-05-27 15:09:59,5.0,5,5.4,active
STEVENLONG-XACV_stevenlong,2024-08-01 06:52:59,2024-08-06 07:52:38,5.0,43,664.7,active
JNUNEZ5-3000012_jnunez5,2026-05-08 14:19:18,2026-05-13 14:49:51,5.0,27,19.4,active
LALLURI-F5FS8HX_lalluri,2025-08-28 12:02:33,2025-09-02 09:08:32,4.9,40,272.6,active
JEREMY_jeremyca,2026-05-07 12:00:37,2026-05-12 10:14:51,4.9,17,20.6,active
DSABOGAL-66ZRAR_dsabogal,2026-05-20 17:35:35,2026-05-25 16:06:53,4.9,2,7.3,active
EMOURA3-W0A2BQE_emoura3,2024-06-27 18:57:43,2024-07-02 16:25:02,4.9,35,699.3,active
RADACHI-F5AL4EK_radachi,2026-05-20 11:56:03,2026-05-25 08:45:23,4.9,20,7.6,active
DESKTOP-VBGKQ59_rtwall,2024-11-20 20:39:15,2024-11-25 15:51:28,4.8,13,553.3,active
WFELTER-F5HN5KV_wfelter,2026-05-14 11:37:00,2026-05-19 05:57:39,4.8,41,13.8,active
LAPTOP-GGLFATQJ_kazuk,2023-10-09 01:10:25,2023-10-13 19:12:21,4.8,77,962.2,active
EBUCHHOLZ-HKD6N_ebuchholz,2025-08-01 14:04:41,2025-08-06 10:10:25,4.8,23,299.6,active
DONGQZ-PF66VXBZ_dongqz,2026-04-29 19:35:02,2026-05-04 14:07:56,4.8,6,28.4,active
CHIKARA7-ZBPQUS_chikara7,2024-08-08 14:25:46,2024-08-13 09:06:41,4.8,13,657.6,active
LAPTOP-B21SDAHL_Nile,2026-01-09 19:10:56,2026-01-14 12:53:30,4.7,22,138.5,active
KCHAUHAN1-Y538L_kchauhan1,2024-08-17 17:46:19,2024-08-22 11:34:23,4.7,25,648.5,active
LAPTOP-OV7Q4J55_PE,2024-09-25 04:27:00,2024-09-29 18:18:34,4.6,2,610.2,active
LAPTOP-0NPD7G3O_Tsutomu_Chonan,2024-11-20 18:04:57,2024-11-25 09:36:25,4.6,5,553.6,active
CCHOW3-PF4S7DN8_cchow3,2024-05-23 20:07:37,2024-05-28 07:57:25,4.5,25,734.7,active
MHEIDENFELD-XSD_mheidenfeldt,2026-04-09 13:00:58,2026-04-13 22:01:06,4.4,75,49.1,active
YCRANFORD-7CHLT_ycranford,2026-05-15 08:10:29,2026-05-19 17:50:42,4.4,4,13.3,active
GTORRES3-0ABC7N_gtorres3,2025-06-09 08:09:46,2025-06-13 15:22:59,4.3,13,353.4,active
LAPTOP-1QC1JCNE_CPC-Tester12,2024-02-21 13:22:19,2024-02-25 20:47:30,4.3,26,827.1,active
LAPTOP-K2Q4C3UQ_1,2023-11-17 08:46:41,2023-11-21 15:35:21,4.3,28,923.4,active
MFINK-PF667W8F_mfink,2026-05-28 09:17:46,2026-06-01 10:47:56,4.1,16,0.6,active
SHAUSER-W0J2TNX_shauser,2026-01-08 13:57:45,2026-01-12 15:21:03,4.1,32,140.4,active
CSILVA30-674ERX_csilva30,2026-05-22 13:54:01,2026-05-26 16:27:53,4.1,3,6.3,active
CRISTIAN_cmorataya,2025-10-03 09:39:09,2025-10-07 11:42:40,4.1,5,237.5,active
JNUNEZ5-F626M4T_jnunez5,2026-03-09 13:07:02,2026-03-13 16:07:42,4.1,8,80.3,active
JNUNEZ5-F5L9LW0_jnunez5,2025-07-24 13:22:34,2025-07-28 15:39:48,4.1,3,308.3,active
MYERSP-PF5FSZHR_MYERSP,2026-05-28 08:42:56,2026-06-01 10:04:05,4.1,40,0.6,active
RMCCARTHY2-0063_rmccarthy2,2025-12-29 10:37:14,2026-01-02 09:30:19,4.0,46,150.6,active
LAPTOP-72AKT2DB_1,2026-05-15 13:13:01,2026-05-19 13:51:11,4.0,36,13.4,active
DESKTOP-2OI6HV8_jnunez5,2024-06-24 10:07:55,2024-06-28 10:20:38,4.0,7,703.6,active
AKOZLOWSKI-ALZD_akozlowski,2026-05-28 14:10:15,2026-06-01 14:04:54,4.0,7,0.4,active
DESKTOP-CDUSM1A_T14s,2024-10-07 11:15:18,2024-10-11 10:08:34,4.0,8,598.6,active
LAPTOP-T83863L5_EigerSIT11,2026-05-27 22:14:31,2026-05-31 21:07:11,4.0,224,1.1,active
JDASILVA-4QWMA3_jdasilva,2024-08-01 15:09:09,2024-08-05 14:52:04,4.0,31,665.4,active
LAPTOP-LM31Q23F_NL1SKU6LR,2025-12-05 16:45:26,2025-12-09 14:24:26,3.9,1,174.4,active
LOEBACHJ-4SMBAL_X13_2-1,2025-03-17 11:47:48,2025-03-21 10:31:24,3.9,43,437.6,active
CBOULTON-5METJ1_cboulton,2026-05-28 11:18:24,2026-06-01 08:27:48,3.9,116,0.6,active
MORISAN-F291M86_morisan,2026-05-04 23:29:14,2026-05-08 17:14:18,3.7,54,24.3,active
JMAYERSALMA-HDJ_jmayersalman,2025-08-22 10:14:15,2025-08-26 02:14:28,3.7,52,279.9,active
RUSSELL_rgantman,2026-05-25 20:05:01,2026-05-29 09:33:09,3.6,4,3.6,active
L14G5I_Richard,2024-06-23 21:55:26,2024-06-27 12:35:35,3.6,22,704.5,active
DESKTOP-8L6GNCN_Winson_Chiu,2025-09-11 18:01:31,2025-09-15 08:47:11,3.6,22,259.6,active
LAPTOP-MUEEDSGP_NL1SKU7SIT2LR,2026-01-16 19:19:34,2026-01-20 09:45:46,3.6,4,132.6,active
LAPTOP-25UDU5UN_jestroff,2025-11-10 19:44:52,2025-11-14 10:00:13,3.6,60,199.6,active
JXU9-PF3SLCZ3_jxu9,2026-04-13 02:05:22,2026-04-16 13:02:12,3.5,39,46.5,active
PPOOJA-PW0C7CJW_ppooja,2024-11-07 20:24:35,2024-11-11 07:57:20,3.5,22,567.7,active
DBROWN6-F4RV7QY_dbrown6,2024-05-03 07:39:20,2024-05-06 18:30:02,3.5,36,756.2,active
LAPTOP-APU7HF6F_Administrator,2025-03-14 21:32:34,2025-03-18 10:01:25,3.5,3,440.6,active
LAPTOP-P9BQ8OLJ_Neal,2026-04-19 09:25:36,2026-04-22 22:35:26,3.5,70,40.1,active
KIWAO-PF4KXHHL_kiwao,2024-01-29 08:40:12,2024-02-01 19:07:33,3.4,10,851.2,active
HHUDELSON-B0WN2_hhudelson,2026-05-29 07:57:35,2026-06-01 14:46:29,3.3,146,0.4,active
JJOHNSON18-T4GM_jjohnson18,2026-05-29 09:59:16,2026-06-01 16:00:03,3.3,6,0.3,active
JBOWEN2-F62KRD0_jbowen2,2026-05-15 11:11:43,2026-05-18 15:25:45,3.2,39,14.4,active
JMANCHESTER-LQ5_jmanchester,2026-05-18 11:00:14,2026-05-21 15:55:42,3.2,6,11.3,active
CXTESTT14P_liufe,2024-10-08 08:47:22,2024-10-11 10:18:42,3.1,5,598.6,active
PCHEN23-5000001_pchen23,2024-11-12 10:46:42,2024-11-15 13:10:07,3.1,16,563.5,active
CDORNER-F5WFAPN_cdorner,2026-05-29 11:06:21,2026-06-01 12:21:33,3.1,5,0.5,active
LAPTOP-1MK05N4P_hwpa,2023-10-30 14:01:44,2023-11-02 15:20:01,3.1,6,942.4,active
THAMES2EEPSVT_apham,2024-12-09 20:43:22,2024-12-12 22:03:45,3.1,17,536.1,active
KTATE2-PW0A2BTJ_ktate2,2025-05-03 14:30:35,2025-05-06 16:15:01,3.1,106,391.3,active
DESKTOP-EP8TDGT_nmadhani,2024-09-13 06:05:09,2024-09-16 09:07:24,3.1,6,623.6,active
JESTROFF-504AKS_jestroff,2025-02-03 08:59:04,2025-02-06 08:36:43,3.0,31,480.6,active
MKRYNOCK-67L6RD_mkrynock,2026-05-29 16:38:25,2026-06-01 16:47:35,3.0,3,0.3,active
X1-LNL-BE-SIT_mripp,2025-01-25 08:03:18,2025-01-28 08:47:09,3.0,15,489.6,active
JUAN_jnunez5,2026-01-02 09:14:40,2026-01-05 10:19:23,3.0,47,147.6,active
LAPTOP-VM3TTE0T_Totoro,2024-11-26 09:10:50,2024-11-29 10:10:50,3.0,56,549.6,active
XIUQIN_liuxq13,2026-04-24 08:50:51,2026-04-27 08:22:25,3.0,152,35.7,active
PSCHMIDT1-00044_pschmidt1,2026-05-18 08:51:11,2026-05-21 08:49:13,3.0,3,11.6,active
JMESTLER-5FS8KD_jmestler,2026-05-20 11:49:08,2026-05-23 12:29:42,3.0,22,9.5,active
X1_2-IN-1,2025-09-30 08:40:23,2025-10-03 07:09:29,2.9,11,241.7,active
EWALLACE-5AM7XJ_ewallace,2026-05-26 10:51:22,2026-05-29 09:28:33,2.9,20,3.6,active
PHAYES-PF62TDKH_PHAYES,2026-05-25 18:08:02,2026-05-28 15:20:03,2.9,11,4.4,active
XBB20241007_Lenovo,2025-03-05 14:28:09,2025-03-08 12:19:05,2.9,8,450.5,active
CCOLGLAZIER-V05_ccolglazier,2026-05-29 11:21:10,2026-06-01 09:32:16,2.9,8,0.6,active
DSMITH3-F66KH2F_dsmith3,2026-05-29 13:15:13,2026-06-01 11:54:11,2.9,2,0.5,active
SHAUSER-F62JTB9_shauser,2026-02-02 14:04:02,2026-02-05 10:30:24,2.9,3,116.6,active
TTOMIMATSU-DC3F_ttomimatsu,2024-08-27 17:24:06,2024-08-30 15:00:16,2.9,145,640.4,active
NATHANP-F4YAYFH_nathanp,2025-11-28 20:43:02,2025-12-01 14:45:46,2.8,125,182.4,active
JLEWIS9-W0A2BP7_jlewis9,2024-07-15 16:11:43,2024-07-18 11:07:04,2.8,14,683.5,active
JEFFREYX9-14_jeffreyf1,2025-02-18 15:46:34,2025-02-21 10:36:42,2.8,16,465.6,active
EIGERAMD_44900,2026-05-29 15:28:33,2026-06-01 10:00:12,2.8,145,0.6,active
LIXINB-PF5G1XJE_lixinb,2026-02-06 15:22:17,2026-02-09 10:44:21,2.8,73,112.6,active
AL-SVT7_xuxru,2025-03-14 13:41:17,2025-03-17 08:43:27,2.8,23,441.6,active
LAPTOP-U4336J0U_P14s,2026-04-14 18:44:50,2026-04-17 14:14:58,2.8,37,45.4,active
LAPTOP-IJG7MG54_test,2023-11-17 15:25:19,2023-11-20 09:36:44,2.8,4,924.6,active
TBERDAR-F5DC8CG_tberdar,2026-02-27 17:39:56,2026-03-02 13:10:31,2.8,132,91.5,active
LAPTOP-3GSNHJDB_GM3,2024-08-20 14:45:27,2024-08-23 09:31:35,2.8,8,647.6,active
LAPTOP-DCOJFCQ0_TM_X1_MTL,2025-03-12 21:21:20,2025-03-15 15:49:44,2.8,100,443.3,active
X9-14_jeffreyf1,2025-02-18 15:46:34,2025-02-21 10:36:42,2.8,16,465.6,active
KGU-PF5DEB5C_kgu,2026-01-27 18:42:22,2026-01-30 11:52:24,2.7,18,122.5,active
LAPTOP-11P5VLEF_tianx,2025-05-16 15:44:27,2025-05-19 08:55:15,2.7,19,378.6,active
SADACHI1-4H67H3_sadachi1,2024-09-27 18:20:04,2024-09-30 08:46:50,2.6,106,609.6,active
LAPTOP-FEFDP1D9_test,2026-05-29 17:36:51,2026-06-01 08:32:36,2.6,46,0.6,active
LAPTOP-0P70H8T7_Naito,2024-09-15 20:17:07,2024-09-18 11:37:44,2.6,7,621.5,active
TTARRATS-09S0Z9_ttarrats,2024-08-13 18:57:51,2024-08-16 09:55:34,2.6,12,654.6,active
QCOM-MDUXZELAOC_mikejp,2025-02-13 05:59:17,2025-02-15 21:20:05,2.6,69,471.1,active
LAPTOP-N0IFBCJM_AV1,2026-05-29 18:38:46,2026-06-01 09:57:24,2.6,19,0.6,active
DONGQZ-PF6229ZN_dongqz,2026-03-29 22:38:02,2026-04-01 13:14:11,2.6,26,61.4,active
SKEENER-W0A2BT8_skeener,2026-05-24 22:31:47,2026-05-27 13:28:12,2.6,362,5.4,active
LAPTOP-MGP5FI9R_longrun,2025-12-10 17:10:34,2025-12-13 04:36:43,2.5,3,170.8,active
MERSEY2BELNL_jeffreyf1,2025-05-02 09:36:41,2025-05-04 21:14:16,2.5,8,393.1,active
ZAWACKIJE_j,2026-05-18 13:30:27,2026-05-20 23:01:04,2.4,11,12.0,active
DESKTOP-0OFMVDC_x1,2026-05-26 08:01:52,2026-05-28 14:01:53,2.3,188,4.4,active
PJJAKES-F3SKNHW_pjjakes,2024-03-04 07:23:08,2024-03-06 13:36:57,2.3,8,817.4,active
LAPTOP-HR5L43FU_Avon1,2025-12-09 12:46:44,2025-12-11 19:04:39,2.3,1,172.2,active
AMCCLARNON-69JL_amcclarnon,2024-11-04 07:01:49,2024-11-06 13:57:02,2.3,5,572.4,active
PQM_tianx,2026-03-18 11:25:04,2026-03-20 16:53:31,2.2,16,73.3,active
BKOCHUPARAM-BR2_bkochuparamb,2026-05-24 11:16:06,2026-05-26 15:16:05,2.2,117,6.4,active
JNUNEZ5-W0KPY33_T1g,2026-03-01 12:18:37,2026-03-03 17:01:44,2.2,17,90.3,active
MERSEY_SIT,2024-01-24 09:41:07,2024-01-26 13:15:39,2.1,8,857.4,active
X1C13-2024_henry,2024-10-22 10:05:14,2024-10-24 13:09:30,2.1,3,585.5,active
SDILLARD1-GR30Q_sdillard1,2025-12-16 08:30:22,2025-12-18 11:42:34,2.1,60,165.5,active
HSUMI-GM132TGM_hsumi,2026-05-26 17:26:47,2026-05-28 19:53:54,2.1,46,4.2,active
QCOM-YQK1OVIMJV_dereks,2024-08-05 09:34:50,2024-08-07 10:20:05,2.0,10,663.6,active
SYANG30-W0KZBQZ_syang30,2026-05-07 17:38:25,2026-05-09 17:33:02,2.0,89,23.3,active
BDILLON-F65JXS1_bdillon,2026-05-17 16:07:07,2026-05-19 15:49:01,2.0,3,13.3,active
LAPTOP-USS5OCA4_Cui_Qi,2024-03-17 10:19:35,2024-03-19 10:40:10,2.0,5,804.6,active
DILLON_dpaquin,2025-08-11 08:11:37,2025-08-13 07:37:53,2.0,21,292.7,active
JOSHUA_jbowen2,2026-01-06 09:54:40,2026-01-08 10:49:12,2.0,83,144.5,active
HWPA-SKU2-03_YSKOBA,2023-12-18 14:13:33,2023-12-20 11:58:44,1.9,3,894.5,active
JEREMYCA-4BWNT1_jeremyca,2024-12-02 13:02:18,2024-12-04 10:46:26,1.9,47,544.6,active
LAPTOP-38PBJKV3_Dan,2026-05-26 13:50:53,2026-05-28 10:35:08,1.9,114,4.6,active
DWATTS-PF668VNV_dwatts,2026-05-24 22:18:21,2026-05-26 21:05:30,1.9,7,6.1,active
HELS-PW0C7G11_Lanshan,2024-08-20 09:29:56,2024-08-22 08:17:49,1.9,6,648.7,active
TSUZUKI26-9VQR2_tsuzuki26,2025-10-01 22:42:07,2025-10-03 19:11:33,1.9,18,241.2,active
KARAI6-PF4PTTHT_karai6,2024-09-04 15:01:32,2024-09-06 11:33:54,1.9,85,633.5,active
LAPTOP-VMR2DHBF_test,2025-08-20 15:24:36,2025-08-22 10:43:13,1.8,78,283.6,active
DESKTOP-K1B42LP_SVT-GM5-who2-No-B,2025-09-10 23:35:19,2025-09-12 18:11:57,1.8,33,262.2,active
BDILLON-F5CZRRY_T14,2025-03-04 16:15:12,2025-03-06 10:27:31,1.8,10,452.6,active
JNICHOL-F5MCDZS_jnichol,2025-10-06 21:59:33,2025-10-08 16:22:52,1.8,16,236.3,active
DKUNTTU-F4ML5R6_dkunttu,2024-08-21 19:30:41,2024-08-23 15:45:40,1.8,72,647.3,active
SHIGE_TH1,2024-02-07 15:27:43,2024-02-09 11:05:17,1.8,19,843.5,active
DESKTOP-AN20HIT_kpatton,2024-10-15 15:18:38,2024-10-17 10:57:23,1.8,22,592.5,active
ADIEHL-PF4CNVD9_adiehl,2024-01-16 20:54:37,2024-01-18 13:41:48,1.7,30,865.4,active
LAPTOP-9D1AU1OG_Mersey,2024-01-29 01:04:16,2024-01-30 17:51:22,1.7,8,853.3,active
OHSAWAAURA_e3158,2026-05-26 22:05:34,2026-05-28 13:01:18,1.6,56,4.5,active
WANGLYB-5FGJED_wanglyb,2025-07-21 00:28:39,2025-07-22 10:50:42,1.4,55,314.5,active
RDONAHUE-0A2BYP_rdonahue,2025-07-22 09:07:00,2025-07-23 19:27:01,1.4,141,313.2,active
LIUFENG_liufeng7,2025-09-17 14:57:50,2025-09-18 22:06:01,1.3,133,256.1,active
WSHX016709_Lenovo,2025-06-11 15:12:08,2025-06-12 21:45:01,1.3,7,354.1,active
DKUNTTU-F4JTB5W_dkunttu,2024-12-11 09:56:39,2024-12-12 16:20:49,1.3,67,536.3,active
MEHLINGER1-QNSG_mehlinger1,2026-05-27 15:08:13,2026-05-28 22:01:14,1.3,3,4.1,active
LAPTOP-9PGJOH9P_tianx,2024-12-11 10:10:16,2024-12-12 17:20:24,1.3,11,536.3,active
DRUBRIGHT-DPJ32_drubright,2025-05-26 14:44:11,2025-05-27 21:41:54,1.3,78,370.1,active
P1G7_SVT,2025-07-21 08:36:08,2025-07-22 15:08:18,1.3,54,314.4,active
UINABA-GM114QLP_uinaba,2026-04-21 10:35:28,2026-04-22 16:05:04,1.2,2,40.3,active
TLIN29-PF4EHFCT_tlin29,2024-05-29 08:55:46,2024-05-30 14:32:57,1.2,53,732.4,active
BDILLON-F5CZRRY_bdillon,2025-03-04 16:15:12,2025-03-05 21:51:58,1.2,10,453.1,active
TBERDAR-F62QQCF_tberdar,2026-05-19 10:37:45,2026-05-20 15:55:39,1.2,48,12.3,active
LAPTOP-C1EEVLRC_86138,2024-05-21 09:33:00,2024-05-22 13:30:48,1.2,32,740.4,active
LAPTOP-IHE4MH4F_mriddle,2026-05-27 10:17:20,2026-05-28 14:39:15,1.2,15,4.4,active
JN_jnunez5,2024-08-08 10:01:25,2024-08-09 14:04:28,1.2,5,661.4,active
FFENG-PF5FSWGF_ffeng,2025-09-18 10:33:39,2025-09-19 15:03:41,1.2,9,255.4,active
MATJONES-56FF1H_MATJONES,2025-01-22 12:43:05,2025-01-23 15:57:07,1.1,10,494.3,active
PJJAKES-W0C7DHV_pjjakes,2024-11-20 13:12:01,2024-11-21 16:18:24,1.1,44,557.3,active
X1C13-SIT_X1C13,2024-12-11 08:37:48,2024-12-12 11:56:14,1.1,15,536.5,active
NPATEL6-F4C403Q_npatel6,2026-02-18 16:10:21,2026-02-19 18:54:35,1.1,426,102.2,active
MMISTURIK-CXCF3_mmisturik,2024-10-15 13:13:44,2024-10-16 16:05:24,1.1,16,593.3,active
DESKTOP-KQ90P7N_jkleissler,2024-08-26 09:18:03,2024-08-27 12:48:07,1.1,22,643.5,active
WOMALLEY-55RJ32_womalley,2026-05-18 13:14:42,2026-05-19 15:39:13,1.1,194,13.3,active
DKUNTTU-W0CXCFB_dkunttu,2024-09-16 09:03:26,2024-09-17 12:12:05,1.1,10,622.5,active
KIRRO-ALLOYSIT7_Kirro,2026-05-27 10:53:12,2026-05-28 13:58:09,1.1,293,4.4,active
SSPINNER-000090_sspinner,2026-05-27 11:28:53,2026-05-28 13:18:50,1.1,212,4.4,active
COC-X9-BE1_kojik,2025-05-15 14:45:00,2025-05-16 13:39:39,1.0,17,381.4,active
ASANTHOSH-FT15Y_X1,2025-10-13 10:54:15,2025-10-14 10:43:42,1.0,46,230.6,active
YONDA-PF1BLXHW_yonda,2026-01-08 21:44:58,2026-01-09 22:20:10,1.0,434,143.1,active
FSUN3-PC133Y8H_fsun3,2024-03-04 15:59:51,2024-03-05 15:54:52,1.0,15,818.3,active
AMANDELBLOO-9TD_amandelbloom,2026-05-11 07:30:18,2026-05-12 08:08:15,1.0,18,20.7,active
TCHONAN-F49QH11_tchonan,2024-05-13 18:21:59,2024-05-14 18:03:33,1.0,440,748.2,active
DAVID_dcosby,2026-05-25 11:08:10,2026-05-26 11:06:41,1.0,68,6.5,active
CFERLAND-0DYS2P_cferland,2025-05-20 07:21:06,2025-05-21 08:00:32,1.0,62,376.7,active
DESKTOP-56S79KM_DEV-condor,2024-05-21 20:12:26,2024-05-22 19:12:25,1.0,4,740.2,active
EAAGM1_pasw-,2025-09-04 18:24:40,2025-09-05 17:27:16,1.0,14,269.3,active
TBERDAR-F4RM5MK_tberdar,2024-06-03 12:59:53,2024-06-04 13:51:30,1.0,52,727.4,active
TMIYAMOTO1-75C2_tmiyamoto1,2025-01-07 19:12:32,2025-01-08 18:06:01,1.0,41,509.2,active
PETER_pchen23,2026-03-16 20:07:27,2026-03-17 20:39:54,1.0,15,76.1,active
0350LQ-PF593HRF_0350LQ,2025-10-27 08:33:15,2025-10-28 09:31:06,1.0,6,216.6,active
OHSAWAEAGLE7_ohsaw,2024-07-03 09:38:50,2024-07-04 09:18:15,1.0,69,697.6,active
LAPTOP-J2L4OE0Q_ANakamura,2026-05-28 10:05:42,2026-05-29 09:39:02,1.0,69,3.6,active
MMERCHANT-H0CAW_mmerchant,2026-05-26 15:53:54,2026-05-27 15:44:42,1.0,230,5.3,active
LAPTOP-Q5JPEGGD_Nate,2026-04-08 15:14:19,2026-04-09 14:20:39,1.0,22,53.4,active
MARKUSTH1_theberlein,2024-12-10 18:55:58,2024-12-11 17:55:45,1.0,55,537.3,active
KGUO1-PF5GR16K_kguo1,2026-01-12 15:23:25,2026-01-13 12:23:24,0.9,18,139.5,active
NILE_SVT,2026-05-28 10:33:10,2026-05-29 07:29:46,0.9,7,3.7,active
DRUBRIGHT-320B9_drubright,2026-03-04 10:10:45,2026-03-05 07:57:59,0.9,22,88.7,active
MYERSP-PW0HKDA6_MYERSP,2025-06-24 13:30:07,2025-06-25 11:54:26,0.9,6,341.5,active
VISHNU_vkotipalli1,2026-05-26 14:16:56,2026-05-27 12:13:50,0.9,47,5.5,active
FRED_fbower,2025-03-19 15:46:20,2025-03-20 13:46:49,0.9,4,438.4,active
X1C-LNL-SIT-EEP_mripp,2024-11-12 23:16:20,2024-11-13 19:55:36,0.9,21,565.2,active
DILIPB-PF66R2P1_dilipb,2026-05-27 17:00:52,2026-05-28 13:47:29,0.9,3,4.4,active
VSHARAK-F66KN1E_vsharak,2026-05-07 14:50:11,2026-05-08 12:59:07,0.9,4,24.5,active
LAPTOP-JLDUH829_11096,2026-04-09 15:03:00,2026-04-10 13:22:32,0.9,3,52.4,active
LAPTOP-V1IRQ8I4_1,2026-03-04 12:26:04,2026-03-05 10:42:07,0.9,23,88.6,active
JESSICAWANG2025_wangyun,2025-10-16 12:02:12,2025-10-17 09:40:03,0.9,102,227.6,active
LAPTOP-J9M9N0H9_X9-14,2025-06-04 22:28:12,2025-06-05 20:53:47,0.9,19,361.1,active
MIT_mpatel13,2026-05-25 16:42:01,2026-05-26 14:41:47,0.9,171,6.4,active
ADAMSTHAMESLNLB_Howes,2025-10-01 10:03:25,2025-10-02 08:42:07,0.9,77,242.6,active
JPROULX-F5GQ0BB_jproulx,2026-05-26 09:25:25,2026-05-27 07:41:49,0.9,146,5.7,active
LAPTOP-UU99D8BO_T14p_CX_SVT,2024-08-07 16:18:34,2024-08-08 14:06:57,0.9,22,662.4,active
PCHEN23-F5FSWCG_pchen23,2025-09-16 12:39:03,2025-09-17 09:48:51,0.9,46,257.6,active
CARZADON-3JDEXX_carzadon,2025-03-06 16:54:59,2025-03-07 13:57:49,0.9,428,451.4,active
MYERSP-PW0HKDA6_L14,2025-06-29 18:23:32,2025-06-30 13:21:32,0.8,7,336.4,active
MD2-SVT-3FCN_xuxru,2024-04-12 01:13:32,2024-04-12 20:55:32,0.8,24,780.1,active
ARAMAR-R9109T7G_aramar,2024-07-14 15:29:03,2024-07-15 09:33:12,0.8,254,686.6,active
MHALE1-PW0A1P1J_mhale1,2025-01-23 15:22:27,2025-01-24 10:54:31,0.8,55,493.5,active
AH-PF4KXDJ8_ah,2024-05-28 15:52:13,2024-05-29 12:11:38,0.8,46,733.5,active
JJOHNSON16-QW2P_jjohnson16,2024-05-14 13:02:02,2024-05-15 07:30:44,0.8,31,747.7,active
CHANGYC2-1QSR8D_changyc2,2024-01-22 19:43:58,2024-01-23 15:13:58,0.8,66,860.4,active
YICHIKAWA3-M43N_yichikawa3,2026-05-27 17:12:59,2026-05-28 13:23:34,0.8,123,4.4,active
JOSEPH_jmayersalman,2026-04-16 16:56:38,2026-04-17 12:56:43,0.8,67,45.5,active
X1C_SIT,2024-09-11 13:08:25,2024-09-12 09:21:12,0.8,11,627.6,active
X9-14_SVT,2025-04-17 15:25:45,2025-04-18 09:41:21,0.8,7,409.6,active
X9-SIT1_xuxru,2024-12-09 17:15:57,2024-12-10 11:51:48,0.8,43,538.5,active
LAPTOP-SHD3G568_Test,2026-03-14 16:58:55,2026-03-15 11:17:15,0.8,72,78.5,active
CQUICK-PF4H4VXC_cquick,2024-01-16 21:12:44,2024-01-17 16:39:52,0.8,68,866.3,active
ARANGANATHA-8QB_aranganathan,2023-12-10 22:02:28,2023-12-11 14:19:40,0.7,22,903.4,active
SPAVLIC-F66MQCF_SPAVLIC,2026-05-31 21:26:42,2026-06-01 14:34:52,0.7,8,0.4,active
LAPTOP-146432PF_PQM,2024-08-21 17:40:04,2024-08-22 09:32:50,0.7,123,648.6,active
KSHIBAYAMA-TB38_kshibayama,2024-08-20 15:48:59,2024-08-21 09:01:34,0.7,110,649.6,active
FALMODOVAR-ZGVG_falmodovar,2025-03-31 21:46:11,2025-04-01 14:14:07,0.7,14,426.4,active
MHALE1-PF5CXE0G_mhale1,2025-04-14 16:47:56,2025-04-15 09:51:13,0.7,7,412.6,active
LAPTOP-OLNLOES4_SIT21,2025-12-22 20:14:26,2025-12-23 12:01:09,0.7,2,160.5,active
LAPTOP-G59PGF6O_Avon,2026-05-07 14:38:28,2026-05-08 08:32:48,0.7,43,24.6,active
GLANCE_GM4,2025-08-21 21:24:58,2025-08-22 13:04:27,0.7,312,283.5,active
X1C_GEN13,2024-12-18 15:00:08,2024-12-19 07:26:52,0.7,7,529.7,active
MKITAMURA-N0XRP_mkitamura,2024-04-09 20:05:29,2024-04-10 13:40:09,0.7,261,782.4,active
GHIROSE-F453D0C_ghirose,2025-06-09 18:33:21,2025-06-10 11:02:55,0.7,283,356.5,active
ASANTHOSH_asanthosh,2026-05-29 08:06:57,2026-05-29 22:40:36,0.6,58,3.1,active
TRICHARDSON-NKH_trichardson,2026-05-25 20:55:34,2026-05-26 11:45:29,0.6,45,6.5,active
LAPTOP-SHOBTFD7_TM1,2025-10-01 13:00:27,2025-10-02 03:05:38,0.6,10,242.9,active
MCOCKMAN-09S0ZB_mcockman,2026-05-28 21:19:21,2026-05-29 12:25:43,0.6,50,3.5,active
LAPTOP-869LCUOI_panjun1,2023-05-11 15:43:40,2023-05-12 07:00:22,0.6,28,1116.7,active
MCOONER1-67PP9K_mcooner1,2026-05-25 20:39:06,2026-05-26 08:58:28,0.5,5,6.6,active
BDILLON-F62WZTG_bdillon,2026-04-27 20:28:19,2026-04-28 09:40:16,0.5,23,34.6,active
KAYLEY_Kayle,2026-05-26 09:40:29,2026-05-26 20:52:00,0.5,54,6.1,active
JNUNEZ5-W0KPY33_jnunez5,2026-02-24 23:08:17,2026-02-25 11:40:47,0.5,12,96.5,active
LAPTOP-VSQFIELJ_L16HPT,2026-04-27 20:29:37,2026-04-28 09:30:41,0.5,68,34.6,active
HARSHADA-X1CG12_hghodke,2026-05-26 20:52:32,2026-05-27 09:12:36,0.5,110,5.6,active
PQM-BETA_hels,2025-12-22 21:06:14,2025-12-23 08:28:39,0.5,7,160.6,active
SUGAP-PF2QQVFQ_SUGAP,2024-02-06 08:56:58,2024-02-06 17:26:59,0.4,320,846.3,active
DESKTOP-BUL3M0Q_DEV,2024-05-22 10:12:08,2024-05-22 19:12:08,0.4,5,740.2,active
LAPTOP-H1CK928J_rreaves,2025-05-18 09:48:51,2025-05-18 18:42:32,0.4,9,379.2,active
NICOLEX1CG12_nbaker,2025-02-24 09:25:34,2025-02-24 17:56:30,0.4,126,462.3,active
ALLOY_FINALSVT,2025-07-24 21:59:07,2025-07-25 08:31:28,0.4,31,311.6,active
MKOZO-PF3W9L3K_mkozo,2026-05-28 16:35:24,2026-05-29 01:54:04,0.4,271,3.9,active
ASHISHIDO-RHBV7_ashishido,2024-11-06 10:38:13,2024-11-06 19:50:42,0.4,39,572.2,active
AOHYAMA-F3Y6JVY_aohyama,2024-06-18 13:00:01,2024-06-18 19:34:04,0.3,405,713.2,active
LAPTOP-I551TCUQ_Eiger-1,2024-02-29 11:48:33,2024-02-29 18:18:33,0.3,12,823.2,active
SIWAI-PF5P5JF7_siwai,2026-06-01 08:58:36,2026-06-01 15:09:59,0.3,34,0.4,active
DHERRING1-6KYF4_dherring1,2026-05-29 07:08:25,2026-05-29 13:38:25,0.3,9,3.4,active
PJJAKES-F63ATFB_X1,2026-02-17 09:01:22,2026-02-17 16:35:14,0.3,18,104.3,active
DRUBRIGHT-FSTTJ_drubright,2026-05-27 11:24:19,2026-05-27 19:26:33,0.3,135,5.2,active
CQUITIAN-5E0G78_cquitian,2026-04-22 10:36:50,2026-04-22 16:41:46,0.3,6,40.3,active
RBULLARD-4S7F11_rbullard,2024-09-17 07:28:16,2024-09-17 15:19:23,0.3,17,622.4,active
ANODA-PF5E0G8K_anoda,2026-04-22 10:04:46,2026-04-22 17:04:45,0.3,28,40.3,active
LL_LLL,2026-04-20 09:26:49,2026-04-20 17:08:12,0.3,56,42.3,active
GMCNEIL-F55JALH_gmcneil,2024-11-25 09:37:40,2024-11-25 15:44:09,0.3,56,553.3,active
T14S2IN1_robbiet,2025-08-11 09:53:53,2025-08-11 14:43:08,0.2,29,294.4,active
KATIE_kjackson,2025-07-17 09:04:24,2025-07-17 14:55:37,0.2,9,319.4,active
HBOUHYA-F62XRZ6_hbouhya,2026-03-17 09:47:38,2026-03-17 14:09:22,0.2,9,76.4,active
SPOSHAR-W0J2TP0_sposhar,2026-06-01 10:54:11,2026-06-01 15:26:19,0.2,136,0.4,active
PJJAKES-F63ATFB_pjjakes,2026-02-04 08:18:23,2026-02-04 13:43:40,0.2,9,117.4,active
LAPTOP-A9PSKJU9_panjun1,2026-05-20 10:39:37,2026-05-20 14:35:17,0.2,123,12.4,active
LAPTOP-11RRGHRF_2ndH28,2024-01-10 11:23:14,2024-01-10 15:09:15,0.2,9,873.4,active
APARAMESWAR-PAD_aparameswara,2024-11-26 09:40:23,2024-11-26 14:33:46,0.2,135,552.4,active
KGUO1-PW09S0X5_kguo1,2024-04-03 12:20:53,2024-04-03 17:34:29,0.2,7,789.3,active
X13_2IN1,2025-03-10 10:44:28,2025-03-10 14:28:21,0.2,220,448.4,active
X1C-G13-TK_E28508,2026-05-07 10:50:05,2026-05-07 15:11:13,0.2,11,25.4,active
SHIGE_MS2ARL,2025-08-26 11:53:15,2025-08-26 16:27:18,0.2,34,279.3,active
LAPTOP-SH0NRR9B_Mesery2,2025-09-04 23:23:29,2025-09-05 01:01:08,0.1,2,270.0,active
AVON-SVTSKU3_Avon,2026-06-01 13:34:59,2026-06-01 16:37:34,0.1,42,0.3,active
AIII1-PW0J2TQF_aiii1,2026-01-28 09:48:45,2026-01-28 11:18:45,0.1,41,124.5,active
LAPTOP-CIKD46CF_Zeus2,2024-06-11 15:10:40,2024-06-11 17:02:21,0.1,16,720.3,active
KANGYINGB-LFXB1_kangyingb,2025-10-09 11:07:17,2025-10-09 13:49:38,0.1,66,235.4,active
LAPTOP-E1AAB86F_X1_2-1,2025-03-03 07:02:11,2025-03-03 10:27:18,0.1,217,455.6,active
LAPTOP-T4UU1BOP_Nikle,2026-04-23 12:20:42,2026-04-23 14:02:34,0.1,92,39.4,active
LAPTOP-LVNFDHDN_EAA,2025-09-03 23:41:10,2025-09-04 01:38:29,0.1,12,270.9,active
LAPTOP-SE41CTD4_gaojiangwei,2023-12-25 13:15:53,2023-12-25 15:45:53,0.1,69,889.3,active
X1FOLDSVT_laher,2024-10-24 10:38:24,2024-10-24 12:42:12,0.1,35,585.5,active
THANSON-F5NV1S7_thanson,2026-05-27 13:22:05,2026-05-27 15:22:04,0.1,125,5.4,active
AMALU_asanthosh,2025-05-29 12:09:04,2025-05-29 13:27:35,0.1,104,368.4,active
LAPTOP-OMDL8LQ4_EESIT,2025-03-12 11:47:50,2025-03-12 13:51:11,0.1,131,446.4,active
LAPTOP-FG0TTKQT_amurugan1,2025-06-26 13:51:49,2025-06-26 15:51:49,0.1,31,340.3,active
TSCOTT2-F58PHQH_tscott2,2026-04-20 11:23:51,2026-04-20 14:41:41,0.1,86,42.4,active
TMORIWAKI-00019_tmoriwaki,2024-11-27 14:33:27,2024-11-27 18:03:27,0.1,93,551.2,active
LAPTOP-KQTSA7PM_1,2023-12-07 07:28:36,2023-12-07 09:41:08,0.1,49,907.6,active
STAHAMTAN-MLH1C_stahamtan,2026-05-28 08:45:58,2026-05-28 11:55:25,0.1,114,4.5,active
MERSEY1_SIT,2024-03-04 16:58:16,2024-03-04 19:59:25,0.1,10,819.2,active
CGOOTEE-F66K4JN_cgootee,2026-06-01 09:34:18,2026-06-01 11:34:17,0.1,4,0.5,active
DESKTOP-BJGS966_DEV,2024-05-22 17:41:34,2024-05-22 19:11:29,0.1,11,740.2,active
JMAYERSALMA-252_jmayersalman,2026-05-21 11:07:22,2026-05-21 12:29:07,0.1,8,11.5,active
MBHAVSAR-5FSFDE_mbhavsar,2025-08-11 12:45:38,2025-08-11 14:26:19,0.1,70,294.4,active
CTURNER-F4T62ZK_cturner,2024-04-09 13:08:42,2024-04-09 15:11:14,0.1,37,783.4,active
GLRTEST_s,2024-07-18 11:31:11,2024-07-18 14:12:50,0.1,6,683.4,active
CTURNER-1000036_cturner,2025-09-04 09:42:32,2025-09-04 13:12:32,0.1,42,270.4,active
PQM-AN1-BETA_hels,2026-05-20 15:23:17,2026-05-20 17:20:30,0.1,94,12.3,active
ESHORT_L13,2024-07-29 10:26:24,2024-07-29 11:56:24,0.1,353,672.5,active
MAOXY1-PF1H5KSF_maoxy1,2025-05-27 09:00:30,2025-05-27 11:06:25,0.1,206,370.5,active
NANO_G3,2024-03-25 11:21:55,2024-03-25 13:28:32,0.1,155,798.4,active
NMMILLER-62XHX6_nmmiller,2026-05-26 10:42:43,2026-05-26 13:16:36,0.1,10,6.4,active
OHSAWACONDOR4_ohsaw,2024-12-20 14:47:54,2024-12-20 17:04:59,0.1,78,528.3,active
LOEBACHJ-58TDMH_loebachj,2026-05-26 07:20:19,2026-05-26 09:38:57,0.1,41,6.6,active
MHALE1-PF55QFC9_mhale1,2026-06-01 09:05:43,2026-06-01 10:35:43,0.1,72,0.6,active
FBOWER-PF59NQY8_fbower,2026-05-01 07:50:35,2026-05-01 09:24:28,0.1,32,31.6,active
SWIGGINS-0HBMT4_swiggins,2026-05-26 13:27:05,2026-05-26 15:03:02,0.1,168,6.4,active
FFEI-PF5PFHPB_ffei,2026-05-26 11:27:37,2026-05-26 14:33:21,0.1,58,6.4,active
SYAMAKI-9000027_s,2024-10-18 10:06:23,2024-10-18 13:06:23,0.1,5,591.5,active
JKLEISSLER-DNZK_jkleissler,2025-03-14 08:30:41,2025-03-14 10:00:37,0.1,23,444.6,active
JBARRETT-4SA7XV_jbarrett,2025-09-03 12:51:07,2025-09-03 14:55:38,0.1,135,271.4,active
PQM-BETA_frank,2026-05-12 14:14:18,2026-05-12 15:44:17,0.1,91,20.3,active
LAPTOP-VHFOHP1Q_Neal,2026-04-24 09:23:22,2026-04-24 09:23:22,0.0,52,38.6,active
HMORI-PF49QH1A_HMORI,2025-01-16 08:51:04,2025-01-16 08:51:04,0.0,440,501.6,active
NMCKOY-PF5H0PJZ_nmckoy,2026-05-28 08:37:03,2026-05-28 08:39:32,0.0,178,4.6,active
AMIGDOL-F67CCZ1_amigdol,2026-06-01 09:56:49,2026-06-01 09:56:49,0.0,10,0.6,active
HWPA-NL1-SKU8-S_HWPA,2026-01-14 10:57:59,2026-01-14 10:57:59,0.0,5,138.5,active
ANUP_TINY,2025-11-04 11:18:15,2025-11-04 11:48:15,0.0,95,209.5,active
MTSUKADA-3MYFQH_mtsukada,2024-03-12 14:42:30,2024-03-12 15:15:16,0.0,158,811.4,active
HSUMIXPF3MN51B_Hiroyuki_Sumi,2025-08-13 08:04:19,2025-08-13 08:04:33,0.0,249,292.7,active
HAOJING6-501MPD_haojing6,2026-04-22 09:57:39,2026-04-22 10:27:39,0.0,88,40.6,active
HDIZ1PF59HFLQ_hdiz,2026-05-27 10:32:11,2026-05-27 11:02:11,0.0,177,5.5,active
PJJAKES-F5HTSDQ_pjjakes,2026-05-19 08:37:15,2026-05-19 09:07:40,0.0,115,13.6,active
LAPTOP-E1N6C0NF_Nile,2026-03-11 09:12:53,2026-03-11 09:12:53,0.0,4,82.6,active
MS1-2ND-3C_HWPA,2024-02-15 15:47:29,2024-02-15 15:47:29,0.0,7,837.3,active
PHIL_pweinstein,2026-05-26 14:01:14,2026-05-26 14:31:14,0.0,103,6.4,active
PHIL_pjjakes,2025-11-04 18:12:24,2025-11-04 18:12:24,0.0,80,209.2,active
LAPTOP-DDJ0EVTT_T14s2in1,2026-05-27 13:33:48,2026-05-27 14:03:48,0.0,33,5.4,active
PCHEN23-W0ABC67_pchen23,2024-05-19 23:29:40,2024-05-19 23:29:40,0.0,22,743.0,active
LAPTOP-APU7HF6F_Carl_Pan,2024-10-17 10:20:04,2024-10-17 10:20:43,0.0,133,592.6,active
LAPTOP-ADS95E8B_TM2,2025-08-28 12:10:00,2025-08-28 12:17:55,0.0,11,277.5,active
YSONE-PF3993EL_ysone,2025-08-22 09:49:05,2025-08-22 09:50:53,0.0,132,283.6,active
ETURNER-F54Q6Z0_eturner,2025-06-11 11:04:49,2025-06-11 11:04:49,0.0,105,355.5,active
GKONDO-PF4RM5PL_gkondo,2024-09-11 19:56:08,2024-09-11 19:56:17,0.0,39,628.2,active
LAPTOP-97DA2E9K_johnny,2023-11-09 13:57:58,2023-11-09 13:57:58,0.0,59,935.4,active
ZHANGLU11-10_zhanglu11,2024-01-30 08:07:18,2024-01-30 08:08:05,0.0,17,853.7,active
QCOM-DCV40DDOIB_jowill,2024-10-29 08:27:49,2024-10-29 08:27:49,0.0,43,580.6,active
KWATAMURA-BLXLJ_kwatamura,2024-10-10 13:53:44,2024-10-10 13:53:51,0.0,375,599.4,active
HYKW_X1CG11,2024-11-15 17:29:54,2024-11-15 17:29:54,0.0,8,563.3,active
SPETERSEN2-SBS6_spetersen2,2025-07-09 09:35:45,2025-07-09 09:35:45,0.0,8,327.6,active
MBUT-PF3DMVFZ_mbutt,2026-05-28 10:34:45,2026-05-28 11:04:45,0.0,48,4.5,active
TRICHARDSON-GP9_trichardson,2025-05-12 11:32:15,2025-05-12 11:32:15,0.0,128,385.5,active
TPARRISH2-00047_tparrish2,2026-05-13 14:22:06,2026-05-13 15:22:06,0.0,15,19.4,active
LAPTOP-RCQD7R5B_kazuk,2024-01-29 16:51:43,2024-01-29 16:51:46,0.0,261,854.3,active
JNUNEZ5-F5801NF_jnunez5,2025-01-16 14:14:58,2025-01-16 14:15:00,0.0,12,501.4,active
SKOYAMA-F2Q1LZA_skoyama,2024-08-19 13:12:36,2024-08-19 13:45:45,0.0,84,651.4,active
JNUNEZ5-F5HP4BE_jnunez5,2026-04-22 09:46:41,2026-04-22 09:46:41,0.0,9,40.6,active
MPCD-TNA_HWPA,2025-06-25 07:14:53,2025-06-25 07:14:53,0.0,20,341.7,active
KAZUK_PR2,2025-06-06 10:47:46,2025-06-06 11:17:45,0.0,277,360.5,active
FORIPF_radac,2026-03-25 13:29:21,2026-03-25 13:59:21,0.0,219,68.4,active
STEVENLONG-EKAH_stevenlong,2025-04-10 08:51:22,2025-04-10 09:27:22,0.0,31,417.6,active
LAPTOP-TH4417NP_MobilePE,2024-10-09 19:36:45,2024-10-09 19:36:45,0.0,2,600.2,active
LAPTOP-UFSPNVK8_SIT2,2023-12-25 15:25:22,2023-12-25 15:34:41,0.0,6,889.4,active
JPIPER-PF689FNM_jpiper,2026-05-28 12:57:54,2026-05-28 14:06:46,0.0,5,4.4,active
BDILLON-F58TDBM_bdillon,2026-04-29 19:04:00,2026-04-29 20:04:27,0.0,101,33.2,active
MC702142-0275JW_MC702142,2025-07-11 18:21:58,2025-07-11 18:22:03,0.0,240,325.2,active
SITZ13G2JN5BETA_jnunez5,2023-10-24 09:48:31,2023-10-24 09:48:31,0.0,41,951.6,active
MERSEY1_Jeffrey_Farringer,2025-02-06 10:23:00,2025-02-06 10:23:00,0.0,78,480.6,active
KSERDAR-W0A2BP3_kserdar,2026-05-28 10:32:36,2026-05-28 11:02:36,0.0,250,4.5,active
BDILLON-F4RV0ZR_bdillon,2025-09-13 17:20:14,2025-09-13 17:20:31,0.0,144,261.3,active
JL18156-F3Z1LJN_JL18156,2025-10-16 17:55:35,2025-10-16 18:03:00,0.0,288,228.2,active
JGERMANO-5PHRQ0_jgermano,2026-05-26 13:47:26,2026-05-26 14:17:26,0.0,95,6.4,active
DESKTOP-LBSEJ4D_perf-test,2024-01-16 07:27:54,2024-01-16 08:11:46,0.0,10,867.7,active
ROCK_yuqj1,2024-12-25 08:55:08,2024-12-25 10:05:50,0.0,11,523.6,active
JCOYNE_jcoyne,2024-10-25 08:06:43,2024-10-25 08:16:37,0.0,12,584.7,active
LAPTOP-K9NORC70_SIT,2025-09-11 19:18:36,2025-09-11 20:07:44,0.0,12,263.2,active
RMCFADDEN1-S8MT_rmcfadden1,2026-04-16 11:26:47,2026-04-16 11:56:47,0.0,149,46.5,active
L13G4-A-CGBETA_cgridley,2024-08-01 11:19:13,2024-08-01 11:19:13,0.0,43,669.5,active
MOBILEPE-4N8HJ9_MobilePE,2024-10-09 18:13:09,2024-10-09 18:13:09,0.0,63,600.2,active
MOTO-X1C_motty,2026-04-22 17:06:00,2026-04-22 17:27:29,0.0,46,40.3,active
RCLEMENTS-DS3BG_rclements,2025-06-26 09:18:39,2025-06-26 09:48:39,0.0,31,340.6,active
LAPTOP-8KIMRE5B_cturner,2024-06-26 10:11:07,2024-06-26 11:13:50,0.0,18,705.5,active
