user_id,design_mwh
0350LQ-PF593HRF_0350LQ,57029.434546862896
ABUCKNER-0B0WH8_abuckner,89998.93378825035
ADAMSTHAMESLNLB_Howes,57029.970126240725
ADAMS_ALLOY,55100.61067173891
ADAMS_JAGUAR3,57049.9745028047
ADIEHL-PF4CNVD9_adiehl,56999.06609940853
AGEORGE3-4SA7W2_ageorge3,54732.346807031485
AH-PF2PXA6R_ah,57000.0
AH-PF4KXDJ8_ah,57029.47845804989
AIII1-PF55Q7L6_aiii1,87379.11497509036
AIII1-PF6249QS_aiii1,60000.0
AIII1-PW0J2TQF_aiii1,54749.72414484903
AINOW_UX,58000.0
AKOZLOWSKI-ALZD_akozlowski,75002.49975002499
AL-SVT7_xuxru,55099.364470896806
ALLOY-SIT_mripp,55097.96081567373
ALLOY_FINALSVT,55099.5896306676
AMALU_asanthosh,57030.31511767052
AMANDELBLOO-4SM_amandelbloom,55100.105374077975
AMANDELBLOO-9TD_amandelbloom,75000.0
AMANDELBLOO-VBQ_amandelbloom,54699.87494789496
AMANDELBLOOXH8H_amandelbloom,52500.0
AMCCLARNON-1Z35_amcclarnon,45998.00399201597
AMCCLARNON-69JL_amcclarnon,57028.942705256944
AMCCLARNON-TSEM_amcclarnon,58001.97823936697
AMIGDOL-F67CCZ1_amigdol,60000.0
AMIKAMI-F49VQPZ_amikami,57050.29013539651
ANAKAMURA8-3ZVB_anakamura8,57000.0
ANDY-TH1_zuyin,57030.22339027595
ANDY_zuyin,57049.9393672142
ANIETO1-F5GNTSH_anieto1,57000.0
ANODA-PF5E0G8K_anoda,58000.83998320034
ANUPT14S_avachali,54699.91173874669
ANUP_TINY,54699.91173874669
AOHYAMA-F3Y6JVY_aohyama,56999.884964914294
APARAMESWAR-G5E_aparameswara,86000.0
APARAMESWAR-PAD_aparameswara,54699.67904630904
ARAMAR-R9109T7G_aramar,80399.85719385934
ARANGANATHA-8QB_aranganathan,57000.983284169124
ASANTHOSH-9S10E_asanthosh,56999.5081160846
ASANTHOSH-FT15Y_X1,57029.937753186445
ASANTHOSH-FT15Y_asanthosh,57029.937753186445
ASANTHOSH_asanthosh,60000.0
ASHISHIDO-RHBV7_ashishido,50448.975636517884
ATOKYO-PF3TQD0N_atokyo,57000.0
AVACHALI-4SM98Q_avachali,54699.91173874669
AVON-SVTSKU3_Avon,58000.6004202942
AVON_SIT2,58000.0
BDILLON-F4RV0ZR_bdillon,52569.941444372154
BDILLON-F58TDBM_bdillon,57030.0
BDILLON-F5CZRRY_T14,56999.89992995096
BDILLON-F5CZRRY_bdillon,56999.89992995096
BDILLON-F62WZTG_bdillon,60000.0
BDILLON-F65JXS1_bdillon,54699.83018679453
BDILLON-F67NKP7_bdillon,75002.49975002499
BFALEIRO-0A1NXZ_bfaleiro,46000.0
BFALEIRO-5C6ATS_bfaleiro,57028.58487236795
BFALEIRO-629K3A_bfaleiro,75000.0
BILLWORK2_ottow,75000.0
BKOCHUPARAM-BR2_bkochuparamb,90000.0
BMIAO-PF4CFQ04_bmiao,86000.0
BOB_Libra2.1-ELP2-SVT34,93541.18104118104
BRIAN_bcampbell,58000.999500249876
BRYAN_X1,57050.60467300693
CARBON9TH_Dexter,57053.29153605016
CARLLAPTOP_CarlWu,57000.0
CARZADON-3JDEXX_carzadon,50449.87146529563
CBLACKBURN-E2WL_cblackburn,89998.04839968774
CBLACKBURN-TSG2_cblackburn,57998.99949974987
CBLACKBURNXY23A_cblackburn,52500.254608412266
CBOULTON-5METJ1_cboulton,75000.0
CCHEN50-F3PD01M_cchen50,57000.22691173133
CCHOW3-PF4S7DN8_cchow3,39300.48890560361
CCHOW3-PF4YBY4D_cchow3,75000.0
CCOLGLAZIER-V05_ccolglazier,60000.0
CCOURTEIX-C7ECE_ccourteix,58000.999500249876
CDORNER-F5WFAPN_cdorner,99899.9699909973
CFERLAND-0DYS2P_cferland,58000.582920431356
CGOOTEE-F66K4JN_cgootee,75000.0
CHANGYC2-1QSR8D_changyc2,48009.79791794244
CHIKARA7-3PAB5T_chikara7,57047.93545325107
CHIKARA7-ZBPQUS_chikara7,57031.171694898265
CMORATAYA-MDFJZ_cmorataya,75000.0
COC-X9-BE1_kojik,55101.235904128174
COLIN_cdorner,99899.90991892703
CPC-TESTER5_Ridge_Jia,52500.24274201379
CPCTESTER202407_49005,58001.35698361927
CPOWELL1-577MKQ_cpowell1,57030.078944738685
CPOWELL1-PF4Z89_cpowell1,52499.727698507784
CQUEEN-PW06FV2M_cqueen,90088.66755739099
CQUICK-PF4H4VXC_cquick,54700.17018720593
CQUITIAN-5E0G78_cquitian,57997.82372143634
CRAMPELBERG-VRJ_T14,56999.90092143069
CRAMPELBERG-VRJ_crampelberg,56999.90092143069
CRISTIAN_cmorataya,54699.83018679453
CSILVA30-674ERX_csilva30,58002.599220233926
CTURNER-1000036_cturner,90001.02239034863
CTURNER-F4T62ZK_cturner,75000.0
CTURNER_cturner,54729.914998629014
CXTESTT14P_liufe,75000.0
DAVID_dcosby,58000.201389588154
DBROWN6-F4RV7QY_dbrown6,52570.0
DEBORAH_drepplier,58000.0
DESKTOP-0OFMVDC_x1,57029.63847573553
DESKTOP-0R32PSA_ah,57999.78878445454
DESKTOP-2OI6HV8_jnunez5,57999.80523906904
DESKTOP-56S79KM_DEV-condor,58001.35698361927
DESKTOP-5TU0QIM_igluzman,58000.77866459023
DESKTOP-65B5D4E_Mark,90003.88450084164
DESKTOP-6BVEF2H_PF4LS9A1,57001.08086862534
DESKTOP-8L6GNCN_Winson_Chiu,58000.40975209998
DESKTOP-AN20HIT_kpatton,58000.999500249876
DESKTOP-BJGS966_DEV,58001.003260596946
DESKTOP-BUL3M0Q_DEV,57999.80618276965
DESKTOP-CDUSM1A_T14s,57999.80137054325
DESKTOP-DR88TUK_DEV-Condor,58000.999500249876
DESKTOP-EP8TDGT_nmadhani,58001.16663426016
DESKTOP-F4I6BLL_jl240,51000.58858151854
DESKTOP-K1B42LP_SVT-GM5-who2-No-B,58000.0
DESKTOP-KQ90P7N_jkleissler,58000.196444357134
DESKTOP-LBSEJ4D_perf-test,57000.513610683105
DESKTOP-MMH8JIS_chee1,49500.29982010793
DESKTOP-N9S9JC9_think,47000.0
DESKTOP-QAH5T71_ehowe,58000.0
DESKTOP-QLOL3EV_ehowe,58000.0
DESKTOP-VBGKQ59_rtwall,57999.23634975181
DHARDING-55C9NC_dharding,58000.38602586373
DHERRING1-6KYF4_dherring1,75002.42789161892
DILIPB-PF66R2P1_dilipb,58000.999500249876
DILLON_dpaquin,57000.0
DJR-PF3R8T3C_djr,57000.31181789835
DKUNTTU-F4JTB5W_dkunttu,72159.96710188137
DKUNTTU-F4ML5R6_dkunttu,57030.28576853698
DKUNTTU-F5AZ5F3_dkunttu,79998.04572991988
DKUNTTU-W0CXCFB_dkunttu,57999.391295526024
DLI13-PW0HKDEK_dli13,57001.386413151115
DLOMIS-PF58PBCR_X1,57029.54590521515
DLOMIS-PF58PBCR_dlomis,57029.54590521515
DONGQZ-PF4RM5MZ_dongqz,57030.56768558952
DONGQZ-PF505XME_dongqz,57001.16686114352
DONGQZ-PF5HTSGV_dongqz,58001.75970280574
DONGQZ-PF6229ZN_dongqz,58000.6004202942
DONGQZ-PF66VXBZ_dongqz,58000.999500249876
DONGQZ-PW0B15P6_dongqz,90000.0
DRICKARD-5GLCFY_drickard,54749.80453479281
DRUBRIGHT-320B9_drubright,58000.999500249876
DRUBRIGHT-DPJ32_drubright,55100.20040080161
DRUBRIGHT-EHFA6_drubright,54700.256589689765
DRUBRIGHT-FSTTJ_drubright,56999.803652071474
DRUBRIGHT-N1GRS_drubright,57030.9550773877
DRUBRIGHT-NXE61_drubright,57030.56768558952
DSABOGAL-66ZRAR_dsabogal,58000.999500249876
DSMITH3-F66KH2F_dsmith3,75002.49975002499
DWATTS-PF5C6AV8_dwatts,57030.09892654178
DWATTS-PF627DJB_dwatts,60000.0
DWATTS-PF668VNV_dwatts,54699.34061608109
E14_test,47000.0
E28386-PF3X7BXZ_e28386,57000.0
E31583-PW0BLY7A_ohsaw,58000.6004202942
EAAGM1_pasw-,57029.511369134016
EB16034-F2RY6ZG_eb16034,50500.29429075927
EB16034-F4414Y8_eb16034,57001.40028005601
EB16034-F4QX17S_eb16034,57029.30030501895
EBUCHHOLZ-HKD6N_ebuchholz,57000.0
ECOOK-PF67560P_ecook,60000.0
EDANG-PF5TMMM8_edang,99899.98999899991
EIGERAMD_44900,58020.40130030266
EMOURA3-W0A2BQE_emoura3,46499.60998439937
ENOZAKI1-38LRB0_enozaki1,57000.104090767156
ESHORT_L13,46000.0
ETURNER-F54Q6Z0_eturner,57999.78878445454
EWALLACE-5AM7XJ_ewallace,56999.90648087533
FALMODOVAR-ZGVG_falmodovar,87381.30200685267
FANG_X13,54727.54050073638
FBOWER-PF59NQY8_fbower,87381.02247080758
FBOWER-PF5PJKZL_fbower,56998.711893516534
FFEI-PF5PFHPB_ffei,90000.0
FFENG-PF5FSWGF_ffeng,57001.40028005601
FORIPF_radac,57000.5790387956
FRED_Fred_Bower,75000.0
FRED_fbower,85995.79873962188
FSUN3-PC133Y8H_LicenseServer,57020.05730659026
FSUN3-PC133Y8H_fsun3,57020.31602708804
FTEK-PW09S10C_ftek,57000.0
GGILLETT-5D9MVD_ggillett,52499.75347598856
GHIROSE-F453D0C_ghirose,39380.09787928222
GHOOGAR-F3KPQQX_ghoogar,57049.94192799071
GKONDO-PF4RM5PL_gkondo,57028.11244979919
GKONDOXPF3TRKJD_gkondo,57000.12038040208
GLANCE_GM4,49529.993216396935
GLRTEST_s,58000.387897595036
GM201_an1,58000.0
GMCNEIL-F55JALH_gmcneil,58000.83998320034
GREG-WORK-X13Y_gmcneil,54729.65767302975
GTORRES3-0ABC7N_gtorres3,42222.00883426157
GTORRES3-0C7G0F_gtorres3,57999.59951942331
GTORRES3-5AZJEC_gtorres3,80000.0
GUERRILLAPC-M_GPC-1,57000.0
HAOJING6-501MPD_haojing6,58020.26693030153
HARDBAR-F4VMMMN_hardbar,52499.50406665345
HARRLIXPF4PFNTC_harrli,57049.97968305567
HARSHADA-X1CG12_hghodke,57029.93254637437
HBOUHYA-F5GLH13_hbouhya,54749.81870920957
HBOUHYA-F62XRZ6_hbouhya,60000.0
HDIZ1PF59HFLQ_hdiz,57030.06705602423
HELS-PW0C7G11_Lanshan,58000.999500249876
HHUDELSON-B0WN2_hhudelson,90000.0
HIDEKIK-F3T9NA0_hidekik,57047.619047619046
HIKAWA-PF38LTK0_hikawa,57001.70357751278
HIKAWAXPF3Z84A1_hikawa,57047.14640198512
HIROSE-PF4AKXKG_hirose,72010.81707552636
HMORI-PF49QH1A_HMORI,56999.65433805738
HNAKA-PF43B9PV_hnaka,57051.84259837602
HSUMI-GM132TGM_hsumi,58000.876808417364
HSUMIXPF3MN51B_Hiroyuki_Sumi,57001.067235859126
HSUMIXPF3T9QH8_hsumi,57051.628964173615
HWPA-NL1-SKU8-S_HWPA,58000.999500249876
HWPA-SKU2-03_YSKOBA,57032.73600961057
HWPA-TH1-SKU1B-_TEST,57000.0
HYKW_X1CG11,57030.59513830679
HZHANG16-5GLDJK_hzhang16,54749.188396690755
ICA_USER,57000.66357000664
IMANARANG1-3A19_imanarang1,39301.164725457566
IMIHO-PF2SCRY9_imiho,50500.29429075927
IYOSHIMITSU-VKS_iyoshimitsu,39298.99695706074
JACKX1_jkleissler,57029.97616957231
JAGUAR3_SVT,57050.29013539651
JANUMOLU-0A203W_janumolu,46000.0
JBARRETT-4SA7XV_jbarrett,54699.51357288561
JBOWEN2-F62KRD0_jbowen2,75000.0
JBRUNDIDGE-EPQ0_jbrundidge,74997.50474099211
JCAMARADOR-4NYS_jcamarador,51000.11562030293
JCOMBS-PF5BRRYC_jcombs,57000.0
JCOMBS-PF5PEZSE_jcombs,90000.0
JCOYNE_jcoyne,52500.50010002
JDASILVA-4QWMA3_jdasilva,58020.614430101064
JEFFREYX9-14_jeffreyf1,55099.85387238188
JEREMYCA-4BWNT1_jeremyca,94011.17087298303
JEREMY_jeremyca,90000.99990000999
JESSICAWANG2025_wangyun,57000.20802995632
JESTROFF-4G0AHW_jestroff,52500.24274201379
JESTROFF-4SA4E9_jestroff,54730.02633889376
JESTROFF-504AKS_jestroff,57029.56726062267
JFASANO-F4RXM66_jfasano,39419.84732824427
JFISHEL-F56FAH2_jfishel,57029.74121282348
JG3-SIT-OS_Maru1tom,57000.0
JGERMANO-5PHRQ0_jgermano,90000.0
JINOUE1-F49SYAH_jinoue1,57049.3283666328
JJOHNSON16-QW2P_jjohnson16,57000.757862826824
JJOHNSON18-T4GM_jjohnson18,58000.999500249876
JKLEISSLER-DNZK_jkleissler,57030.0
JL18156-F3Z1LJN_JL18156,54720.41908666439
JL24078-F3YZT26_jl24078,57000.0
JLEWIS9-W0A2BP7_jlewis9,56999.79971960745
JMANCHESTER-LQ5_jmanchester,58000.0
JMATTHEWS2-YXHQ_jmatthews2,93538.96103896103
JMAYERSALMA-252_jmayersalman,54699.83018679453
JMAYERSALMA-HDJ_jmayersalman,56999.20350457985
JMAYERSALMA-TNQ_jmayersalman,54750.0
JMESTLER-5FS8KD_jmestler,57000.09993004897
JNICHOL-F5MCDZS_jnichol,74997.55930879625
JNUNEZ5-3000012_jnunez5,45000.0
JNUNEZ5-F4KXMXN_jnunez5,51511.212219694506
JNUNEZ5-F4ML5N5_jnunez5,57030.7328605201
JNUNEZ5-F4RX1S4_jnunez5,57030.72003101076
JNUNEZ5-F57YZZH_jnunez5,55102.448775612196
JNUNEZ5-F5801NF_jnunez5,55099.466278505584
JNUNEZ5-F588R5E_jnunez5,57030.27390677559
JNUNEZ5-F5HP4BE_jnunez5,99899.9399639784
JNUNEZ5-F5L9LW0_jnunez5,90000.0
JNUNEZ5-F626M4T_jnunez5,58000.999500249876
JNUNEZ5-W05SG98_jnunez5,90010.101010101
JNUNEZ5-W0KPY33_T1g,90000.0
JNUNEZ5-W0KPY33_jnunez5,90000.0
JN_jnunez5,58001.78589145748
JOSEPH_jmayersalman,75000.0
JOSHUA_jbowen2,54749.859471613265
JP2-E3-05_e3,57001.40028005601
JPIPER-PF689FNM_jpiper,58000.999500249876
JPROULX-F5GQ0BB_jproulx,85999.79812253962
JQUINTERO-A2BYW_jquintero,57170.45942464577
JUAN_jnunez5,58019.386429499355
JURAKAWA-3319AM_jurakawa,57049.06291034977
JXU9-PF3SLCZ3_jxu9,90001.02870075096
JYANGO-PF462GGQ_jyango,57051.08595900887
KANGYINGB-LFXB1_kangyingb,55100.34314235208
KARAI6-PF4PTTHT_karai6,57029.43044674995
KATIE_kjackson,54748.711966559735
KAYLEY_Kayle,57030.26174953781
KAZUK_PR2,57000.0
KCHAUHAN1-Y538L_kchauhan1,75000.0
KCHEON-PF5A9YHM_kcheon,58000.20038072337
KDARDEN-F4CFJD9_kdarden,52500.50010002
KGU-PF5DEB5C_kgu,75000.0
KGUO1-PF4R03CL_kguo1,57998.99949974987
KGUO1-PF4Z3832_kguo1,52500.50010002
KGUO1-PF55Q5S3_kguo1,87381.39489386677
KGUO1-PF5GR16K_kguo1,58000.6004202942
KGUO1-PF62LBME_kguo1,75000.0
KGUO1-PW09S0X5_kguo1,57000.0
KHORINOUCHI-42K_khorinouchi,50500.29429075927
KILLEBREW,54731.10959836624
KINOUE4XF49VR0W_kinoue4,57050.952135872365
KIRRO-ALLOYSIT7_Kirro,55100.154083204936
KIWAO-PF4KXHHL_kiwao,51510.86407276402
KIWAO_kiwao,58000.999500249876
KKITTS-PF58LF52_kkitts,56998.99295065458
KMAKI-PF45ET63_kmaki,57000.0
KMAKI-PF4WSHXN_kmaki,57029.99771009846
KMORIGUCHI-SY92_kmoriguchi,57050.29013539651
KSAMBDMA-62KJHP_ksambdma,75000.0
KSERDAR-W0A2BP3_kserdar,57000.0
KSHIBATAX3Y83N9_KSHIBATA,57000.0
KSHIBAYAMA-TB38_kshibayama,57030.500671398426
KTAKEDA5-3ZPVTQ_ktakeda5,57053.184204519515
KTATE2-PW0A2BTJ_ktate2,57169.937555753786
KURADA-32000014_kurada,90000.99990000999
KURADA-3_kurada,42220.49236158412
KURADA-4_kurada,42220.678706092476
KWATAMURA-BLXLJ_kwatamura,51000.0
L13G4-A-CGBETA_cgridley,46000.0
L13_jboxer,46000.8038585209
L14G5I_Richard,46499.80445834963
LALLURI-F5FS8HX_lalluri,57000.09993004897
LAPTOP-080TD3DG_HWPA,90007.05147577314
LAPTOP-0JJ03K9D_rgibson,90007.77604976672
LAPTOP-0NPD7G3O_Tsutomu_Chonan,57028.59428114377
LAPTOP-0P70H8T7_Naito,57029.489565984135
LAPTOP-0S7K8PQH_Stan,90060.46863189721
LAPTOP-11P5VLEF_tianx,57999.17746247172
LAPTOP-11RRGHRF_2ndH28,57030.72652436106
LAPTOP-146432PF_PQM,57029.89392478303
LAPTOP-19J6LO6A_ytakeda,56998.60027994401
LAPTOP-1KS1Q32S_T14s,57000.68299346278
LAPTOP-1M50QFPI_GM,57031.32819537584
LAPTOP-1MK05N4P_hwpa,57028.87537993921
LAPTOP-1QC1JCNE_CPC-Tester12,57031.09720320751
LAPTOP-25UDU5UN_jestroff,57029.57565366481
LAPTOP-2D6R853Q_jnunez5,54699.83018679453
LAPTOP-2OC97423_Administrator,57028.33196683976
LAPTOP-2RQJAUEN_nyama,57001.40028005601
LAPTOP-38PBJKV3_Dan,90010.36269430052
LAPTOP-3GSNHJDB_GM3,75000.0
LAPTOP-49PO0SU0_ssugimoto2,89999.49944939432
LAPTOP-4K9G9BRE_TM1,57029.2054851879
LAPTOP-5U1GRQST_AN1484GM11,57999.37868903387
LAPTOP-6HHN380C_QuFei_Ou,57029.8769771529
LAPTOP-72AKT2DB_1,58000.6158267474
LAPTOP-77S3EOA5_Mao_Nakabauashi,58000.6004202942
LAPTOP-7CFQ50BM_Carl,57030.09373458313
LAPTOP-7HDJI946_MobilePE,57050.29013539651
LAPTOP-869LCUOI_panjun1,49569.88159093209
LAPTOP-88BMF4J6_Mersey,57030.48180924287
LAPTOP-891HSHPM_p14s,75002.49975002499
LAPTOP-8HCCR0QE_PE,57029.41176470588
LAPTOP-8KIMRE5B_cturner,75000.0
LAPTOP-93KHSN6N_hsouma,89997.99959991997
LAPTOP-97DA2E9K_johnny,57001.282499708526
LAPTOP-9D1AU1OG_Mersey,57030.87196361173
LAPTOP-9PGJOH9P_tianx,58019.93880169776
LAPTOP-A5C39DUF_ssugimoto2,89997.99959991997
LAPTOP-A68FDH6Q_amcclarnon,57029.743173281895
LAPTOP-A86VO230_PQM,57030.94777562862
LAPTOP-A9PSKJU9_panjun1,58000.20552872264
LAPTOP-A9RJIBMS_kurada,90000.0
LAPTOP-ADS95E8B_TM2,57032.414307004474
LAPTOP-APU7HF6F_Administrator,57032.289273189024
LAPTOP-APU7HF6F_Carl_Pan,57029.81029810298
LAPTOP-ARLD326G_X1CG14,58001.60032006401
LAPTOP-B21SDAHL_Nile,57999.80332382732
LAPTOP-BD8L6116_Think,54727.793696275075
LAPTOP-C1EEVLRC_86138,57029.70297029703
LAPTOP-C2TA9AP9_Thames-2_LNL_BE_SIT,57030.23650334298
LAPTOP-CIKD46CF_Zeus2,49569.546727517896
LAPTOP-CJP1C30S_TM2,57029.9541418675
LAPTOP-CPPVM862_LL,52799.03342730568
LAPTOP-CU8DTV76_CamTest,57031.171694898265
LAPTOP-D986V7T9_EAASIT1.12,56999.6801364751
LAPTOP-DCOJFCQ0_TM_X1_MTL,57029.78546136222
LAPTOP-DDJ0EVTT_T14s2in1,57999.80428613367
LAPTOP-E1AAB86F_X1_2-1,57029.52400080337
LAPTOP-E1N6C0NF_Nile,58000.999500249876
LAPTOP-ENFNG5MU_1,58000.999500249876
LAPTOP-EVNV9CFQ_Monica,57029.70297029703
LAPTOP-FEFDP1D9_test,57999.59951942331
LAPTOP-FG0TTKQT_amurugan1,57030.0
LAPTOP-G59PGF6O_Avon,58000.204478069725
LAPTOP-GAVGVR9P_panjun1,57029.769205039585
LAPTOP-GGLFATQJ_kazuk,54060.94606655616
LAPTOP-H0IEOCT5_zuyin,90001.01409593348
LAPTOP-H11NV2VL_hwpa,51970.4893537542
LAPTOP-H1CK928J_rreaves,16429.85791474885
LAPTOP-HR5L43FU_Avon1,58000.999500249876
LAPTOP-I551TCUQ_Eiger-1,57999.607381232825
LAPTOP-IHE4MH4F_mriddle,90003.07913373703
LAPTOP-II2JP927_Oak2-SVT-REX-1,90001.0276436132
LAPTOP-IJG7MG54_test,57030.62848050915
LAPTOP-J2HRJNCI_Feng,75000.0
LAPTOP-J2L4OE0Q_ANakamura,58000.63877355477
LAPTOP-J9M9N0H9_X9-14,55099.78938922877
LAPTOP-JHPGK11C_NL1SKU6SIT1LR,58001.01988781234
LAPTOP-JL4J612V_jnunez5,80000.0
LAPTOP-JLDUH829_11096,57028.59428114377
LAPTOP-K2B03PT9_Mersey2,56998.92399491343
LAPTOP-K2Q4C3UQ_1,72009.90799716914
LAPTOP-K5TN4699_ThinkPad,56999.40345993239
LAPTOP-K8IULGVA_Sun,57050.52246041151
LAPTOP-K9NORC70_SIT,55099.61344038061
LAPTOP-KQTSA7PM_1,57029.54590521515
LAPTOP-LM31Q23F_NL1SKU6LR,57998.41615521679
LAPTOP-LNBSJHQF_AV1SKU10SIT1p2,57998.40827695981
LAPTOP-LVNFDHDN_EAA,57030.847002991846
LAPTOP-MGP5FI9R_longrun,57997.60670123654
LAPTOP-MUEEDSGP_NL1SKU7SIT2LR,58002.2701475596
LAPTOP-N0IFBCJM_AV1,58000.0
LAPTOP-N4IHLN0J_MS2,57030.0
LAPTOP-OLNLOES4_SIT21,58000.0
LAPTOP-OMDL8LQ4_EESIT,57030.01579778831
LAPTOP-OTD6NS5M_lnvni,57030.42518475861
LAPTOP-OV7Q4J55_PE,57000.0
LAPTOP-P9BQ8OLJ_Neal,54700.251889168765
LAPTOP-Q5JPEGGD_Nate,58000.0
LAPTOP-Q6HOEUNN_tyler,57050.94946560133
LAPTOP-QQKPMET2_longrun,90000.0
LAPTOP-QQLCC3QB_jl240,51009.87432675045
LAPTOP-RCQD7R5B_kazuk,57000.0
LAPTOP-S8IHCLL8_x1,57029.70297029703
LAPTOP-SE41CTD4_gaojiangwei,51000.80064051241
LAPTOP-SH0NRR9B_Mesery2,57030.684988118606
LAPTOP-SHD3G568_Test,55099.85387238188
LAPTOP-SHOBTFD7_TM1,57032.14996334695
LAPTOP-SJCL3CJL_scollins1,57001.40028005601
LAPTOP-STAV4QJC_PQM,57000.0
LAPTOP-T2RCOIA2_SVT,56999.5988768552
LAPTOP-T4UU1BOP_Nikle,54699.83018679453
LAPTOP-T83863L5_EigerSIT11,58000.81433224756
LAPTOP-TH4417NP_MobilePE,57000.0
LAPTOP-TH5V7J86_CQE_Test,57001.40028005601
LAPTOP-TSQ0GU66_motty,16430.474160895046
LAPTOP-U4336J0U_P14s,75000.0
LAPTOP-UFSPNVK8_SIT2,46587.598834789846
LAPTOP-UQQQG0S3_ThinkPad,57029.92094466126
LAPTOP-USS5OCA4_Cui_Qi,57000.09993004897
LAPTOP-UU99D8BO_T14p_CX_SVT,75000.0
LAPTOP-V1IRQ8I4_1,58000.59447141583
LAPTOP-V450TO4P_Rob,90000.0
LAPTOP-V5HIJJIL_Admin,90093.09162175405
LAPTOP-VHFOHP1Q_Neal,54699.95803608897
LAPTOP-VM3TTE0T_Totoro,67999.54689623923
LAPTOP-VMR2DHBF_test,57000.09608917075
LAPTOP-VSQFIELJ_L16HPT,56999.89992995096
LISA_loconnor,58000.0
LIUFENG7-26Y6JC_liufeng7,54698.120751699316
LIUFENG_liufeng7,57029.937753186445
LIUHY24-X1C8_Miss_Ling,51000.200040008
LIUHY24-X1EGEN4_liuhy24,90090.80590238365
LIXINB-PF5G1XJE_lixinb,57030.290626279166
LL_LLL,75000.0
LOEBACHJ-4SMBAL_X13_2-1,54700.49916805325
LOEBACHJ-4SMBAL_loebachj,54700.49916805325
LOEBACHJ-58TDMH_loebachj,57029.92094466126
LSU4-PF5FS8LS_lsu4,57000.0
LWANG5-PW0A203M_lwang5,46000.0
LXIAO1-PF3T9L7M_lxiao1,57049.648282189824
M-PA3_Atsus,57048.67596967366
MAGSHINE_wangyl,80000.0
MAOXY1-PF1H5KSF_maoxy1,45279.85699921796
MARKUSTH1_theberlein,57029.762501252626
MARUICHIT-CRC21_MARUICHIT,57001.40028005601
MATJONES-56FF1H_MATJONES,57028.67419322609
MATT-T16G1_lietzke,86002.65925299165
MBHAVSAR-3R8CWY_mbhavsar,57001.044932079414
MBHAVSAR-5FSFDE_mbhavsar,57029.823493609256
MBHAVSAR-GM0WY2_mbhavsar,58000.999500249876
MBUT-PF3DMVFZ_mbutt,52500.72836748567
MC702142-0275JW_MC702142,57139.942880456954
MCOCKMAN-09S0ZB_mcockman,56999.5988768552
MCOONER1-67PP9K_mcooner1,89997.05217647637
MCROWNOVER-1540_mcrownover,90000.0
MCROWNOVER-QC11_mcrownover,90000.0
MCROWNOVER-WLK4_mcrownover,94009.26998841252
MD2-SVT-3FCN_xuxru,72010.45961983304
MEHLINGER1-QNSG_mehlinger1,58000.999500249876
MERSEY1_Jeffrey_Farringer,57030.45970551871
MERSEY1_SIT,57029.61063184892
MERSEY1_SVT,57030.70654874292
MERSEY2BELNL_jeffreyf1,57030.16241299304
MERSEYPQMBETA_hels,57000.09894132779
MERSEY_SIT,57029.70297029703
MFINK-PF667W8F_mfink,58000.6004202942
MGOMES3-W0HKDCB_L14,57172.47507157666
MGOMES3-W0HKDCB_mgomes3,57172.47507157666
MHAGI-PF3YCK6H_mhagi,56997.65441751368
MHALE1-PF55QFC9_mhale1,87381.48763561725
MHALE1-PF5CXE0G_mhale1,52500.50010002
MHALE1-PF62L9EM_mhale1,74997.499749975
MHALE1-PW0A1P1J_mhale1,46000.199740337564
MHEIDENFELD-CJ1_mheidenfeldt,57997.38708473311
MHEIDENFELD-XSD_mheidenfeldt,58000.0
MIT_mpatel13,57000.0
MKITAMURA-N0XRP_mkitamura,56999.88755200719
MKOZO-PF3W9L3K_mkozo,56999.42296595499
MKRYNOCK-67L6RD_mkrynock,75002.49975002499
MMERCHANT-H0CAW_mmerchant,58000.0
MMISTURIK-CXCF3_mmisturik,58000.994530084536
MNAKABAYASH-XPZ_mnakabayashi1,57048.60347481856
MNAKATA1-3Y659D_mnakata1,56999.90903302101
MNISHIO1-2DR71T_mnishio1,57002.82942603072
MNISHIO1-43AFSK_Debug,57047.4208739459
MNISHIO1-43AFSK_mnishio1,57047.4208739459
MNISHIO1X121QM6_mnishio1,48199.87959060807
MOBILEPE-4HM087_MobilePE,56997.58884579096
MOBILEPE-4N8HJ9_MobilePE,56998.296763851315
MORISAN-F291M86_morisan,50449.9790707409
MOTO-T14S-Q_motty,58000.0
MOTO-X1C_motty,57999.80332382732
MOTO_AURA,55099.5896306676
MPCD-TNA_HWPA,58000.999500249876
MRIGGS-PW0A1NXC_mriggs,46000.0
MS1-2ND-3C_HWPA,57000.69658672505
MSUMMERVILL-VCL_msummerville,93541.66666666667
MTSUKADA-3MYFQH_mtsukada,51000.55897149245
MYERSP-PF5FSZHR_MYERSP,57029.92094466126
MYERSP-PW0HKDA6_L14,57169.717961405244
MYERSP-PW0HKDA6_MYERSP,57169.717961405244
NAITOX9A_arimasa,55098.98020395921
NANO_G3,49571.110875781
NATHANP-F4YAYFH_nathanp,75000.0
NHEIDENFELD-CDY_nheidenfeldt,54700.760498181415
NICOLEX1CG12_nbaker,57030.33838973162
NILE_SVT,58000.999500249876
NMARX-PF4DMZPC_nmarx,57001.239157372984
NMCKOY-PF5H0PJZ_nmckoy,58000.858000858
NMMILLER-4T259L_nmmiller,52499.50009998
NMMILLER-577H4Q_nmmiller,57030.0
NMMILLER-62XHX6_nmmiller,60000.0
NORITY-PF3C8AE9_nority,57050.01740745039
NORITY-X1YOGA_nority,57001.40028005601
NPATEL6-F4C403Q_npatel6,90000.0
NPUTSALA-0A1Z31_nputsala,45998.99345747358
OALI-PF5TMH9T_oali,99894.96901585968
OHSAWAAURA_e3158,57030.0
OHSAWACONDOR4_ohsaw,58000.196444357134
OHSAWAEAGLE7_ohsaw,49532.33430554158
P1G7_SKU5,90000.0
P1G7_SVT,90000.0
PANTHER3_SVT,57050.29013539651
PCHEN23-1000044_pchen23,44999.02704806383
PCHEN23-5000001_pchen23,58000.20038072337
PCHEN23-F4KXHBP_pchen23,51510.30206041208
PCHEN23-F5FSWCG_pchen23,57000.29641339789
PCHEN23-W0ABC67_pchen23,42000.0
PEGGY_2,51509.65539315053
PETER_pchen23,58000.999500249876
PF3KG4XY_TP-Telemetry,57001.40028005601
PF3MBEZV_TP-Telemetry,57001.40028005601
PF3MBQME_TP-Telemetry,57050.71174377224
PF3MC003_TP-Telemetry,56998.49924962481
PF3MC0GA_TP-Telemetry,57048.86308659894
PF3MDFBG_TP-Telemetry,57001.40028005601
PF3MDFJC_TP-Telemetry,57047.499274451
PF3MDXHT_TP-Telemetry,57051.705170517045
PF3MF7LQ_TP-Telemetry,57048.86308659894
PF3QE5N0_TP-Telemetry,57001.40028005601
PF6299VT_LIP,58000.97991180794
PF62AGYW_LIP,57999.21768042245
PF62AL6S_LIP,57999.80037927937
PF62APQP_LIP,58000.999500249876
PF62APRB_LIP,58000.999500249876
PHAYES-PF4H9L6S_PHAYES,52500.24274201379
PHAYES-PF62TDKH_PHAYES,75000.0
PHIL_pjjakes,57999.79099174417
PHIL_pweinstein,57000.39108330074
PHOULBROOKE-DFV_phoulbrooke,74997.50474099211
PHOVEY-PW0KPSPG_phovey,90000.98706939098
PJJAKES-F3SKNHW_pjjakes,90092.53671293502
PJJAKES-F4QW4SK_pjjakes,57030.03120124805
PJJAKES-F5B1GVP_pjjakes,80000.0
PJJAKES-F5HTSDQ_pjjakes,58000.391696043866
PJJAKES-F63ATFB_X1,58000.999500249876
PJJAKES-F63ATFB_pjjakes,58000.999500249876
PJJAKES-W0C7DHV_pjjakes,58000.0
PMCINNIS-09S0XG_pmcinnis,57000.0
PPOOJA-PW0C7CJW_ppooja,57999.81254100666
PQM-AN1-BETA_hels,58000.197413878195
PQM-BETA_frank,57000.09993004897
PQM-BETA_hels,58000.999500249876
PQM_tianx,57999.60348929421
PR2-SVT-M1_MARUICHIT,57001.40028005601
PRAMINENI-00010_pramineni,90000.99990000999
PRIMUS_tscott2,57050.29013539651
PSCHMIDT1-00044_pschmidt1,90000.0
PW05SGBF_LIP-Telemetry,90010.0
PW05SGBG_LIP-Telemetry,90010.0
PW06AQ17_LIP-Telemetry,90087.48985298096
PW06AQ1F_LIP-Telemetry,90087.79382611158
PW0KZBL0_LIP,90000.99990000999
PW0KZBLW_LIP,90000.99990000999
PW0KZBMA_LIP,89998.0839241234
PW0KZBVB_LIP,90000.99990000999
QCOM-DCV40DDOIB_jowill,57999.44222366831
QCOM-MDUXZELAOC_mikejp,58000.197413878195
QCOM-YQK1OVIMJV_dereks,57999.80618276965
RADACHI-F5AL4EK_radachi,57029.15228231684
RANDERSON4-Q4VG_randerson4,85997.79492833518
RAY-X1-9_Ratan,57051.52793760389
RBULLARD-4S7F11_rbullard,39300.0
RCLEMENTS-DS3BG_rclements,55100.4096313318
RDONAHUE-0A2BYP_rdonahue,57169.75522743039
RLOTRINIA-A7W6D_rlotrinia,50449.37736870601
RMCCARTHY2-0063_rmccarthy2,54750.593824228024
RMCFADDEN1-S8MT_rmcfadden1,57000.09993004897
ROBBIET-F67BA37_robbiet,57999.607381232825
ROCK_yuqj1,57030.628426127856
ROROSAS-F4HH26Y_rorosas,86000.0
ROROSAS-W0BX6X0_rorosas,58000.0
RPHILLIPS1-MR01_rphillips1,99900.59642147117
RSEKINOXF43CNVB_rsekino,57049.866325700335
RTWALL-PF4JTB8S_rtwall,72159.96484289167
RUBYHE_HEHP,57028.90293173107
RUMBLE_zawacki,42000.0
RUSSELL_rgantman,74997.499749975
SADACHI1-4H67H3_sadachi1,39380.20449035522
SAYINGZIYIN_yinsyz1,57000.11618450099
SBARATAM-000032_sbaratam,54699.83018679453
SBLEAKLEY-742XA_sbleakley,58000.999500249876
SDESCHENES-FH3M_sdeschenes,52499.15758733011
SDILLARD1-2S9T3_sdillard1,75000.0
SDILLARD1-GR30Q_sdillard1,57999.79937807203
SHAUSER-F62JTB9_shauser,75002.49975002499
SHAUSER-W0J2TNX_shauser,54749.67261005339
SHIGE_MS2ARL,57029.304730894466
SHIGE_TH1,57029.53263882252
SHIGE_TH1SVT,57030.143637467125
SHIGUCHI-3_shiguchi,42000.0
SITZ13G2JN5BETA_jnunez5,51510.0
SIWAI-PF43AVX9_siwai,57050.29013539651
SIWAI-PF462GGQ_localuser,57047.93545325107
SIWAI-PF462GGQ_siwai,57047.93545325107
SIWAI-PF5P5JF7_siwai,57029.92094466126
SKADUKUNTLA-MTB_skadukuntla,54749.01062278692
SKAWANO-F2PXEKF_seiuchi,57000.35207135313
SKAWANO-F2PXEKF_skawano,57000.35207135313
SKEENER-W0A2BT8_skeener,57169.99050332384
SKOYAMA-F2Q1LZA_skoyama,50450.64610706917
SLO10-PF68EAMW_slo10,58000.999500249876
SORIDE-50000008_soride,89998.0272243046
SPAVLIC-F66MQCF_SPAVLIC,75000.0
SPETERSEN2-SBS6_spetersen2,58019.00950475237
SPOSHAR-W0J2TP0_sposhar,54750.09916699722
SSPINNER-000090_sspinner,54749.81870920957
SSUGIMOTO2-0011_ssugimoto2,90000.99990000999
SSUGIMOTO2-6_ssugimoto2,90000.0
SSUGIMOTO2-7_ssugimoto2,90001.01409593348
SSUGIMOTO2-PSSK_ssugimoto2,90000.99990000999
STAHAMTAN-MLH1C_stahamtan,57029.823493609256
STEVENLONG-EKAH_stevenlong,57030.09373458313
STEVENLONG-XACV_stevenlong,56999.90092143069
SUGAP-PF2QQVFQ_SUGAP,57000.0
SWIGGINS-0HBMT4_swiggins,54750.191319558326
SYADAVILLI-NH12_syadavilli,99900.04442470013
SYAMAKI-9000027_s,58000.0
SYANG30-W0KZBQZ_syang30,90001.05474106107
SYD6_zf,75000.0
T14S-GEN5-REX_shensl3,58019.73574176284
T14S2IN1_robbiet,58000.0
T14SG5-CBLI_cblindenbacher,58000.73233247894
TAJISAKA-49SXPJ_tajisaka,57051.14013725924
TBERDAR-F4G0ASQ_tberdar,52497.560975609755
TBERDAR-F4RM5MK_tberdar,57029.02115100836
TBERDAR-F5DC8CG_tberdar,55100.20939276099
TBERDAR-F62QQCF_tberdar,75000.0
TCHONAN-F49QH11_tchonan,56999.890025294175
THAMES2BESVT_apham,57030.80160704036
THAMES2EEPSVT_apham,57029.15228231684
THAMES_SIT,57028.816199376946
THANNA-PF3SLBYQ_thanna,90000.0
THANNA-PW0KQC0Y_thanna,90000.0
THANSON-F5NV1S7_thanson,56999.646184691584
TK-THAMES2_takay,57029.53263882252
TKOIKE-PF43BEK1_tkoide,57049.8130502955
TLIN29-PF4EHFCT_tlin29,54699.98988161489
TM1SIT1XPF4LA6X_EEP,57029.68406986733
TMIYAMOTO1-75C2_tmiyamoto1,57139.993987373484
TMOCHIZUKI-FHMH_tmochizuki,52500.50010002
TMORIWAKI-00019_tmoriwaki,90000.0
TNAKAMURA8-CRZW_tnakamura8,56999.516441005806
TOM_thiller,46500.99403578529
TP-X1C-G11_emmet,57000.0
TPARRISH2-00047_tparrish2,90000.0
TRICHARDSON-GP9_trichardson,90009.93048659385
TRICHARDSON-NKH_trichardson,75000.0
TSCOTT2-F4RVJLS_tscott2,58020.13422818792
TSCOTT2-F58PHQH_tscott2,57030.22339027595
TSCOTT2-F5CERG3_tscott2,57030.576056743026
TSUZUKI26-9VQR2_tsuzuki26,57049.356223175964
TTARRATS-09S0Z9_ttarrats,57001.20192307692
TTOMIMATSU-DC3F_ttomimatsu,57001.07616883894
TYLER_tparrish2,58001.584472172704
UINABA-GM114QLP_uinaba,58018.396320735854
VBARONE-F67TWPP_vbarone,58000.999500249876
VISHNU_vkotipalli1,90000.95960080608
VSHARAK-F66KN1E_vsharak,75002.49975002499
WANGLYB-5FGJED_wanglyb,57029.83509674959
WANGTC3-F4210KH_wangtc3,56999.18138229447
WCARTER-F3SKVGA_wcarter,90091.83673469388
WCHANG11-4C429A_wchang11,90001.07863229426
WCHANG11-4Y8ZWG_wchang11,75000.0
WFELTER-F5HN5KV_wfelter,99898.27060020347
WII-PF67AM0B_wii,75000.0
WOMALLEY-55RJ32_womalley,57000.0
WSHX016709_Lenovo,57028.353872357475
X1-CARBON-G12_hewei,57029.608404966566
X1-LNL-BE-SIT_mripp,57029.70297029703
X13_2IN1,54700.197671864706
X1C-G13-TK_E28508,57030.143637467125
X1C-LNL-SIT-EEP_mripp,57029.74121282348
X1C13-2024_henry,57001.35948727908
X1C13-SIT_X1C13,57029.20254586297
X1C_GEN13,57029.434546862896
X1C_LNL,57029.79970688813
X1C_METEOR,57030.31511767052
X1C_SIT,57030.4149256632
X1FOLD16-TK_E28508,48280.87670094526
X1FOLDSVT_laher,48280.00436824288
X1YADL_KMK,57002.154509079715
X1_2-IN-1,57000.78003120125
X9-14_SVT,55098.98020395921
X9-14_jeffreyf1,55099.85387238188
X9-SIT1_xuxru,55099.2966487381
X9-TK_E28508,55099.5896306676
X9ALADDIN-NAITO_arima,80000.0
XBB20241007_Lenovo,57032.79336230739
XIUQIN_liuxq13,54750.17593244194
XLIN3-PF4RXZPZ_xlin3,52500.0
Y25872-PC2DR71X_y25872,57001.29762887814
YANAGISAWA51_yanagisawa,48281.13842701214
YANGYQ-PF50KB95_yangyq,57002.18818380743
YCRANFORD-7CHLT_ycranford,58000.999500249876
YICHIKAWA3-M43N_yichikawa3,56999.88880240187
YINGNIE-W01KL34_yingnie,49570.0
YNAN-PF4FDG4X_qizha,85997.8168105587
YNAN-PF4FDG4X_ynan,85997.8168105587
YONDA-PF1BLXHW_yonda,50999.86929813096
YSONE-PF3993EL_ysone,51001.59344411564
YSUZUKI11-9S4B8_ysuzuki11,39299.26132960671
YTAGAMI-F3TQANR_ytagami,57000.50454086781
YTAKEDA1-15_ytakeda1,90000.98706939098
YWADA-PF49SXTB_ywada,57049.108607678
ZAWACKIJE_j,58000.0
ZHANGLU11-10_zhanglu11,47880.270207314235
ZWOXPF3V6VNY_zwo,51000.106963311584
