user_id,window_end_date,window_start_ts,window_end_ts,n_samples_30d,obs_days_in_window,median_interval_h,p95_interval_h,max_gap_h,gaps_gt_6h_count,gaps_gt_12h_count,gaps_gt_24h_count,duplicate_timestamp_count,cycle_decrease_count,fcc_missing_count,rsoc_missing_count,has_counter_reset,window_data_quality_label,cycle_start_30d,cycle_end_30d,cycle_delta_30d,cycle_rate_per_30d,ac_time_ratio_30d,charge_time_ratio_30d,discharge_time_ratio_30d,rsoc_min_30d,rsoc_max_30d,rsoc_swing_30d,rsoc_p05_30d,rsoc_p50_30d,rsoc_p95_30d,frac_below_10_30d,frac_below_20_30d,frac_above_80_30d,frac_above_90_30d,frac_above_95_30d,n_acdc_switches_30d,n_charge_status_switches_30d,n_discharge_sessions_30d,fcc_start_30d,fcc_end_30d,fcc_min_30d,fcc_max_30d,fcc_abs_delta_30d,fcc_any_changes_30d,fcc_effective_changes_30d,fcc_effective_step_abs_max_30d,last_effective_fcc_change_ts_in_window,last_effective_fcc_change_cycle_in_window,soh_start_30d,soh_end_30d,n_80_20_80_ok_complete_30d,n_80_20_80_large_gap_30d,n_80_20_80_no_response_30d,n_80_20_80_censored_30d,n_80_20_80_any_30d,n_85_15_85_ok_complete_30d,n_85_15_85_large_gap_30d,n_85_15_85_no_response_30d,n_85_15_85_censored_30d,n_85_15_85_any_30d,n_90_10_90_ok_complete_30d,n_90_10_90_large_gap_30d,n_90_10_90_no_response_30d,n_90_10_90_censored_30d,n_90_10_90_any_30d,expected_response_30d,observed_response_30d,no_response_count_30d,n_complete_ok_opportunities_30d,p_all_no_response_30d,fw_response_anomaly_score_30d,conformal_p,conformal_p_proxy_final_normal,expected_response_30d_personalized,observed_response_30d_personalized,no_response_count_30d_personalized,n_complete_ok_opportunities_30d_personalized,p_all_no_response_30d_personalized,fw_response_anomaly_score_30d_personalized,conformal_p_personalized,state_as_of_ts,first_seen_ts,last_seen_ts,state_history_days,state_history_sufficient,last_effective_fcc_value,last_effective_fcc_change_ts,last_effective_fcc_change_cycle,days_since_effective_fcc_change,cycles_since_effective_fcc_change,effective_active_flag,last_any_fcc_value,last_any_fcc_change_ts,last_any_fcc_change_cycle,days_since_any_fcc_change,cycles_since_any_fcc_change,legacy_any_active_flag,n_micro_steps_since_effective_change,max_micro_step_mWh_since_effective_change,micro_wobble_only_since_effective_change,cum_primary_ok_opportunities_since_last_effective_change,cum_primary_medium_gap_opportunities_since_last_effective_change,cum_primary_large_gap_opportunities_since_last_effective_change,cum_primary_ok_no_response_since_last_effective_change,cum_primary_medium_gap_no_response_since_last_effective_change,cum_primary_no_response_since_last_effective_change,cum_primary_censored_since_last_effective_change,cum_strict_ok_opportunities_since_last_effective_change,cum_strict_medium_gap_opportunities_since_last_effective_change,cum_strict_large_gap_opportunities_since_last_effective_change,cum_strict_ok_no_response_since_last_effective_change,cum_strict_medium_gap_no_response_since_last_effective_change,cum_strict_no_response_since_last_effective_change,cum_strict_censored_since_last_effective_change,high_quality_no_response_count,censored_count,large_gap_low_quality_count,observed_effective_responses_since_last_effective_change,cum_expected_normative_response,cum_observed_effective_response,cum_log_p_all_no_response_since_last_effective_change,cum_normative_fw_anomaly_score,cumulative_normative_fw_anomaly_score,days_since_last_effective_fcc_change,cycles_since_last_effective_fcc_change,cum_primary_no_response_since_last_fcc_change,cum_strict_no_response_since_last_fcc_change,cum_observed_response_since_last_fcc_change,cum_fw_response_anomaly_score,cluster_id,cluster_profile_name,stateful_label_v2,window_label_v2,recommended_action,confidence,priority,primary_reason,secondary_reasons,evidence_summary,user_message_template,engineering_message_template,would_have_been_label,fw_like_evidence_flag,gauge_like_evidence_flag,micro_wobble_only_flag,large_gap_dominant_flag,censored_dominant_flag,state_history_insufficient_flag,data_quality_review_flag,alert_fired,consecutive_windows_opportunity_no_response,analysis_timestamp,code_version,window_days,stride_days,effective_step_definition
CHIKARA7-3PAB5T_chikara7,2024-07-29,2024-06-29 23:59:59.999999999,2024-07-29 23:59:59.999999999,213,28.911,0.498,11.228,191.632,17,8,5,0,0,0,0,False,WINDOW_QUALITY_OK,297.0,302.0,5.0,5.188,0.5262,0.1372,0.4738,17.0,80.0,63.0,28.6,76.0,80.0,0.0,0.0192,0.0,0.0,0.0,62,70,31,48080.0,48080.0,48080.0,48080.0,0.0,0,0,0.0,,,84.28,84.28,0,2,0,0,2,0,0,0,0,0,0,0,0,0,0,0.0,0,0,0,,0.0,,,0.0,0,0,0,,0.0,,2024-07-29 23:59:59.999999999,2023-02-06 10:28:56,2024-07-29 16:38:14,539.563,True,48080.0,2023-02-06 10:28:56,80.0,539.563,222.0,False,48080.0,2023-02-06 10:28:56,80.0,539.563,222.0,False,0,0.0,False,4,26,39,4,26,30,0,0,0,2,0,0,0,0,4,0,39,0,9.6418,0,-11.64642,5.058,5.058,539.563,222.0,30,0,0,5.058,2,MOBILE_DEEP_CYCLE,STATEFUL_FW_WATCH_HIGH_ANOMALY,WINDOW_LARGE_GAP_AMBIGUOUS,ACTION_FW_ENGINEERING_REVIEW,medium,4,fw_like_no_response_core_requirement_short,fw_like;large_gap_dominant,days_eff=540 days_any=540 cyc_eff=222 hq_nr=4 total_nr=30 cens=0 lg_opp=39 opp=71 norm_anom=5.06 conf_p=1 micro_only=False cluster=MOBILE_DEEP_CYCLE,No user-facing action; monitoring.,"FW-like no-response signal but a core requirement is short (staleness/cycles/quality). Monitor and add to FW engineering queue. normative anomaly 5.06, 30 no_response since last effective change (539d ago).",,True,False,False,True,False,False,False,False,0,2026-06-08T10:02:59Z,rolling30-v2.0,30,1,abs_ge_50mWh
IMANARANG1-3A19_imanarang1,2025-09-01,2025-08-02 23:59:59.999999999,2025-09-01 23:59:59.999999999,390,28.006,0.5,0.5,87.132,19,19,4,0,0,0,0,False,WINDOW_QUALITY_OK,379.0,383.0,4.0,4.285,0.8804,0.0547,0.1196,19.0,100.0,81.0,95.0,98.0,100.0,0.0,0.0019,0.9905,0.9881,0.8276,24,58,12,35430.0,35430.0,35430.0,35430.0,0.0,0,0,0.0,,,90.15,90.15,0,1,0,0,1,0,0,0,0,0,0,0,0,0,0,0.0,0,0,0,,0.0,,,0.0,0,0,0,,0.0,,2025-09-01 23:59:59.999999999,2023-02-20 16:54:54,2025-09-01 08:35:29,924.295,True,35430.0,2023-09-15 15:07:24,160.0,717.37,223.0,False,35430.0,2023-09-15 15:07:24,160.0,717.37,223.0,False,0,0.0,False,4,21,30,4,21,25,0,0,4,19,0,4,4,0,4,0,30,0,8.2524,0,-10.05264,4.3658,4.3658,717.37,223.0,25,4,0,4.3658,4,MOBILE_DEEP_CYCLE,STATEFUL_FW_WATCH_HIGH_ANOMALY,WINDOW_LARGE_GAP_AMBIGUOUS,ACTION_FW_ENGINEERING_REVIEW,medium,4,fw_like_no_response_core_requirement_short,fw_like;large_gap_dominant,days_eff=717 days_any=717 cyc_eff=223 hq_nr=4 total_nr=25 cens=0 lg_opp=30 opp=78 norm_anom=4.37 conf_p=1 micro_only=False cluster=MOBILE_DEEP_CYCLE,No user-facing action; monitoring.,"FW-like no-response signal but a core requirement is short (staleness/cycles/quality). Monitor and add to FW engineering queue. normative anomaly 4.37, 25 no_response since last effective change (717d ago).",,True,False,False,True,False,False,False,False,0,2026-06-08T10:02:59Z,rolling30-v2.0,30,1,abs_ge_50mWh
JANUMOLU-0A203W_janumolu,2024-11-02,2024-10-03 23:59:59.999999999,2024-11-02 23:59:59.999999999,115,29.074,0.5,20.332,165.382,15,11,5,0,0,0,0,False,WINDOW_QUALITY_OK,92.0,97.0,5.0,5.159,0.2244,0.1514,0.7756,1.0,100.0,99.0,11.7,72.0,100.0,0.0329,0.083,0.371,0.2304,0.1628,24,36,12,46460.0,46460.0,46460.0,46460.0,0.0,0,0,0.0,,,101.0,101.0,0,1,0,0,1,0,1,0,0,1,0,1,0,0,1,0.0,0,0,0,,0.0,,,0.0,0,0,0,,0.0,,2024-11-02 23:59:59.999999999,2024-03-19 12:13:20,2024-11-02 21:43:59,228.491,True,46460.0,2024-04-03 11:55:36,12.0,213.503,85.0,False,46460.0,2024-04-03 11:55:36,12.0,213.503,85.0,False,0,0.0,False,2,12,6,2,12,14,0,0,6,5,0,6,6,0,2,0,6,0,5.3356,0,-6.76938,2.9399,2.9399,213.503,85.0,14,6,0,2.9399,4,MOBILE_DEEP_CYCLE,STATEFUL_FW_WATCH_HIGH_ANOMALY,WINDOW_LARGE_GAP_AMBIGUOUS,ACTION_FW_ENGINEERING_REVIEW,medium,4,fw_like_no_response_core_requirement_short,fw_like,days_eff=214 days_any=214 cyc_eff=85 hq_nr=2 total_nr=14 cens=0 lg_opp=6 opp=31 norm_anom=2.94 conf_p=1 micro_only=False cluster=MOBILE_DEEP_CYCLE,No user-facing action; monitoring.,"FW-like no-response signal but a core requirement is short (staleness/cycles/quality). Monitor and add to FW engineering queue. normative anomaly 2.94, 14 no_response since last effective change (213d ago).",,True,False,False,False,False,False,False,False,0,2026-06-08T10:02:59Z,rolling30-v2.0,30,1,abs_ge_50mWh
MBHAVSAR-3R8CWY_mbhavsar,2025-01-30,2024-12-31 23:59:59.999999999,2025-01-30 23:59:59.999999999,201,21.039,0.5,8.916,109.17,11,7,5,0,0,0,0,False,WINDOW_QUALITY_OK,596.0,608.0,12.0,17.111,0.4818,0.2977,0.5182,1.0,100.0,99.0,13.0,87.0,100.0,0.045,0.0908,0.5243,0.4321,0.2937,61,79,31,43920.0,43920.0,43920.0,43920.0,0.0,0,0,0.0,,,77.05,77.05,3,3,3,2,8,2,3,2,0,5,0,2,0,1,3,1.3323,0,3,3,0.171714,0.7652,0.14909,0.14679,0.4208,0,3,3,0.635252,0.1971,0.5574,2025-01-30 23:59:59.999999999,2023-02-07 08:14:34,2025-01-30 16:12:07,723.657,True,43920.0,2024-10-15 16:21:36,551.0,107.318,57.0,False,43920.0,2024-10-15 16:21:36,551.0,107.318,57.0,False,0,0.0,False,9,6,12,7,6,13,2,2,2,8,1,2,3,1,7,2,12,0,4.7552,0,-5.9655,2.5908,2.5908,107.318,57.0,13,3,0,2.5908,0,MOBILE_DEEP_CYCLE,STATEFUL_FW_WATCH_HIGH_ANOMALY,WINDOW_OPPORTUNITY_NO_RESPONSE,ACTION_FW_ENGINEERING_REVIEW,medium,4,fw_like_no_response_core_requirement_short,fw_like,days_eff=107 days_any=107 cyc_eff=57 hq_nr=7 total_nr=13 cens=2 lg_opp=12 opp=39 norm_anom=2.59 conf_p=0.149 micro_only=False cluster=MOBILE_DEEP_CYCLE,No user-facing action; monitoring.,"FW-like no-response signal but a core requirement is short (staleness/cycles/quality). Monitor and add to FW engineering queue. normative anomaly 2.59, 13 no_response since last effective change (107d ago).",,True,False,False,False,False,False,False,False,14,2026-06-08T10:02:59Z,rolling30-v2.0,30,1,abs_ge_50mWh
CARBON9TH_Dexter,2024-06-07,2024-05-08 23:59:59.999999999,2024-06-07 23:59:59.999999999,463,29.242,0.5,4.977,70.289,22,19,3,0,0,0,0,False,WINDOW_QUALITY_OK,426.0,433.0,7.0,7.181,0.8277,0.2679,0.1723,17.0,100.0,83.0,67.1,98.0,100.0,0.0,0.0016,0.9387,0.8869,0.7805,52,133,26,49140.0,49140.0,49140.0,49140.0,0.0,0,0,0.0,,,86.13,86.13,0,1,0,0,1,0,0,0,0,0,0,0,0,0,0,0.0,0,0,0,,0.0,,,0.0,0,0,0,,0.0,,2024-06-07 23:59:59.999999999,2023-02-04 11:14:49,2024-06-07 09:10:29,489.531,True,49160.0,2023-06-16 18:31:34,283.0,357.228,150.0,False,49140.0,2023-07-10 16:06:29,294.0,333.329,139.0,False,1,20.0,True,5,8,18,5,8,13,0,0,0,5,0,0,0,0,5,0,18,0,4.7139,0,-5.89163,2.5587,2.5587,357.228,150.0,13,0,0,2.5587,4,MOBILE_DEEP_CYCLE,STATEFUL_FW_WATCH_HIGH_ANOMALY,WINDOW_LARGE_GAP_AMBIGUOUS,ACTION_FW_ENGINEERING_REVIEW,medium,4,fw_like_no_response_core_requirement_short,fw_like;micro_wobble;large_gap_dominant,days_eff=357 days_any=333 cyc_eff=150 hq_nr=5 total_nr=13 cens=0 lg_opp=18 opp=36 norm_anom=2.56 conf_p=1 micro_only=True cluster=MOBILE_DEEP_CYCLE,No user-facing action; monitoring.,"FW-like no-response signal but a core requirement is short (staleness/cycles/quality). Monitor and add to FW engineering queue. normative anomaly 2.56, 13 no_response since last effective change (357d ago).",,True,False,True,True,False,False,False,False,0,2026-06-08T10:02:59Z,rolling30-v2.0,30,1,abs_ge_50mWh
NORITY-X1YOGA_nority,2026-05-20,2026-04-20 23:59:59.999999999,2026-05-20 23:59:59.999999999,264,29.189,0.5,13.593,43.719,36,15,2,0,0,0,0,False,WINDOW_QUALITY_OK,184.0,186.0,2.0,2.056,0.9069,0.1083,0.0931,72.0,100.0,28.0,94.15,97.0,100.0,0.0,0.0,0.9808,0.9626,0.8064,16,56,8,56990.0,56990.0,56990.0,56990.0,0.0,0,0,0.0,,,99.98,99.98,0,0,0,0,0,0,0,0,0,0,0,0,0,0,0,0.0,0,0,0,,0.0,,,0.0,0,0,0,,0.0,,2026-05-20 23:59:59.999999999,2023-02-07 01:57:03,2026-05-20 08:49:05,1198.919,True,56990.0,2023-02-07 01:57:03,5.0,1198.919,181.0,False,56990.0,2023-02-07 01:57:03,5.0,1198.919,181.0,False,0,0.0,False,0,14,4,0,14,14,0,0,7,4,0,7,7,0,0,0,4,0,4.4253,0,-5.43703,2.3613,2.3613,1198.919,181.0,14,7,0,2.3613,5,AC_BOUND,STATEFUL_FW_WATCH_HIGH_ANOMALY,WINDOW_INSUFFICIENT_LEARNING_OPPORTUNITY,ACTION_FW_ENGINEERING_REVIEW,medium,4,fw_like_no_response_core_requirement_short,fw_like;gauge_like,days_eff=1199 days_any=1199 cyc_eff=181 hq_nr=0 total_nr=14 cens=0 lg_opp=4 opp=29 norm_anom=2.36 conf_p=1 micro_only=False cluster=AC_BOUND,No user-facing action; monitoring.,"FW-like no-response signal but a core requirement is short (staleness/cycles/quality). Monitor and add to FW engineering queue. normative anomaly 2.36, 14 no_response since last effective change (1198d ago).",,True,True,False,False,False,False,False,False,0,2026-06-08T10:02:59Z,rolling30-v2.0,30,1,abs_ge_50mWh
TBERDAR-F4G0ASQ_tberdar,2024-02-01,2024-01-02 23:59:59.999999999,2024-02-01 23:59:59.999999999,491,29.626,0.5,1.613,87.937,21,20,4,0,0,0,0,False,WINDOW_QUALITY_OK,61.0,76.0,15.0,15.19,0.6535,0.1223,0.3465,4.0,100.0,96.0,25.5,98.0,100.0,0.0023,0.043,0.7299,0.6577,0.6295,98,133,49,53810.0,53810.0,53810.0,53810.0,0.0,0,0,0.0,,,102.5,102.5,1,6,1,0,7,0,3,0,0,3,0,1,0,0,1,0.3144,0,1,1,0.685573,0.1639,0.99873,0.99764,0.1234,0,1,1,0.876596,0.0572,0.83505,2024-02-01 23:59:59.999999999,2023-08-03 12:33:41,2024-02-01 15:28:12,182.477,True,53810.0,2023-08-30 12:58:18,15.0,155.46,61.0,False,53810.0,2023-08-30 12:58:18,15.0,155.46,61.0,False,0,0.0,False,2,7,18,2,6,8,1,0,0,4,0,0,0,0,2,1,18,0,3.2087,0,-4.11893,1.7888,1.7888,155.46,61.0,8,0,0,1.7888,4,MOBILE_DEEP_CYCLE,STATEFUL_FW_WATCH_HIGH_ANOMALY,WINDOW_OPPORTUNITY_NO_RESPONSE,ACTION_FW_ENGINEERING_REVIEW,medium,4,fw_like_no_response_core_requirement_short,fw_like;large_gap_dominant,days_eff=155 days_any=155 cyc_eff=61 hq_nr=2 total_nr=8 cens=1 lg_opp=18 opp=31 norm_anom=1.79 conf_p=0.999 micro_only=False cluster=MOBILE_DEEP_CYCLE,No user-facing action; monitoring.,"FW-like no-response signal but a core requirement is short (staleness/cycles/quality). Monitor and add to FW engineering queue. normative anomaly 1.79, 8 no_response since last effective change (155d ago).",,True,False,False,True,False,False,False,False,27,2026-06-08T10:02:59Z,rolling30-v2.0,30,1,abs_ge_50mWh
LAPTOP-TH5V7J86_CQE_Test,2023-10-23,2023-09-23 23:59:59.999999999,2023-10-23 23:59:59.999999999,326,28.032,0.5,5.147,120.373,14,10,5,0,0,0,0,False,WINDOW_QUALITY_OK,395.0,402.0,7.0,7.492,0.7282,0.1481,0.2718,9.0,100.0,91.0,23.25,98.0,100.0,0.0004,0.006,0.7509,0.7159,0.66,87,102,44,56990.0,56990.0,56990.0,56990.0,0.0,0,0,0.0,,,99.98,99.98,0,3,0,0,3,0,2,0,0,2,0,1,0,0,1,0.0,0,0,0,,0.0,,,0.0,0,0,0,,0.0,,2023-10-23 23:59:59.999999999,2023-05-19 09:42:35,2023-10-23 09:32:19,157.595,True,56990.0,2023-05-19 09:42:35,337.0,157.595,65.0,False,56990.0,2023-05-19 09:42:35,337.0,157.595,65.0,False,0,0.0,False,7,1,18,7,1,8,0,1,0,13,1,0,1,0,7,0,18,0,2.846,0,-3.54308,1.5387,1.5387,157.595,65.0,8,1,0,1.5387,4,MOBILE_DEEP_CYCLE,STATEFUL_FW_WATCH_HIGH_ANOMALY,WINDOW_LARGE_GAP_AMBIGUOUS,ACTION_FW_ENGINEERING_REVIEW,medium,4,fw_like_no_response_core_requirement_short,fw_like;large_gap_dominant,days_eff=158 days_any=158 cyc_eff=65 hq_nr=7 total_nr=8 cens=0 lg_opp=18 opp=40 norm_anom=1.54 conf_p=1 micro_only=False cluster=MOBILE_DEEP_CYCLE,No user-facing action; monitoring.,"FW-like no-response signal but a core requirement is short (staleness/cycles/quality). Monitor and add to FW engineering queue. normative anomaly 1.54, 8 no_response since last effective change (157d ago).",,True,False,False,True,False,False,False,False,0,2026-06-08T10:02:59Z,rolling30-v2.0,30,1,abs_ge_50mWh
CQUEEN-PW06FV2M_cqueen,2026-05-13,2026-04-13 23:59:59.999999999,2026-05-13 23:59:59.999999999,511,29.242,0.5,4.41,59.786,25,22,3,0,0,0,0,False,WINDOW_QUALITY_OK,309.0,316.0,7.0,7.181,0.7561,0.1227,0.2412,5.0,100.0,95.0,71.0,100.0,100.0,0.0158,0.0158,0.9377,0.8926,0.7544,77,98,38,74170.0,74190.0,74170.0,74190.0,20.0,1,0,0.0,,,82.33,82.35,0,2,0,0,2,0,2,0,0,2,0,2,0,0,2,0.0,0,0,0,,0.0,,,0.0,0,0,0,,0.0,,2026-05-13 23:59:59.999999999,2023-10-23 08:37:45,2026-05-13 14:02:10,933.64,True,74170.0,2025-05-28 08:06:42,254.0,350.662,62.0,False,74190.0,2026-04-21 08:38:30,311.0,22.64,5.0,True,1,20.0,True,1,5,13,1,5,6,0,0,2,12,0,2,2,0,1,0,13,0,2.4743,0,-3.19713,1.3885,1.3885,350.662,62.0,6,2,0,1.3885,4,MOBILE_DEEP_CYCLE,STATEFUL_FW_WATCH_HIGH_ANOMALY,WINDOW_MICRO_WOBBLE_ONLY,ACTION_FW_ENGINEERING_REVIEW,medium,4,fw_like_no_response_core_requirement_short,fw_like;micro_wobble;large_gap_dominant,days_eff=351 days_any=23 cyc_eff=62 hq_nr=1 total_nr=6 cens=0 lg_opp=13 opp=33 norm_anom=1.39 conf_p=1 micro_only=True cluster=MOBILE_DEEP_CYCLE,No user-facing action; monitoring.,"FW-like no-response signal but a core requirement is short (staleness/cycles/quality). Monitor and add to FW engineering queue. normative anomaly 1.39, 6 no_response since last effective change (350d ago).",,True,False,True,True,False,False,False,False,0,2026-06-08T10:02:59Z,rolling30-v2.0,30,1,abs_ge_50mWh
TNAKAMURA8-CRZW_tnakamura8,2025-06-12,2025-05-13 23:59:59.999999999,2025-06-12 23:59:59.999999999,798,29.467,0.5,1.701,47.812,19,10,4,0,0,0,0,False,WINDOW_QUALITY_OK,662.0,673.0,11.0,11.199,0.7262,0.137,0.2738,31.0,100.0,69.0,65.85,99.0,100.0,0.0,0.0,0.9209,0.8302,0.6612,156,216,78,45370.0,45370.0,45370.0,45370.0,0.0,0,0,0.0,,,79.6,79.6,0,0,0,0,0,0,0,0,0,0,0,0,0,0,0,0.0,0,0,0,,0.0,,,0.0,0,0,0,,0.0,,2025-06-12 23:59:59.999999999,2023-02-10 14:03:19,2025-06-12 11:45:15,853.414,True,45370.0,2024-07-19 01:22:36,565.0,328.943,108.0,False,45370.0,2024-07-19 01:22:36,565.0,328.943,108.0,False,0,0.0,False,4,2,11,4,2,6,0,4,1,10,4,1,5,0,4,0,11,0,2.2635,0,-2.8724,1.2475,1.2475,328.943,108.0,6,5,0,1.2475,5,AC_BOUND,STATEFUL_FW_WATCH_HIGH_ANOMALY,WINDOW_INSUFFICIENT_LEARNING_OPPORTUNITY,ACTION_FW_ENGINEERING_REVIEW,medium,4,fw_like_no_response_core_requirement_short,fw_like;gauge_like;large_gap_dominant,days_eff=329 days_any=329 cyc_eff=108 hq_nr=4 total_nr=6 cens=0 lg_opp=11 opp=32 norm_anom=1.25 conf_p=1 micro_only=False cluster=AC_BOUND,No user-facing action; monitoring.,"FW-like no-response signal but a core requirement is short (staleness/cycles/quality). Monitor and add to FW engineering queue. normative anomaly 1.25, 6 no_response since last effective change (328d ago).",,True,True,False,True,False,False,False,False,0,2026-06-08T10:02:59Z,rolling30-v2.0,30,1,abs_ge_50mWh
XLIN3-PF4RXZPZ_xlin3,2026-01-12,2025-12-13 23:59:59.999999999,2026-01-12 23:59:59.999999999,242,28.418,0.725,12.578,96.003,27,16,3,0,0,0,0,False,WINDOW_QUALITY_OK,283.0,285.0,2.0,2.111,0.9634,0.0217,0.0366,28.0,100.0,72.0,95.0,97.0,100.0,0.0,0.0,0.9759,0.9738,0.7927,3,10,2,40330.0,40290.0,40290.0,40330.0,40.0,2,0,0.0,,,76.82,76.74,0,0,0,0,0,0,0,0,0,0,0,0,0,0,0,0.0,0,0,0,,0.0,,,0.0,0,0,0,,0.0,,2026-01-12 23:59:59.999999999,2024-02-08 08:40:27,2026-01-12 18:29:40,704.639,True,40510.0,2025-10-15 10:18:15,271.0,89.571,14.0,False,40290.0,2025-12-18 22:57:30,285.0,25.043,0.0,True,14,20.0,True,5,0,1,5,0,5,0,3,0,0,3,0,3,0,5,0,1,0,2.0902,0,-2.71266,1.1781,1.1781,89.571,14.0,5,3,0,1.1781,5,AC_BOUND,STATEFUL_FW_WATCH_HIGH_ANOMALY,WINDOW_MICRO_WOBBLE_ONLY,ACTION_FW_ENGINEERING_REVIEW,medium,4,fw_like_no_response_core_requirement_short,fw_like;micro_wobble,days_eff=90 days_any=25 cyc_eff=14 hq_nr=5 total_nr=5 cens=0 lg_opp=1 opp=9 norm_anom=1.18 conf_p=1 micro_only=True cluster=AC_BOUND,No user-facing action; monitoring.,"FW-like no-response signal but a core requirement is short (staleness/cycles/quality). Monitor and add to FW engineering queue. normative anomaly 1.18, 5 no_response since last effective change (89d ago).",,True,False,True,False,False,False,False,False,0,2026-06-08T10:02:59Z,rolling30-v2.0,30,1,abs_ge_50mWh
LAPTOP-S8IHCLL8_x1,2026-05-22,2026-04-22 23:59:59.999999999,2026-05-22 23:59:59.999999999,86,18.33,0.5,17.29,149.165,10,8,4,0,0,0,0,False,WINDOW_QUALITY_OK,40.0,42.0,2.0,3.273,0.8211,0.1065,0.1789,16.0,80.0,64.0,28.5,79.0,80.0,0.0,0.003,0.0,0.0,0.0,16,19,8,48720.0,48700.0,48700.0,48720.0,20.0,2,0,0.0,,,85.43,85.39,0,1,0,0,1,0,0,0,0,0,0,0,0,0,0,0.0,0,0,0,,0.0,,,0.0,0,0,0,,0.0,,2026-05-22 23:59:59.999999999,2025-01-13 11:27:43,2026-05-22 19:58:36,494.522,True,49020.0,2025-03-23 16:47:48,14.0,425.3,28.0,False,48700.0,2026-05-14 18:16:51,42.0,8.238,0.0,True,28,20.0,True,0,5,10,0,5,5,0,0,0,0,0,0,0,0,0,0,10,0,2.0233,0,-2.59768,1.1282,1.1282,425.3,28.0,5,0,0,1.1282,2,MOBILE_DEEP_CYCLE,STATEFUL_FW_WATCH_HIGH_ANOMALY,WINDOW_MICRO_WOBBLE_ONLY,ACTION_FW_ENGINEERING_REVIEW,medium,4,fw_like_no_response_core_requirement_short,fw_like;micro_wobble;large_gap_dominant,days_eff=425 days_any=8 cyc_eff=28 hq_nr=0 total_nr=5 cens=0 lg_opp=10 opp=15 norm_anom=1.13 conf_p=1 micro_only=True cluster=MOBILE_DEEP_CYCLE,No user-facing action; monitoring.,"FW-like no-response signal but a core requirement is short (staleness/cycles/quality). Monitor and add to FW engineering queue. normative anomaly 1.13, 5 no_response since last effective change (425d ago).",,True,False,True,True,False,False,False,False,0,2026-06-08T10:02:59Z,rolling30-v2.0,30,1,abs_ge_50mWh
EMOURA3-W0A2BQE_emoura3,2024-07-02,2024-06-02 23:59:59.999999999,2024-07-02 23:59:59.999999999,988,29.599,0.5,0.5,60.116,16,3,1,0,0,0,0,False,WINDOW_QUALITY_OK,27.0,38.0,11.0,11.149,0.7644,0.7616,0.2356,2.0,100.0,98.0,44.35,100.0,100.0,0.0144,0.0168,0.8332,0.8009,0.7865,45,50,23,47500.0,47380.0,47380.0,47500.0,120.0,11,0,0.0,,,102.15,101.89,1,3,1,0,4,1,3,1,0,4,1,3,1,0,4,0.3841,0,1,1,0.615917,0.2105,0.86181,0.88065,0.2154,0,1,1,0.784615,0.1053,0.73593,2024-07-02 23:59:59.999999999,2024-03-26 16:16:35,2024-07-02 16:25:02,98.322,True,47760.0,2024-03-26 16:16:35,4.0,98.322,34.0,False,47380.0,2024-06-27 18:57:43,38.0,5.21,0.0,True,34,20.0,True,4,2,8,4,2,6,0,3,2,8,3,2,5,0,4,0,8,0,2.0955,0,-2.58643,1.1233,1.1233,98.322,34.0,6,5,0,1.1233,3,AC_BOUND,STATEFUL_FW_WATCH_HIGH_ANOMALY,WINDOW_OPPORTUNITY_NO_RESPONSE,ACTION_FW_ENGINEERING_REVIEW,medium,4,fw_like_no_response_core_requirement_short,fw_like;micro_wobble;large_gap_dominant,days_eff=98 days_any=5 cyc_eff=34 hq_nr=4 total_nr=6 cens=0 lg_opp=8 opp=27 norm_anom=1.12 conf_p=0.862 micro_only=True cluster=AC_BOUND,No user-facing action; monitoring.,"FW-like no-response signal but a core requirement is short (staleness/cycles/quality). Monitor and add to FW engineering queue. normative anomaly 1.12, 6 no_response since last effective change (98d ago).",,True,False,True,True,False,False,False,False,18,2026-06-08T10:02:59Z,rolling30-v2.0,30,1,abs_ge_50mWh
HNAKA-PF43B9PV_hnaka,2025-05-22,2025-04-22 23:59:59.999999999,2025-05-22 23:59:59.999999999,157,29.499,0.5,2.86,287.863,7,7,5,0,0,0,0,False,WINDOW_QUALITY_OK,304.0,306.0,2.0,2.034,0.9095,0.0857,0.0905,24.0,100.0,76.0,57.6,100.0,100.0,0.0,0.0,0.9365,0.925,0.9193,17,22,9,45660.0,45660.0,45660.0,45660.0,0.0,0,0,0.0,,,80.04,80.04,0,0,0,0,0,0,0,0,0,0,0,0,0,0,0,0.0,0,0,0,,0.0,,,0.0,0,0,0,,0.0,,2025-05-22 23:59:59.999999999,2023-03-20 14:52:18,2025-05-22 22:05:49,794.38,True,45670.0,2025-03-19 12:58:31,289.0,64.459,17.0,False,45660.0,2025-04-18 13:16:15,302.0,34.447,4.0,True,1,10.0,True,1,3,2,1,3,4,0,1,1,2,1,1,2,0,1,0,2,0,1.3274,0,-1.61714,0.7023,0.7023,64.459,17.0,4,2,0,0.7023,5,AC_BOUND,STATEFUL_FW_WATCH_HIGH_ANOMALY,WINDOW_INSUFFICIENT_LEARNING_OPPORTUNITY,ACTION_FW_ENGINEERING_REVIEW,medium,4,fw_like_no_response_core_requirement_short,fw_like;micro_wobble,days_eff=64 days_any=34 cyc_eff=17 hq_nr=1 total_nr=4 cens=0 lg_opp=2 opp=10 norm_anom=0.70 conf_p=1 micro_only=True cluster=AC_BOUND,No user-facing action; monitoring.,"FW-like no-response signal but a core requirement is short (staleness/cycles/quality). Monitor and add to FW engineering queue. normative anomaly 0.70, 4 no_response since last effective change (64d ago).",,True,False,True,False,False,False,False,False,0,2026-06-08T10:02:59Z,rolling30-v2.0,30,1,abs_ge_50mWh
MNAKABAYASH-XPZ_mnakabayashi1,2026-05-27,2026-04-27 23:59:59.999999999,2026-05-27 23:59:59.999999999,111,9.26,0.5,13.829,61.768,7,7,2,0,0,0,0,False,WINDOW_QUALITY_OK,187.0,188.0,1.0,3.24,0.8932,0.1328,0.1068,2.0,100.0,98.0,33.5,99.0,100.0,0.0383,0.046,0.8744,0.8596,0.8366,10,13,5,51880.0,51880.0,51880.0,51880.0,0.0,0,0,0.0,,,90.94,90.94,0,1,0,0,1,0,1,0,0,1,0,1,0,0,1,0.0,0,0,0,,0.0,,,0.0,0,0,0,,0.0,,2026-05-27 23:59:59.999999999,2023-07-04 16:26:51,2026-05-27 14:45:46,1058.315,True,51880.0,2024-03-21 13:33:25,91.0,797.435,97.0,False,51880.0,2024-03-21 13:33:25,91.0,797.435,97.0,False,0,0.0,False,0,4,23,0,4,4,0,0,0,8,0,0,0,0,0,0,23,0,1.3274,0,-1.61714,0.7023,0.7023,797.435,97.0,4,0,0,0.7023,4,MOBILE_DEEP_CYCLE,STATEFUL_FW_WATCH_HIGH_ANOMALY,WINDOW_LARGE_GAP_AMBIGUOUS,ACTION_FW_ENGINEERING_REVIEW,medium,4,fw_like_no_response_core_requirement_short,fw_like;large_gap_dominant,days_eff=797 days_any=797 cyc_eff=97 hq_nr=0 total_nr=4 cens=0 lg_opp=23 opp=35 norm_anom=0.70 conf_p=1 micro_only=False cluster=MOBILE_DEEP_CYCLE,No user-facing action; monitoring.,"FW-like no-response signal but a core requirement is short (staleness/cycles/quality). Monitor and add to FW engineering queue. normative anomaly 0.70, 4 no_response since last effective change (797d ago).",,True,False,False,True,False,False,False,False,0,2026-06-08T10:02:59Z,rolling30-v2.0,30,1,abs_ge_50mWh
AIII1-PF6249QS_aiii1,2026-05-19,2026-04-19 23:59:59.999999999,2026-05-19 23:59:59.999999999,334,29.075,0.5,11.547,113.383,22,17,4,0,0,0,0,False,WINDOW_QUALITY_OK,19.0,28.0,9.0,9.286,0.5777,0.0768,0.4223,2.0,100.0,98.0,30.0,81.0,94.0,0.0031,0.035,0.5251,0.0888,0.0641,86,107,43,59040.0,58930.0,58930.0,59040.0,110.0,9,0,0.0,,,98.4,98.22,0,4,0,0,4,0,3,0,0,3,0,1,0,0,1,0.0,0,0,0,,0.0,,,0.0,0,0,0,,0.0,,2026-05-19 23:59:59.999999999,2026-01-29 14:20:30,2026-05-19 10:15:31,110.402,True,59200.0,2026-02-17 09:00:47,5.0,91.624,23.0,False,58930.0,2026-05-13 09:34:38,28.0,6.601,0.0,True,23,20.0,True,1,2,6,1,2,3,0,0,0,1,0,0,0,0,1,0,6,0,1.2191,0,-1.56891,0.6814,0.6814,91.624,23.0,3,0,0,0.6814,1,AC_BOUND,STATEFUL_FW_WATCH_HIGH_ANOMALY,WINDOW_MICRO_WOBBLE_ONLY,ACTION_FW_ENGINEERING_REVIEW,medium,4,fw_like_no_response_core_requirement_short,fw_like;micro_wobble;large_gap_dominant,days_eff=92 days_any=7 cyc_eff=23 hq_nr=1 total_nr=3 cens=0 lg_opp=6 opp=10 norm_anom=0.68 conf_p=1 micro_only=True cluster=AC_BOUND,No user-facing action; monitoring.,"FW-like no-response signal but a core requirement is short (staleness/cycles/quality). Monitor and add to FW engineering queue. normative anomaly 0.68, 3 no_response since last effective change (91d ago).",,True,False,True,True,False,False,False,False,0,2026-06-08T10:02:59Z,rolling30-v2.0,30,1,abs_ge_50mWh
YWADA-PF49SXTB_ywada,2024-05-30,2024-04-30 23:59:59.999999999,2024-05-30 23:59:59.999999999,535,28.494,0.5,1.587,111.112,23,15,3,0,0,0,0,False,WINDOW_QUALITY_OK,122.0,136.0,14.0,14.74,0.7108,0.2067,0.2892,14.0,100.0,86.0,56.7,100.0,100.0,0.0,0.0074,0.8625,0.795,0.7277,116,158,58,49500.0,49500.0,49500.0,49500.0,0.0,0,0,0.0,,,86.77,86.77,0,4,0,0,4,0,2,0,0,2,0,0,0,0,0,0.0,0,0,0,,0.0,,,0.0,0,0,0,,0.0,,2024-05-30 23:59:59.999999999,2023-04-20 16:04:29,2024-05-30 12:44:05,406.33,True,49520.0,2023-12-23 13:05:35,82.0,159.454,54.0,False,49500.0,2024-02-28 08:45:33,102.0,92.635,34.0,False,1,20.0,True,0,4,9,0,3,3,1,0,0,5,0,0,0,0,0,1,9,0,1.1836,0,-1.51795,0.6592,0.6592,159.454,54.0,3,0,0,0.6592,4,MOBILE_DEEP_CYCLE,STATEFUL_FW_WATCH_HIGH_ANOMALY,WINDOW_LARGE_GAP_AMBIGUOUS,ACTION_FW_ENGINEERING_REVIEW,medium,4,fw_like_no_response_core_requirement_short,fw_like;micro_wobble;large_gap_dominant,days_eff=159 days_any=93 cyc_eff=54 hq_nr=0 total_nr=3 cens=1 lg_opp=9 opp=18 norm_anom=0.66 conf_p=1 micro_only=True cluster=MOBILE_DEEP_CYCLE,No user-facing action; monitoring.,"FW-like no-response signal but a core requirement is short (staleness/cycles/quality). Monitor and add to FW engineering queue. normative anomaly 0.66, 3 no_response since last effective change (159d ago).",,True,False,True,True,False,False,False,False,0,2026-06-08T10:02:59Z,rolling30-v2.0,30,1,abs_ge_50mWh
ADAMS_JAGUAR3,2025-04-11,2025-03-12 23:59:59.999999999,2025-04-11 23:59:59.999999999,428,28.95,0.5,10.062,30.244,38,11,1,0,0,0,0,False,WINDOW_QUALITY_OK,116.0,116.0,0.0,0.0,0.9794,0.0226,0.0206,77.0,100.0,23.0,95.0,98.0,100.0,0.0,0.0,0.9919,0.9919,0.847,4,11,2,44750.0,44750.0,44750.0,44750.0,0.0,0,0,0.0,,,78.44,78.44,0,0,0,0,0,0,0,0,0,0,0,0,0,0,0,0.0,0,0,0,,0.0,,,0.0,0,0,0,,0.0,,2025-04-11 23:59:59.999999999,2023-04-03 13:40:35,2025-04-11 06:41:15,739.43,True,44750.0,2025-01-11 12:18:49,111.0,90.487,5.0,False,44750.0,2025-01-11 12:18:49,111.0,90.487,5.0,False,0,0.0,False,0,2,1,0,2,2,0,0,2,1,0,2,2,0,0,0,1,0,0.871,0,-1.14375,0.4967,0.4967,90.487,5.0,2,2,0,0.4967,5,AC_BOUND,STATEFUL_FW_WATCH_HIGH_ANOMALY,WINDOW_INSUFFICIENT_LEARNING_OPPORTUNITY,ACTION_FW_ENGINEERING_REVIEW,medium,4,fw_like_no_response_core_requirement_short,fw_like,days_eff=90 days_any=90 cyc_eff=5 hq_nr=0 total_nr=2 cens=0 lg_opp=1 opp=6 norm_anom=0.50 conf_p=1 micro_only=False cluster=AC_BOUND,No user-facing action; monitoring.,"FW-like no-response signal but a core requirement is short (staleness/cycles/quality). Monitor and add to FW engineering queue. normative anomaly 0.50, 2 no_response since last effective change (90d ago).",,True,False,False,False,False,False,False,True,0,2026-06-08T10:02:59Z,rolling30-v2.0,30,1,abs_ge_50mWh
SIWAI-PF43AVX9_siwai,2024-07-06,2024-06-06 23:59:59.999999999,2024-07-06 23:59:59.999999999,138,28.731,0.5,20.421,78.204,26,19,5,0,0,0,0,False,WINDOW_QUALITY_OK,205.0,209.0,4.0,4.177,0.3275,0.1969,0.6725,17.0,100.0,83.0,20.7,81.5,100.0,0.0,0.0494,0.4923,0.2632,0.1963,32,41,17,48080.0,48080.0,48080.0,48080.0,0.0,0,0,0.0,,,84.28,84.28,0,2,0,0,2,0,0,0,0,0,0,0,0,0,0,0.0,0,0,0,,0.0,,,0.0,0,0,0,,0.0,,2024-07-06 23:59:59.999999999,2023-03-24 15:09:12,2024-07-06 05:45:06,470.369,True,48080.0,2024-03-19 06:07:42,168.0,109.745,41.0,False,48080.0,2024-03-19 06:07:42,168.0,109.745,41.0,False,0,0.0,False,2,0,7,2,0,2,0,2,0,1,2,0,2,0,2,0,7,0,0.8606,0,-1.12537,0.4887,0.4887,109.745,41.0,2,2,0,0.4887,4,MOBILE_DEEP_CYCLE,STATEFUL_FW_WATCH_HIGH_ANOMALY,WINDOW_LARGE_GAP_AMBIGUOUS,ACTION_FW_ENGINEERING_REVIEW,medium,4,fw_like_no_response_core_requirement_short,fw_like;large_gap_dominant,days_eff=110 days_any=110 cyc_eff=41 hq_nr=2 total_nr=2 cens=0 lg_opp=7 opp=12 norm_anom=0.49 conf_p=1 micro_only=False cluster=MOBILE_DEEP_CYCLE,No user-facing action; monitoring.,"FW-like no-response signal but a core requirement is short (staleness/cycles/quality). Monitor and add to FW engineering queue. normative anomaly 0.49, 2 no_response since last effective change (109d ago).",,True,False,False,True,False,False,False,False,0,2026-06-08T10:02:59Z,rolling30-v2.0,30,1,abs_ge_50mWh
LAPTOP-UQQQG0S3_ThinkPad,2025-07-30,2025-06-30 23:59:59.999999999,2025-07-30 23:59:59.999999999,1124,29.338,0.5,0.5,48.217,8,5,2,0,0,0,0,False,WINDOW_QUALITY_OK,22.0,32.0,10.0,10.226,0.8839,0.0379,0.1161,2.0,80.0,78.0,39.0,78.0,79.85,0.0102,0.0166,0.0,0.0,0.0,76,101,38,55490.0,55380.0,55380.0,55490.0,110.0,10,0,0.0,,,97.3,97.11,2,2,2,0,4,0,0,0,0,0,0,0,0,0,0,0.7653,0,2,2,0.378828,0.4216,0.37912,0.36228,0.2974,0,2,2,0.724681,0.1399,0.66529,2025-07-30 23:59:59.999999999,2024-12-02 08:22:35,2025-07-30 08:35:38,240.651,True,55610.0,2025-04-01 12:50:58,12.0,120.465,20.0,False,55380.0,2025-07-23 22:34:03,32.0,7.06,0.0,True,22,20.0,True,2,0,3,2,0,2,0,0,0,0,0,0,0,0,2,0,3,0,0.7653,0,-0.97067,0.4216,0.4216,120.465,20.0,2,0,0,0.4216,2,MOBILE_DEEP_CYCLE,STATEFUL_FW_WATCH_HIGH_ANOMALY,WINDOW_OPPORTUNITY_NO_RESPONSE,ACTION_FW_ENGINEERING_REVIEW,medium,4,fw_like_no_response_core_requirement_short,fw_like;micro_wobble;large_gap_dominant,days_eff=120 days_any=7 cyc_eff=20 hq_nr=2 total_nr=2 cens=0 lg_opp=3 opp=5 norm_anom=0.42 conf_p=0.379 micro_only=True cluster=MOBILE_DEEP_CYCLE,No user-facing action; monitoring.,"FW-like no-response signal but a core requirement is short (staleness/cycles/quality). Monitor and add to FW engineering queue. normative anomaly 0.42, 2 no_response since last effective change (120d ago).",,True,False,True,True,False,False,False,False,21,2026-06-08T10:02:59Z,rolling30-v2.0,30,1,abs_ge_50mWh
SIWAI-PF462GGQ_localuser,2024-10-28,2024-09-28 23:59:59.999999999,2024-10-28 23:59:59.999999999,452,28.454,0.5,6.169,82.41,25,4,4,0,0,0,0,False,WINDOW_QUALITY_OK,244.0,256.0,12.0,12.652,0.5525,0.1713,0.4475,17.0,100.0,83.0,30.55,84.0,100.0,0.0,0.0097,0.5307,0.4083,0.3025,115,148,58,48080.0,48080.0,48080.0,48080.0,0.0,0,0,0.0,,,84.28,84.28,0,0,0,0,0,0,0,0,0,0,0,0,0,0,0,0.0,0,0,0,,0.0,,,0.0,0,0,0,,0.0,,2024-10-28 23:59:59.999999999,2024-07-06 06:57:56,2024-10-28 11:52:16,114.71,True,48080.0,2024-07-06 06:57:56,209.0,114.71,47.0,False,48080.0,2024-07-06 06:57:56,209.0,114.71,47.0,False,0,0.0,False,1,1,7,1,1,2,0,0,0,1,0,0,0,0,1,0,7,0,0.7682,0,-0.96929,0.421,0.421,114.71,47.0,2,0,0,0.421,4,MOBILE_DEEP_CYCLE,STATEFUL_FW_WATCH_HIGH_ANOMALY,WINDOW_INSUFFICIENT_LEARNING_OPPORTUNITY,ACTION_FW_ENGINEERING_REVIEW,medium,4,fw_like_no_response_core_requirement_short,fw_like;large_gap_dominant,days_eff=115 days_any=115 cyc_eff=47 hq_nr=1 total_nr=2 cens=0 lg_opp=7 opp=10 norm_anom=0.42 conf_p=1 micro_only=False cluster=MOBILE_DEEP_CYCLE,No user-facing action; monitoring.,"FW-like no-response signal but a core requirement is short (staleness/cycles/quality). Monitor and add to FW engineering queue. normative anomaly 0.42, 2 no_response since last effective change (114d ago).",,True,False,False,True,False,False,False,False,0,2026-06-08T10:02:59Z,rolling30-v2.0,30,1,abs_ge_50mWh
SIWAI-PF462GGQ_siwai,2024-10-21,2024-09-21 23:59:59.999999999,2024-10-21 23:59:59.999999999,392,27.17,0.5,6.675,82.41,25,4,4,0,0,0,0,False,WINDOW_QUALITY_OK,242.0,252.0,10.0,11.041,0.6039,0.1878,0.3961,24.0,100.0,76.0,46.0,93.0,100.0,0.0,0.0,0.6136,0.4991,0.4022,101,134,51,48080.0,48080.0,48080.0,48080.0,0.0,0,0,0.0,,,84.28,84.28,0,0,0,0,0,0,0,0,0,0,0,0,0,0,0,0.0,0,0,0,,0.0,,,0.0,0,0,0,,0.0,,2024-10-21 23:59:59.999999999,2024-07-06 06:57:56,2024-10-21 15:29:34,107.71,True,48080.0,2024-07-06 06:57:56,209.0,107.71,43.0,False,48080.0,2024-07-06 06:57:56,209.0,107.71,43.0,False,0,0.0,False,1,1,7,1,1,2,0,0,0,1,0,0,0,0,1,0,7,0,0.7682,0,-0.96929,0.421,0.421,107.71,43.0,2,0,0,0.421,4,MOBILE_DEEP_CYCLE,STATEFUL_FW_WATCH_HIGH_ANOMALY,WINDOW_INSUFFICIENT_LEARNING_OPPORTUNITY,ACTION_FW_ENGINEERING_REVIEW,medium,4,fw_like_no_response_core_requirement_short,fw_like;large_gap_dominant,days_eff=108 days_any=108 cyc_eff=43 hq_nr=1 total_nr=2 cens=0 lg_opp=7 opp=10 norm_anom=0.42 conf_p=1 micro_only=False cluster=MOBILE_DEEP_CYCLE,No user-facing action; monitoring.,"FW-like no-response signal but a core requirement is short (staleness/cycles/quality). Monitor and add to FW engineering queue. normative anomaly 0.42, 2 no_response since last effective change (107d ago).",,True,False,False,True,False,False,False,False,0,2026-06-08T10:02:59Z,rolling30-v2.0,30,1,abs_ge_50mWh
T14S-GEN5-REX_shensl3,2025-09-28,2025-08-29 23:59:59.999999999,2025-09-28 23:59:59.999999999,310,29.013,0.5,6.779,259.968,20,4,2,0,0,0,0,False,WINDOW_QUALITY_OK,207.0,217.0,10.0,10.34,0.5956,0.1751,0.4044,20.0,100.0,80.0,34.0,97.0,100.0,0.0,0.0,0.7853,0.7125,0.618,89,109,45,34200.0,34090.0,34090.0,34200.0,110.0,10,0,0.0,,,58.95,58.76,0,1,0,0,1,0,0,0,0,0,0,0,0,0,0,0.0,0,0,0,,0.0,,,0.0,0,0,0,,0.0,,2025-09-28 23:59:59.999999999,2024-04-30 21:02:18,2025-09-28 08:42:28,516.123,True,34700.0,2025-06-13 00:26:44,164.0,107.981,53.0,False,34090.0,2025-09-11 21:47:35,217.0,17.092,0.0,True,53,20.0,True,2,0,5,2,0,2,0,0,0,1,0,0,0,0,2,0,5,0,0.6289,0,-0.755,0.3279,0.3279,107.981,53.0,2,0,0,0.3279,5,AC_BOUND,STATEFUL_FW_WATCH_HIGH_ANOMALY,WINDOW_MICRO_WOBBLE_ONLY,ACTION_FW_ENGINEERING_REVIEW,medium,4,fw_like_no_response_core_requirement_short,fw_like;micro_wobble;large_gap_dominant,days_eff=108 days_any=17 cyc_eff=53 hq_nr=2 total_nr=2 cens=0 lg_opp=5 opp=8 norm_anom=0.33 conf_p=1 micro_only=True cluster=AC_BOUND,No user-facing action; monitoring.,"FW-like no-response signal but a core requirement is short (staleness/cycles/quality). Monitor and add to FW engineering queue. normative anomaly 0.33, 2 no_response since last effective change (107d ago).",,True,False,True,True,False,False,False,False,0,2026-06-08T10:02:59Z,rolling30-v2.0,30,1,abs_ge_50mWh
COLIN_cdorner,2026-05-12,2026-04-12 23:59:59.999999999,2026-05-12 23:59:59.999999999,566,29.174,0.5,3.909,66.568,23,12,4,0,0,0,0,False,WINDOW_QUALITY_OK,20.0,27.0,7.0,7.198,0.6929,0.0672,0.3071,20.0,80.0,60.0,51.25,79.0,80.0,0.0,0.0,0.0,0.0,0.0,160,185,80,99730.0,99620.0,99620.0,99730.0,110.0,7,0,0.0,,,99.83,99.72,0,1,0,0,1,0,0,0,0,0,0,0,0,0,0,0.0,0,0,0,,0.0,,,0.0,0,0,0,,0.0,,2026-05-12 23:59:59.999999999,2025-10-13 15:02:56,2026-05-12 12:27:16,211.373,True,99900.0,2025-10-13 15:02:56,1.0,211.373,26.0,False,99620.0,2026-04-30 14:50:28,27.0,12.382,0.0,True,18,20.0,True,0,1,3,0,1,1,0,0,0,0,0,0,0,0,0,0,3,0,0.5,0,-0.69315,0.301,0.301,211.373,26.0,1,0,0,0.301,2,MOBILE_DEEP_CYCLE,STATEFUL_FW_WATCH_HIGH_ANOMALY,WINDOW_MICRO_WOBBLE_ONLY,ACTION_FW_ENGINEERING_REVIEW,medium,4,fw_like_no_response_core_requirement_short,fw_like;micro_wobble;large_gap_dominant,days_eff=211 days_any=12 cyc_eff=26 hq_nr=0 total_nr=1 cens=0 lg_opp=3 opp=4 norm_anom=0.30 conf_p=1 micro_only=True cluster=MOBILE_DEEP_CYCLE,No user-facing action; monitoring.,"FW-like no-response signal but a core requirement is short (staleness/cycles/quality). Monitor and add to FW engineering queue. normative anomaly 0.30, 1 no_response since last effective change (211d ago).",,True,False,True,True,False,False,False,False,0,2026-06-08T10:02:59Z,rolling30-v2.0,30,1,abs_ge_50mWh
LAPTOP-7CFQ50BM_Carl,2025-03-14,2025-02-12 23:59:59.999999999,2025-03-14 23:59:59.999999999,24,25.206,0.262,0.5,598.895,1,1,1,0,0,0,0,False,WINDOW_QUALITY_OK,181.0,182.0,1.0,1.19,0.5515,0.5515,0.4485,1.0,69.0,68.0,1.9,28.0,52.5,0.4071,0.4974,0.0,0.0,0.0,9,9,5,52640.0,52640.0,52640.0,52640.0,0.0,0,0,0.0,,,92.3,92.3,0,0,0,0,0,0,0,0,0,0,0,0,0,0,0,0.0,0,0,0,,0.0,,,0.0,0,0,0,,0.0,,2025-03-14 23:59:59.999999999,2024-01-09 17:21:44,2025-03-14 20:10:38,430.277,True,52690.0,2024-12-26 16:45:38,178.0,78.302,4.0,False,52640.0,2025-01-10 12:22:04,181.0,63.485,1.0,False,2,30.0,True,0,1,1,0,1,1,0,0,1,1,0,1,1,0,0,0,1,0,0.5,0,-0.69315,0.301,0.301,78.302,4.0,1,1,0,0.301,2,MOBILE_DEEP_CYCLE,STATEFUL_FW_WATCH_HIGH_ANOMALY,WINDOW_INSUFFICIENT_LEARNING_OPPORTUNITY,ACTION_FW_ENGINEERING_REVIEW,medium,4,fw_like_no_response_core_requirement_short,fw_like;micro_wobble;large_gap_dominant,days_eff=78 days_any=63 cyc_eff=4 hq_nr=0 total_nr=1 cens=0 lg_opp=1 opp=4 norm_anom=0.30 conf_p=1 micro_only=True cluster=MOBILE_DEEP_CYCLE,No user-facing action; monitoring.,"FW-like no-response signal but a core requirement is short (staleness/cycles/quality). Monitor and add to FW engineering queue. normative anomaly 0.30, 1 no_response since last effective change (78d ago).",,True,False,True,True,False,False,False,True,0,2026-06-08T10:02:59Z,rolling30-v2.0,30,1,abs_ge_50mWh
PCHEN23-1000044_pchen23,2026-05-27,2026-04-27 23:59:59.999999999,2026-05-27 23:59:59.999999999,1104,29.622,0.5,0.5,94.532,5,5,1,0,0,0,0,False,WINDOW_QUALITY_OK,13.0,14.0,1.0,1.013,0.9591,0.2071,0.0409,2.0,100.0,98.0,95.0,97.0,100.0,0.0047,0.0056,0.9782,0.9704,0.9491,13,21,7,46270.0,46250.0,46250.0,46270.0,20.0,1,0,0.0,,,102.82,102.78,0,1,0,0,1,0,1,0,0,1,0,1,0,0,1,0.0,0,0,0,,0.0,,,0.0,0,0,0,,0.0,,2026-05-27 23:59:59.999999999,2026-03-04 15:11:54,2026-05-27 15:17:47,84.367,True,46350.0,2026-03-23 13:34:23,8.0,65.434,6.0,False,46250.0,2026-05-05 13:01:47,14.0,22.457,0.0,True,6,20.0,True,0,1,4,0,1,1,0,0,1,3,0,1,1,0,0,0,4,0,0.451,0,-0.59962,0.2604,0.2604,65.434,6.0,1,1,0,0.2604,3,AC_BOUND,STATEFUL_FW_WATCH_HIGH_ANOMALY,WINDOW_MICRO_WOBBLE_ONLY,ACTION_FW_ENGINEERING_REVIEW,medium,4,fw_like_no_response_core_requirement_short,fw_like;micro_wobble;large_gap_dominant,days_eff=65 days_any=22 cyc_eff=6 hq_nr=0 total_nr=1 cens=0 lg_opp=4 opp=9 norm_anom=0.26 conf_p=1 micro_only=True cluster=AC_BOUND,No user-facing action; monitoring.,"FW-like no-response signal but a core requirement is short (staleness/cycles/quality). Monitor and add to FW engineering queue. normative anomaly 0.26, 1 no_response since last effective change (65d ago).",,True,False,True,True,False,False,False,False,0,2026-06-08T10:02:59Z,rolling30-v2.0,30,1,abs_ge_50mWh
WANGTC3-F4210KH_wangtc3,2025-06-10,2025-05-11 23:59:59.999999999,2025-06-10 23:59:59.999999999,438,29.031,0.5,5.438,60.406,18,8,5,0,0,0,0,False,WINDOW_QUALITY_OK,167.0,177.0,10.0,10.334,0.8345,0.2222,0.1655,6.0,100.0,94.0,19.0,97.0,100.0,0.0017,0.0503,0.8844,0.8544,0.7418,47,92,24,48760.0,48760.0,48760.0,48760.0,0.0,0,0,0.0,,,85.54,85.54,0,6,0,0,6,0,4,0,0,4,0,1,0,0,1,0.0,0,0,0,,0.0,,,0.0,0,0,0,,0.0,,2025-06-10 23:59:59.999999999,2023-02-09 13:57:03,2025-06-10 10:31:49,852.419,True,48740.0,2025-03-01 12:10:32,147.0,101.493,30.0,False,48760.0,2025-05-05 15:03:47,165.0,36.372,12.0,True,1,20.0,True,0,1,17,0,1,1,0,0,0,5,0,0,0,0,0,0,17,0,0.4407,0,-0.58107,0.2524,0.2524,101.493,30.0,1,0,0,0.2524,4,MOBILE_DEEP_CYCLE,STATEFUL_FW_WATCH_HIGH_ANOMALY,WINDOW_LARGE_GAP_AMBIGUOUS,ACTION_FW_ENGINEERING_REVIEW,medium,4,fw_like_no_response_core_requirement_short,fw_like;micro_wobble;large_gap_dominant,days_eff=101 days_any=36 cyc_eff=30 hq_nr=0 total_nr=1 cens=0 lg_opp=17 opp=23 norm_anom=0.25 conf_p=1 micro_only=True cluster=MOBILE_DEEP_CYCLE,No user-facing action; monitoring.,"FW-like no-response signal but a core requirement is short (staleness/cycles/quality). Monitor and add to FW engineering queue. normative anomaly 0.25, 1 no_response since last effective change (101d ago).",,True,False,True,True,False,False,False,False,0,2026-06-08T10:02:59Z,rolling30-v2.0,30,1,abs_ge_50mWh
LAPTOP-Q6HOEUNN_tyler,2024-06-25,2024-05-26 23:59:59.999999999,2024-06-25 23:59:59.999999999,177,28.079,0.5,10.921,129.848,22,7,4,0,0,0,0,False,WINDOW_QUALITY_OK,64.0,71.0,7.0,7.479,0.576,0.1563,0.424,17.0,100.0,83.0,22.4,94.0,100.0,0.0,0.033,0.6874,0.6011,0.4706,31,43,16,50280.0,50280.0,50280.0,50280.0,0.0,0,0,0.0,,,88.13,88.13,1,2,1,0,3,0,0,0,0,0,0,0,0,0,0,0.4303,0,1,1,0.569677,0.2444,0.74929,0.76293,0.2835,0,1,1,0.716495,0.1448,0.65823,2024-06-25 23:59:59.999999999,2023-05-02 09:13:46,2024-06-25 10:27:13,420.615,True,50310.0,2024-02-06 09:19:36,47.0,140.611,24.0,False,50280.0,2024-03-22 09:49:15,55.0,95.591,16.0,False,1,30.0,True,0,1,6,0,1,1,0,0,0,3,0,0,0,0,0,0,6,0,0.4303,0,-0.56269,0.2444,0.2444,140.611,24.0,1,0,0,0.2444,4,MOBILE_DEEP_CYCLE,STATEFUL_FW_WATCH_HIGH_ANOMALY,WINDOW_OPPORTUNITY_NO_RESPONSE,ACTION_FW_ENGINEERING_REVIEW,medium,4,fw_like_no_response_core_requirement_short,fw_like;micro_wobble;large_gap_dominant,days_eff=141 days_any=96 cyc_eff=24 hq_nr=0 total_nr=1 cens=0 lg_opp=6 opp=10 norm_anom=0.24 conf_p=0.749 micro_only=True cluster=MOBILE_DEEP_CYCLE,No user-facing action; monitoring.,"FW-like no-response signal but a core requirement is short (staleness/cycles/quality). Monitor and add to FW engineering queue. normative anomaly 0.24, 1 no_response since last effective change (140d ago).",,True,False,True,True,False,False,False,False,24,2026-06-08T10:02:59Z,rolling30-v2.0,30,1,abs_ge_50mWh
TRICHARDSON-GP9_trichardson,2025-05-12,2025-04-12 23:59:59.999999999,2025-05-12 23:59:59.999999999,200,28.109,0.5,15.756,265.341,16,16,4,0,0,0,0,False,WINDOW_QUALITY_OK,136.0,140.0,4.0,4.269,0.8705,0.0949,0.1285,32.0,100.0,68.0,67.8,98.0,100.0,0.0,0.0,0.956,0.9436,0.7411,24,37,11,87520.0,87480.0,87480.0,87520.0,40.0,3,0,0.0,,,97.23,97.19,0,0,0,0,0,0,0,0,0,0,0,0,0,0,0,0.0,0,0,0,,0.0,,,0.0,0,0,0,,0.0,,2025-05-12 23:59:59.999999999,2023-07-21 11:53:27,2025-05-12 11:32:15,661.505,True,87940.0,2024-07-09 09:36:13,88.0,307.6,52.0,False,87480.0,2025-05-12 11:32:15,140.0,0.519,0.0,True,45,20.0,True,0,1,10,0,1,1,0,0,1,9,0,1,1,0,0,0,10,0,0.4303,0,-0.56269,0.2444,0.2444,307.6,52.0,1,1,0,0.2444,5,AC_BOUND,STATEFUL_FW_WATCH_HIGH_ANOMALY,WINDOW_MICRO_WOBBLE_ONLY,ACTION_FW_ENGINEERING_REVIEW,medium,4,fw_like_no_response_core_requirement_short,fw_like;gauge_like;micro_wobble;large_gap_dominant,days_eff=308 days_any=1 cyc_eff=52 hq_nr=0 total_nr=1 cens=0 lg_opp=10 opp=21 norm_anom=0.24 conf_p=1 micro_only=True cluster=AC_BOUND,No user-facing action; monitoring.,"FW-like no-response signal but a core requirement is short (staleness/cycles/quality). Monitor and add to FW engineering queue. normative anomaly 0.24, 1 no_response since last effective change (307d ago).",,True,True,True,True,False,False,False,False,0,2026-06-08T10:02:59Z,rolling30-v2.0,30,1,abs_ge_50mWh
LAPTOP-VHFOHP1Q_Neal,2026-04-24,2026-03-25 23:59:59.999999999,2026-04-24 23:59:59.999999999,1067,29.377,0.5,0.5,63.799,7,6,3,0,0,0,0,False,WINDOW_QUALITY_OK,43.0,47.0,4.0,4.085,0.9488,0.0237,0.0512,45.0,100.0,55.0,89.0,100.0,100.0,0.0,0.0,0.9739,0.9569,0.9324,52,82,26,50290.0,50230.0,50230.0,50290.0,60.0,4,0,0.0,,,91.94,91.83,0,0,0,0,0,0,0,0,0,0,0,0,0,0,0,0.0,0,0,0,,0.0,,,0.0,0,0,0,,0.0,,2026-04-24 23:59:59.999999999,2025-07-08 00:39:06,2026-04-24 09:23:22,290.973,True,50590.0,2025-11-11 09:41:12,24.0,164.596,23.0,False,50230.0,2026-04-24 09:23:22,47.0,0.609,0.0,True,23,20.0,True,1,0,1,1,0,1,0,0,0,1,0,0,0,0,1,0,1,0,0.3841,0,-0.48464,0.2105,0.2105,164.596,23.0,1,0,0,0.2105,5,AC_BOUND,STATEFUL_FW_WATCH_HIGH_ANOMALY,WINDOW_MICRO_WOBBLE_ONLY,ACTION_FW_ENGINEERING_REVIEW,medium,4,fw_like_no_response_core_requirement_short,fw_like;gauge_like;micro_wobble;large_gap_dominant,days_eff=165 days_any=1 cyc_eff=23 hq_nr=1 total_nr=1 cens=0 lg_opp=1 opp=3 norm_anom=0.21 conf_p=1 micro_only=True cluster=AC_BOUND,No user-facing action; monitoring.,"FW-like no-response signal but a core requirement is short (staleness/cycles/quality). Monitor and add to FW engineering queue. normative anomaly 0.21, 1 no_response since last effective change (164d ago).",,True,True,True,True,False,False,False,False,0,2026-06-08T10:02:59Z,rolling30-v2.0,30,1,abs_ge_50mWh
T14S2IN1_robbiet,2025-08-11,2025-07-12 23:59:59.999999999,2025-08-11 23:59:59.999999999,268,28.26,0.5,15.284,43.851,30,17,4,0,0,0,0,False,WINDOW_QUALITY_OK,20.0,28.0,8.0,8.492,0.2905,0.1401,0.7095,19.0,100.0,81.0,29.0,87.0,100.0,0.0,0.0022,0.5721,0.3732,0.2069,72,88,37,57710.0,57430.0,57430.0,57710.0,280.0,8,0,0.0,,,99.5,99.02,0,2,0,0,2,0,0,0,0,0,0,0,0,0,0,0.0,0,0,0,,0.0,,,0.0,0,0,0,,0.0,,2025-08-11 23:59:59.999999999,2025-05-13 20:07:00,2025-08-11 14:43:08,90.162,True,58380.0,2025-05-16 09:43:23,1.0,87.595,27.0,False,57430.0,2025-08-11 09:53:53,28.0,0.588,0.0,True,27,40.0,True,0,1,4,0,1,1,0,0,1,1,0,1,1,0,0,0,4,0,0.3841,0,-0.48464,0.2105,0.2105,87.595,27.0,1,1,0,0.2105,4,MOBILE_DEEP_CYCLE,STATEFUL_FW_WATCH_HIGH_ANOMALY,WINDOW_MICRO_WOBBLE_ONLY,ACTION_FW_ENGINEERING_REVIEW,medium,4,fw_like_no_response_core_requirement_short,fw_like;micro_wobble;large_gap_dominant,days_eff=88 days_any=1 cyc_eff=27 hq_nr=0 total_nr=1 cens=0 lg_opp=4 opp=7 norm_anom=0.21 conf_p=1 micro_only=True cluster=MOBILE_DEEP_CYCLE,No user-facing action; monitoring.,"FW-like no-response signal but a core requirement is short (staleness/cycles/quality). Monitor and add to FW engineering queue. normative anomaly 0.21, 1 no_response since last effective change (87d ago).",,True,False,True,True,False,False,False,False,0,2026-06-08T10:02:59Z,rolling30-v2.0,30,1,abs_ge_50mWh
AH-PF2PXA6R_ah,2026-02-11,2026-01-12 23:59:59.999999999,2026-02-11 23:59:59.999999999,1462,29.181,0.5,0.5,6.753,1,0,0,0,0,0,0,False,WINDOW_QUALITY_OK,66.0,70.0,4.0,4.112,0.9468,0.0775,0.0532,57.0,100.0,43.0,88.0,100.0,100.0,0.0,0.0,0.9801,0.9424,0.9047,82,97,41,57570.0,57570.0,57570.0,57570.0,0.0,0,0,0.0,,,101.0,101.0,0,0,0,0,0,0,0,0,0,0,0,0,0,0,0,0.0,0,0,0,,0.0,,,0.0,0,0,0,,0.0,,2026-02-11 23:59:59.999999999,2025-03-03 16:22:07,2026-02-11 15:22:54,345.318,True,57570.0,2025-03-11 17:00:03,4.0,337.292,66.0,False,57570.0,2025-03-11 17:00:03,4.0,337.292,66.0,False,0,0.0,False,1,0,1,1,0,1,0,0,0,1,0,0,0,0,1,0,1,0,0.335,0,-0.40799,0.1772,0.1772,337.292,66.0,1,0,0,0.1772,5,AC_BOUND,STATEFUL_FW_WATCH_HIGH_ANOMALY,WINDOW_INSUFFICIENT_LEARNING_OPPORTUNITY,ACTION_FW_ENGINEERING_REVIEW,medium,4,fw_like_no_response_core_requirement_short,fw_like;gauge_like;large_gap_dominant,days_eff=337 days_any=337 cyc_eff=66 hq_nr=1 total_nr=1 cens=0 lg_opp=1 opp=3 norm_anom=0.18 conf_p=1 micro_only=False cluster=AC_BOUND,No user-facing action; monitoring.,"FW-like no-response signal but a core requirement is short (staleness/cycles/quality). Monitor and add to FW engineering queue. normative anomaly 0.18, 1 no_response since last effective change (337d ago).",,True,True,False,True,False,False,False,False,0,2026-06-08T10:02:59Z,rolling30-v2.0,30,1,abs_ge_50mWh
AIII1-PW0J2TQF_aiii1,2026-01-28,2025-12-29 23:59:59.999999999,2026-01-28 23:59:59.999999999,296,28.821,0.5,8.303,236.495,17,11,5,0,0,0,0,False,WINDOW_QUALITY_OK,44.0,49.0,5.0,5.205,0.6906,0.0676,0.3094,15.0,80.0,65.0,32.0,75.0,79.0,0.0,0.0185,0.0,0.0,0.0,56,65,28,54210.0,54130.0,54130.0,54210.0,80.0,5,0,0.0,,,99.01,98.87,0,2,0,0,2,0,0,0,0,0,0,0,0,0,0,0.0,0,0,0,,0.0,,,0.0,0,0,0,,0.0,,2026-01-28 23:59:59.999999999,2025-08-20 11:34:54,2026-01-28 11:18:45,161.517,True,54760.0,2025-08-20 11:34:54,2.0,161.517,47.0,False,54130.0,2026-01-28 09:48:45,49.0,0.591,0.0,True,40,20.0,True,0,1,9,0,1,1,0,0,0,0,0,0,0,0,0,0,9,0,0.335,0,-0.40799,0.1772,0.1772,161.517,47.0,1,0,0,0.1772,2,MOBILE_DEEP_CYCLE,STATEFUL_FW_WATCH_HIGH_ANOMALY,WINDOW_MICRO_WOBBLE_ONLY,ACTION_FW_ENGINEERING_REVIEW,medium,4,fw_like_no_response_core_requirement_short,fw_like;micro_wobble;large_gap_dominant,days_eff=162 days_any=1 cyc_eff=47 hq_nr=0 total_nr=1 cens=0 lg_opp=9 opp=10 norm_anom=0.18 conf_p=1 micro_only=True cluster=MOBILE_DEEP_CYCLE,No user-facing action; monitoring.,"FW-like no-response signal but a core requirement is short (staleness/cycles/quality). Monitor and add to FW engineering queue. normative anomaly 0.18, 1 no_response since last effective change (161d ago).",,True,False,True,True,False,False,False,False,0,2026-06-08T10:02:59Z,rolling30-v2.0,30,1,abs_ge_50mWh
ATOKYO-PF3TQD0N_atokyo,2024-07-16,2024-06-16 23:59:59.999999999,2024-07-16 23:59:59.999999999,922,29.448,0.344,2.136,42.147,33,4,1,0,0,0,0,False,WINDOW_QUALITY_OK,228.0,249.0,21.0,21.393,0.5645,0.2494,0.4355,44.0,100.0,56.0,66.0,96.0,100.0,0.0,0.0,0.8771,0.7306,0.5465,324,417,162,57570.0,57570.0,57570.0,57570.0,0.0,0,0,0.0,,,101.0,101.0,0,0,0,0,0,0,0,0,0,0,0,0,0,0,0,0.0,0,0,0,,0.0,,,0.0,0,0,0,,0.0,,2024-07-16 23:59:59.999999999,2023-02-06 09:32:53,2024-07-16 10:49:35,526.602,True,57570.0,2023-02-06 09:32:53,77.0,526.602,172.0,False,57570.0,2023-02-06 09:32:53,77.0,526.602,172.0,False,0,0.0,False,1,0,7,1,0,1,0,0,0,2,0,0,0,0,1,0,7,0,0.3144,0,-0.3775,0.1639,0.1639,526.602,172.0,1,0,0,0.1639,3,AC_BOUND,STATEFUL_FW_WATCH_HIGH_ANOMALY,WINDOW_INSUFFICIENT_LEARNING_OPPORTUNITY,ACTION_FW_ENGINEERING_REVIEW,medium,4,fw_like_no_response_core_requirement_short,fw_like;gauge_like;large_gap_dominant,days_eff=527 days_any=527 cyc_eff=172 hq_nr=1 total_nr=1 cens=0 lg_opp=7 opp=10 norm_anom=0.16 conf_p=1 micro_only=False cluster=AC_BOUND,No user-facing action; monitoring.,"FW-like no-response signal but a core requirement is short (staleness/cycles/quality). Monitor and add to FW engineering queue. normative anomaly 0.16, 1 no_response since last effective change (526d ago).",,True,True,False,True,False,False,False,False,0,2026-06-08T10:02:59Z,rolling30-v2.0,30,1,abs_ge_50mWh
DWATTS-PF627DJB_dwatts,2026-04-24,2026-03-25 23:59:59.999999999,2026-04-24 23:59:59.999999999,1434,29.558,0.5,0.5,7.28,1,0,0,0,0,0,0,False,WINDOW_QUALITY_OK,12.0,16.0,4.0,4.06,0.9275,0.048,0.0725,37.0,100.0,63.0,88.0,97.0,100.0,0.0,0.0,0.9693,0.9508,0.8892,74,94,37,59910.0,59860.0,59860.0,59910.0,50.0,4,0,0.0,,,99.85,99.77,0,0,0,0,0,0,0,0,0,0,0,0,0,0,0,0.0,0,0,0,,0.0,,,0.0,0,0,0,,0.0,,2026-04-24 23:59:59.999999999,2026-01-30 11:50:23,2026-04-24 13:30:53,84.507,True,60000.0,2026-01-30 11:50:23,1.0,84.507,15.0,False,59860.0,2026-04-13 20:22:30,16.0,11.151,0.0,True,12,20.0,True,0,1,0,0,1,1,0,0,1,0,0,1,1,0,0,0,0,0,0.3144,0,-0.3775,0.1639,0.1639,84.507,15.0,1,1,0,0.1639,5,AC_BOUND,STATEFUL_FW_WATCH_HIGH_ANOMALY,WINDOW_MICRO_WOBBLE_ONLY,ACTION_FW_ENGINEERING_REVIEW,medium,4,fw_like_no_response_core_requirement_short,fw_like;micro_wobble,days_eff=85 days_any=11 cyc_eff=15 hq_nr=0 total_nr=1 cens=0 lg_opp=0 opp=2 norm_anom=0.16 conf_p=1 micro_only=True cluster=AC_BOUND,No user-facing action; monitoring.,"FW-like no-response signal but a core requirement is short (staleness/cycles/quality). Monitor and add to FW engineering queue. normative anomaly 0.16, 1 no_response since last effective change (84d ago).",,True,False,True,False,False,False,False,False,0,2026-06-08T10:02:59Z,rolling30-v2.0,30,1,abs_ge_50mWh
JNUNEZ5-W05SG98_jnunez5,2024-07-18,2024-06-18 23:59:59.999999999,2024-07-18 23:59:59.999999999,562,29.01,0.5,0.501,210.8,7,5,4,0,0,0,0,False,WINDOW_QUALITY_OK,39.0,40.0,1.0,1.034,0.9512,0.215,0.0488,1.0,100.0,99.0,35.0,98.0,100.0,0.0216,0.0252,0.8795,0.8531,0.6589,6,15,3,89090.0,89080.0,89080.0,89090.0,10.0,1,0,0.0,,,98.98,98.97,0,1,0,0,1,0,1,0,0,1,0,1,0,0,1,0.0,0,0,0,,0.0,,,0.0,0,0,0,,0.0,,2024-07-18 23:59:59.999999999,2023-08-07 10:17:24,2024-07-18 00:25:46,346.571,True,89280.0,2023-09-08 10:51:42,17.0,314.547,23.0,False,89080.0,2024-06-25 22:33:10,40.0,23.06,0.0,True,20,10.0,True,0,1,6,0,1,1,0,0,0,4,0,0,0,0,0,0,6,0,0.3144,0,-0.3775,0.1639,0.1639,314.547,23.0,1,0,0,0.1639,3,AC_BOUND,STATEFUL_FW_WATCH_HIGH_ANOMALY,WINDOW_MICRO_WOBBLE_ONLY,ACTION_FW_ENGINEERING_REVIEW,medium,4,fw_like_no_response_core_requirement_short,fw_like;gauge_like;micro_wobble;large_gap_dominant,days_eff=315 days_any=23 cyc_eff=23 hq_nr=0 total_nr=1 cens=0 lg_opp=6 opp=11 norm_anom=0.16 conf_p=1 micro_only=True cluster=AC_BOUND,No user-facing action; monitoring.,"FW-like no-response signal but a core requirement is short (staleness/cycles/quality). Monitor and add to FW engineering queue. normative anomaly 0.16, 1 no_response since last effective change (314d ago).",,True,True,True,True,False,False,False,False,0,2026-06-08T10:02:59Z,rolling30-v2.0,30,1,abs_ge_50mWh
LAPTOP-STAV4QJC_PQM,2023-12-28,2023-11-28 23:59:59.999999999,2023-12-28 23:59:59.999999999,369,29.267,0.5,5.742,93.33,18,8,5,0,0,0,0,False,WINDOW_QUALITY_OK,130.0,145.0,15.0,15.376,0.4354,0.2733,0.5646,1.0,100.0,99.0,22.0,81.0,100.0,0.0581,0.0735,0.5085,0.3928,0.2705,93,128,47,57570.0,57570.0,57570.0,57570.0,0.0,0,0,0.0,,,101.0,101.0,1,2,1,0,3,1,2,1,0,3,0,3,0,0,3,0.3144,0,1,1,0.685573,0.1639,0.99873,0.99764,0.0409,0,1,1,0.959069,0.0182,0.98862,2023-12-28 23:59:59.999999999,2023-03-05 21:06:10,2023-12-28 08:46:33,298.121,True,57570.0,2023-03-05 21:06:10,25.0,298.121,120.0,False,57570.0,2023-03-05 21:06:10,25.0,298.121,120.0,False,0,0.0,False,1,1,6,1,0,1,1,0,1,4,0,0,0,1,1,1,6,0,0.3144,0,-0.3775,0.1639,0.1639,298.121,120.0,1,0,0,0.1639,4,MOBILE_DEEP_CYCLE,STATEFUL_FW_WATCH_HIGH_ANOMALY,WINDOW_OPPORTUNITY_NO_RESPONSE,ACTION_FW_ENGINEERING_REVIEW,medium,4,fw_like_no_response_core_requirement_short,fw_like;large_gap_dominant,days_eff=298 days_any=298 cyc_eff=120 hq_nr=1 total_nr=1 cens=1 lg_opp=6 opp=13 norm_anom=0.16 conf_p=0.999 micro_only=False cluster=MOBILE_DEEP_CYCLE,No user-facing action; monitoring.,"FW-like no-response signal but a core requirement is short (staleness/cycles/quality). Monitor and add to FW engineering queue. normative anomaly 0.16, 1 no_response since last effective change (298d ago).",,True,False,False,True,False,False,False,False,25,2026-06-08T10:02:59Z,rolling30-v2.0,30,1,abs_ge_50mWh
LIUHY24-X1C8_Miss_Ling,2025-07-23,2025-06-23 23:59:59.999999999,2025-07-23 23:59:59.999999999,137,29.033,0.5,21.687,261.72,14,13,6,0,0,0,0,False,WINDOW_QUALITY_OK,129.0,134.0,5.0,5.167,0.7137,0.2199,0.2863,7.0,100.0,93.0,29.0,97.0,100.0,0.0229,0.0308,0.673,0.6277,0.5962,28,34,15,50990.0,50990.0,50990.0,50990.0,0.0,0,0,0.0,,,99.98,99.98,0,2,0,0,2,0,1,0,0,1,0,1,0,0,1,0.0,0,0,0,,0.0,,,0.0,0,0,0,,0.0,,2025-07-23 23:59:59.999999999,2023-09-06 09:57:58,2025-07-23 16:43:11,686.585,True,50990.0,2023-09-06 11:27:35,76.0,686.523,58.0,False,50990.0,2023-09-06 11:27:35,76.0,686.523,58.0,False,0,0.0,False,0,1,13,0,1,1,0,0,0,6,0,0,0,0,0,0,13,0,0.3144,0,-0.3775,0.1639,0.1639,686.523,58.0,1,0,0,0.1639,4,MOBILE_DEEP_CYCLE,STATEFUL_FW_WATCH_HIGH_ANOMALY,WINDOW_LARGE_GAP_AMBIGUOUS,ACTION_FW_ENGINEERING_REVIEW,medium,4,fw_like_no_response_core_requirement_short,fw_like;large_gap_dominant,days_eff=687 days_any=687 cyc_eff=58 hq_nr=0 total_nr=1 cens=0 lg_opp=13 opp=20 norm_anom=0.16 conf_p=1 micro_only=False cluster=MOBILE_DEEP_CYCLE,No user-facing action; monitoring.,"FW-like no-response signal but a core requirement is short (staleness/cycles/quality). Monitor and add to FW engineering queue. normative anomaly 0.16, 1 no_response since last effective change (686d ago).",,True,False,False,True,False,False,False,True,0,2026-06-08T10:02:59Z,rolling30-v2.0,30,1,abs_ge_50mWh
LOEBACHJ-4SMBAL_X13_2-1,2025-03-21,2025-02-19 23:59:59.999999999,2025-03-21 23:59:59.999999999,1318,29.43,0.5,0.5,22.399,5,1,0,0,0,0,0,False,WINDOW_QUALITY_OK,41.0,45.0,4.0,4.077,0.9001,0.2264,0.0999,50.0,100.0,50.0,78.0,97.0,100.0,0.0,0.0,0.8715,0.8438,0.7089,116,149,58,52460.0,52400.0,52400.0,52460.0,60.0,4,0,0.0,,,95.9,95.8,0,0,0,0,0,0,0,0,0,0,0,0,0,0,0,0.0,0,0,0,,0.0,,,0.0,0,0,0,,0.0,,2025-03-21 23:59:59.999999999,2024-04-05 14:29:01,2025-03-21 10:31:24,350.397,True,53050.0,2024-04-05 14:29:01,3.0,350.397,42.0,False,52400.0,2025-03-17 11:47:48,45.0,4.508,0.0,True,42,20.0,True,1,0,0,1,0,1,0,1,0,0,1,0,1,0,1,0,0,0,0.3144,0,-0.3775,0.1639,0.1639,350.397,42.0,1,1,0,0.1639,5,AC_BOUND,STATEFUL_FW_WATCH_HIGH_ANOMALY,WINDOW_MICRO_WOBBLE_ONLY,ACTION_FW_ENGINEERING_REVIEW,medium,4,fw_like_no_response_core_requirement_short,fw_like;gauge_like;micro_wobble,days_eff=350 days_any=5 cyc_eff=42 hq_nr=1 total_nr=1 cens=0 lg_opp=0 opp=2 norm_anom=0.16 conf_p=1 micro_only=True cluster=AC_BOUND,No user-facing action; monitoring.,"FW-like no-response signal but a core requirement is short (staleness/cycles/quality). Monitor and add to FW engineering queue. normative anomaly 0.16, 1 no_response since last effective change (350d ago).",,True,True,True,False,False,False,False,False,0,2026-06-08T10:02:59Z,rolling30-v2.0,30,1,abs_ge_50mWh
LOEBACHJ-4SMBAL_loebachj,2025-03-14,2025-02-12 23:59:59.999999999,2025-03-14 23:59:59.999999999,1451,29.596,0.5,0.5,4.396,0,0,0,0,0,0,0,False,WINDOW_QUALITY_OK,40.0,44.0,4.0,4.055,0.9169,0.2733,0.0831,50.0,100.0,50.0,78.0,97.0,100.0,0.0,0.0,0.8805,0.8622,0.6361,116,152,58,52480.0,52420.0,52420.0,52480.0,60.0,4,0,0.0,,,95.94,95.83,0,0,0,0,0,0,0,0,0,0,0,0,0,0,0,0.0,0,0,0,,0.0,,,0.0,0,0,0,,0.0,,2025-03-14 23:59:59.999999999,2024-04-05 14:29:01,2025-03-14 14:36:08,343.397,True,53050.0,2024-04-05 14:29:01,3.0,343.397,41.0,False,52420.0,2025-03-07 16:32:18,44.0,7.311,0.0,True,41,20.0,True,1,0,0,1,0,1,0,1,0,0,1,0,1,0,1,0,0,0,0.3144,0,-0.3775,0.1639,0.1639,343.397,41.0,1,1,0,0.1639,5,AC_BOUND,STATEFUL_FW_WATCH_HIGH_ANOMALY,WINDOW_MICRO_WOBBLE_ONLY,ACTION_FW_ENGINEERING_REVIEW,medium,4,fw_like_no_response_core_requirement_short,fw_like;gauge_like;micro_wobble,days_eff=343 days_any=7 cyc_eff=41 hq_nr=1 total_nr=1 cens=0 lg_opp=0 opp=2 norm_anom=0.16 conf_p=1 micro_only=True cluster=AC_BOUND,No user-facing action; monitoring.,"FW-like no-response signal but a core requirement is short (staleness/cycles/quality). Monitor and add to FW engineering queue. normative anomaly 0.16, 1 no_response since last effective change (343d ago).",,True,True,True,False,False,False,False,False,0,2026-06-08T10:02:59Z,rolling30-v2.0,30,1,abs_ge_50mWh
MARUICHIT-CRC21_MARUICHIT,2026-05-20,2026-04-20 23:59:59.999999999,2026-05-20 23:59:59.999999999,175,27.979,0.5,1.481,230.756,8,8,5,0,0,0,0,False,WINDOW_QUALITY_OK,149.0,152.0,3.0,3.217,0.866,0.2657,0.134,0.0,100.0,100.0,40.7,97.0,100.0,0.0058,0.0115,0.8632,0.8312,0.6891,18,43,9,50680.0,50680.0,50680.0,50680.0,0.0,0,0,0.0,,,88.91,88.91,0,1,0,0,1,0,1,0,0,1,0,1,0,0,1,0.0,0,0,0,,0.0,,,0.0,0,0,0,,0.0,,2026-05-20 23:59:59.999999999,2023-02-09 12:07:55,2026-05-20 09:48:24,1196.495,True,50680.0,2024-09-09 22:56:17,99.0,618.044,53.0,False,50680.0,2024-09-09 22:56:17,99.0,618.044,53.0,False,0,0.0,False,1,0,3,1,0,1,0,0,0,3,0,0,0,0,1,0,3,0,0.3144,0,-0.3775,0.1639,0.1639,618.044,53.0,1,0,0,0.1639,3,AC_BOUND,STATEFUL_FW_WATCH_HIGH_ANOMALY,WINDOW_LARGE_GAP_AMBIGUOUS,ACTION_FW_ENGINEERING_REVIEW,medium,4,fw_like_no_response_core_requirement_short,fw_like;gauge_like;large_gap_dominant,days_eff=618 days_any=618 cyc_eff=53 hq_nr=1 total_nr=1 cens=0 lg_opp=3 opp=7 norm_anom=0.16 conf_p=1 micro_only=False cluster=AC_BOUND,No user-facing action; monitoring.,"FW-like no-response signal but a core requirement is short (staleness/cycles/quality). Monitor and add to FW engineering queue. normative anomaly 0.16, 1 no_response since last effective change (618d ago).",,True,True,False,True,False,False,False,False,0,2026-06-08T10:02:59Z,rolling30-v2.0,30,1,abs_ge_50mWh
NILE_SVT,2026-05-29,2026-04-29 23:59:59.999999999,2026-05-29 23:59:59.999999999,304,29.108,0.5,14.769,143.596,22,16,4,0,0,0,0,False,WINDOW_QUALITY_OK,9.0,15.0,6.0,6.184,0.5451,0.2074,0.4549,16.0,100.0,84.0,49.0,96.0,100.0,0.0,0.0144,0.7047,0.5543,0.4413,73,95,37,58030.0,57960.0,57960.0,58030.0,70.0,6,0,0.0,,,100.05,99.93,0,1,0,0,1,0,0,0,0,0,0,0,0,0,0,0.0,0,0,0,,0.0,,,0.0,0,0,0,,0.0,,2026-05-29 23:59:59.999999999,2026-03-25 07:54:33,2026-05-29 07:29:46,65.67,True,58030.0,2026-03-25 07:54:33,1.0,65.67,14.0,False,57960.0,2026-05-28 10:33:10,15.0,1.56,0.0,True,6,20.0,True,1,0,2,1,0,1,0,0,0,0,0,0,0,0,1,0,2,0,0.3144,0,-0.3775,0.1639,0.1639,65.67,14.0,1,0,0,0.1639,4,MOBILE_DEEP_CYCLE,STATEFUL_FW_WATCH_HIGH_ANOMALY,WINDOW_MICRO_WOBBLE_ONLY,ACTION_FW_ENGINEERING_REVIEW,medium,4,fw_like_no_response_core_requirement_short,fw_like;micro_wobble;large_gap_dominant,days_eff=66 days_any=2 cyc_eff=14 hq_nr=1 total_nr=1 cens=0 lg_opp=2 opp=3 norm_anom=0.16 conf_p=1 micro_only=True cluster=MOBILE_DEEP_CYCLE,No user-facing action; monitoring.,"FW-like no-response signal but a core requirement is short (staleness/cycles/quality). Monitor and add to FW engineering queue. normative anomaly 0.16, 1 no_response since last effective change (65d ago).",,True,False,True,True,False,False,False,False,0,2026-06-08T10:02:59Z,rolling30-v2.0,30,1,abs_ge_50mWh
YSUZUKI11-9S4B8_ysuzuki11,2024-06-26,2024-05-27 23:59:59.999999999,2024-06-26 23:59:59.999999999,833,29.016,0.5,0.5,62.47,19,7,2,0,0,0,0,False,WINDOW_QUALITY_OK,206.0,220.0,14.0,14.475,0.9727,0.4626,0.0273,35.0,100.0,65.0,83.6,99.0,100.0,0.0,0.0,0.9771,0.9498,0.8546,62,176,31,39370.0,39370.0,39370.0,39370.0,0.0,0,0,0.0,,,100.18,100.18,0,0,0,0,0,0,0,0,0,0,0,0,0,0,0,0.0,0,0,0,,0.0,,,0.0,0,0,0,,0.0,,2024-06-26 23:59:59.999999999,2023-02-03 17:49:21,2024-06-26 07:42:42,509.257,True,39370.0,2023-02-13 13:05:46,5.0,499.454,215.0,False,39370.0,2023-02-13 13:05:46,5.0,499.454,215.0,False,0,0.0,False,0,1,5,0,1,1,0,0,0,2,0,0,0,0,0,0,5,0,0.3144,0,-0.3775,0.1639,0.1639,499.454,215.0,1,0,0,0.1639,3,AC_BOUND,STATEFUL_FW_WATCH_HIGH_ANOMALY,WINDOW_INSUFFICIENT_LEARNING_OPPORTUNITY,ACTION_FW_ENGINEERING_REVIEW,medium,4,fw_like_no_response_core_requirement_short,fw_like;gauge_like;large_gap_dominant,days_eff=499 days_any=499 cyc_eff=215 hq_nr=0 total_nr=1 cens=0 lg_opp=5 opp=8 norm_anom=0.16 conf_p=1 micro_only=False cluster=AC_BOUND,No user-facing action; monitoring.,"FW-like no-response signal but a core requirement is short (staleness/cycles/quality). Monitor and add to FW engineering queue. normative anomaly 0.16, 1 no_response since last effective change (499d ago).",,True,True,False,True,False,False,False,False,0,2026-06-08T10:02:59Z,rolling30-v2.0,30,1,abs_ge_50mWh
