user_id,stateless_n_no_response_30d,stateless_n_responded_30d,stateless_fw_flag,analysis_timestamp,code_version,window_days,stride_days,effective_step_definition
0350LQ-PF593HRF_0350LQ,0,1,False,2026-07-08T17:46:07Z,rolling30-od2.0,30,1,abs_ge_50mWh
ABUCKNER-0B0WH8_abuckner,0,0,False,2026-07-08T17:46:07Z,rolling30-od2.0,30,1,abs_ge_50mWh
ADAMSTHAMESLNLB_Howes,7,0,True,2026-07-08T17:46:07Z,rolling30-od2.0,30,1,abs_ge_50mWh
ADAMS_ALLOY,0,0,False,2026-07-08T17:46:07Z,rolling30-od2.0,30,1,abs_ge_50mWh
ADAMS_JAGUAR3,1,0,False,2026-07-08T17:46:07Z,rolling30-od2.0,30,1,abs_ge_50mWh
ADIEHL-PF4CNVD9_adiehl,2,4,False,2026-07-08T17:46:07Z,rolling30-od2.0,30,1,abs_ge_50mWh
AGEORGE3-4SA7W2_ageorge3,1,0,False,2026-07-08T17:46:07Z,rolling30-od2.0,30,1,abs_ge_50mWh
AH-PF2PXA6R_ah,4,0,True,2026-07-08T17:46:07Z,rolling30-od2.0,30,1,abs_ge_50mWh
AH-PF4KXDJ8_ah,7,0,True,2026-07-08T17:46:07Z,rolling30-od2.0,30,1,abs_ge_50mWh
AIII1-PF55Q7L6_aiii1,0,0,False,2026-07-08T17:46:07Z,rolling30-od2.0,30,1,abs_ge_50mWh
AIII1-PF6249QS_aiii1,1,0,False,2026-07-08T17:46:07Z,rolling30-od2.0,30,1,abs_ge_50mWh
AIII1-PW0J2TQF_aiii1,0,0,False,2026-07-08T17:46:07Z,rolling30-od2.0,30,1,abs_ge_50mWh
AINOW_UX,2,0,True,2026-07-08T17:46:07Z,rolling30-od2.0,30,1,abs_ge_50mWh
AKOZLOWSKI-ALZD_akozlowski,6,0,True,2026-07-08T17:46:07Z,rolling30-od2.0,30,1,abs_ge_50mWh
AL-SVT7_xuxru,0,7,False,2026-07-08T17:46:07Z,rolling30-od2.0,30,1,abs_ge_50mWh
ALLOY-SIT_mripp,0,0,False,2026-07-08T17:46:07Z,rolling30-od2.0,30,1,abs_ge_50mWh
ALLOY_FINALSVT,8,0,True,2026-07-08T17:46:07Z,rolling30-od2.0,30,1,abs_ge_50mWh
AMALU_asanthosh,0,4,False,2026-07-08T17:46:07Z,rolling30-od2.0,30,1,abs_ge_50mWh
AMANDELBLOO-4SM_amandelbloom,3,0,True,2026-07-08T17:46:07Z,rolling30-od2.0,30,1,abs_ge_50mWh
AMANDELBLOO-9TD_amandelbloom,2,0,True,2026-07-08T17:46:07Z,rolling30-od2.0,30,1,abs_ge_50mWh
AMANDELBLOO-VBQ_amandelbloom,0,0,False,2026-07-08T17:46:07Z,rolling30-od2.0,30,1,abs_ge_50mWh
AMANDELBLOOXH8H_amandelbloom,3,5,False,2026-07-08T17:46:07Z,rolling30-od2.0,30,1,abs_ge_50mWh
AMCCLARNON-1Z35_amcclarnon,0,0,False,2026-07-08T17:46:07Z,rolling30-od2.0,30,1,abs_ge_50mWh
AMCCLARNON-69JL_amcclarnon,3,0,True,2026-07-08T17:46:07Z,rolling30-od2.0,30,1,abs_ge_50mWh
AMCCLARNON-TSEM_amcclarnon,0,0,False,2026-07-08T17:46:07Z,rolling30-od2.0,30,1,abs_ge_50mWh
AMIGDOL-F67CCZ1_amigdol,5,0,True,2026-07-08T17:46:07Z,rolling30-od2.0,30,1,abs_ge_50mWh
AMIKAMI-F49VQPZ_amikami,10,0,True,2026-07-08T17:46:07Z,rolling30-od2.0,30,1,abs_ge_50mWh
ANAKAMURA8-3ZVB_anakamura8,1,1,False,2026-07-08T17:46:07Z,rolling30-od2.0,30,1,abs_ge_50mWh
ANDY-TH1_zuyin,0,0,False,2026-07-08T17:46:07Z,rolling30-od2.0,30,1,abs_ge_50mWh
ANDY_zuyin,0,0,False,2026-07-08T17:46:07Z,rolling30-od2.0,30,1,abs_ge_50mWh
ANIETO1-F5GNTSH_anieto1,0,0,False,2026-07-08T17:46:07Z,rolling30-od2.0,30,1,abs_ge_50mWh
ANODA-PF5E0G8K_anoda,3,3,False,2026-07-08T17:46:07Z,rolling30-od2.0,30,1,abs_ge_50mWh
ANUPT14S_avachali,2,3,False,2026-07-08T17:46:07Z,rolling30-od2.0,30,1,abs_ge_50mWh
ANUP_TINY,1,3,False,2026-07-08T17:46:07Z,rolling30-od2.0,30,1,abs_ge_50mWh
AOHYAMA-F3Y6JVY_aohyama,2,12,False,2026-07-08T17:46:07Z,rolling30-od2.0,30,1,abs_ge_50mWh
APARAMESWAR-G5E_aparameswara,5,1,False,2026-07-08T17:46:07Z,rolling30-od2.0,30,1,abs_ge_50mWh
APARAMESWAR-PAD_aparameswara,0,10,False,2026-07-08T17:46:07Z,rolling30-od2.0,30,1,abs_ge_50mWh
ARAMAR-R9109T7G_aramar,0,0,False,2026-07-08T17:46:07Z,rolling30-od2.0,30,1,abs_ge_50mWh
ARANGANATHA-8QB_aranganathan,0,8,False,2026-07-08T17:46:07Z,rolling30-od2.0,30,1,abs_ge_50mWh
ASANTHOSH-9S10E_asanthosh,0,0,False,2026-07-08T17:46:07Z,rolling30-od2.0,30,1,abs_ge_50mWh
ASANTHOSH-FT15Y_X1,0,6,False,2026-07-08T17:46:07Z,rolling30-od2.0,30,1,abs_ge_50mWh
ASANTHOSH-FT15Y_asanthosh,0,0,False,2026-07-08T17:46:07Z,rolling30-od2.0,30,1,abs_ge_50mWh
ASANTHOSH_asanthosh,0,3,False,2026-07-08T17:46:07Z,rolling30-od2.0,30,1,abs_ge_50mWh
ASHISHIDO-RHBV7_ashishido,1,0,False,2026-07-08T17:46:07Z,rolling30-od2.0,30,1,abs_ge_50mWh
ATOKYO-PF3TQD0N_atokyo,18,0,True,2026-07-08T17:46:07Z,rolling30-od2.0,30,1,abs_ge_50mWh
AVACHALI-4SM98Q_avachali,2,3,False,2026-07-08T17:46:07Z,rolling30-od2.0,30,1,abs_ge_50mWh
AVON-SVTSKU3_Avon,7,3,False,2026-07-08T17:46:07Z,rolling30-od2.0,30,1,abs_ge_50mWh
AVON_SIT2,1,1,False,2026-07-08T17:46:07Z,rolling30-od2.0,30,1,abs_ge_50mWh
BDILLON-F4RV0ZR_bdillon,0,0,False,2026-07-08T17:46:07Z,rolling30-od2.0,30,1,abs_ge_50mWh
BDILLON-F58TDBM_bdillon,0,0,False,2026-07-08T17:46:07Z,rolling30-od2.0,30,1,abs_ge_50mWh
BDILLON-F5CZRRY_T14,5,0,True,2026-07-08T17:46:07Z,rolling30-od2.0,30,1,abs_ge_50mWh
BDILLON-F5CZRRY_bdillon,5,0,True,2026-07-08T17:46:07Z,rolling30-od2.0,30,1,abs_ge_50mWh
BDILLON-F62WZTG_bdillon,4,0,True,2026-07-08T17:46:07Z,rolling30-od2.0,30,1,abs_ge_50mWh
BDILLON-F65JXS1_bdillon,3,0,True,2026-07-08T17:46:07Z,rolling30-od2.0,30,1,abs_ge_50mWh
BDILLON-F67NKP7_bdillon,1,0,False,2026-07-08T17:46:07Z,rolling30-od2.0,30,1,abs_ge_50mWh
BFALEIRO-0A1NXZ_bfaleiro,0,0,False,2026-07-08T17:46:07Z,rolling30-od2.0,30,1,abs_ge_50mWh
BFALEIRO-5C6ATS_bfaleiro,0,0,False,2026-07-08T17:46:07Z,rolling30-od2.0,30,1,abs_ge_50mWh
BFALEIRO-629K3A_bfaleiro,1,9,False,2026-07-08T17:46:07Z,rolling30-od2.0,30,1,abs_ge_50mWh
BILLWORK2_ottow,0,0,False,2026-07-08T17:46:07Z,rolling30-od2.0,30,1,abs_ge_50mWh
BKOCHUPARAM-BR2_bkochuparamb,2,0,True,2026-07-08T17:46:07Z,rolling30-od2.0,30,1,abs_ge_50mWh
BMIAO-PF4CFQ04_bmiao,0,0,False,2026-07-08T17:46:07Z,rolling30-od2.0,30,1,abs_ge_50mWh
BOB_Libra2.1-ELP2-SVT34,0,0,False,2026-07-08T17:46:07Z,rolling30-od2.0,30,1,abs_ge_50mWh
BRIAN_bcampbell,2,0,True,2026-07-08T17:46:07Z,rolling30-od2.0,30,1,abs_ge_50mWh
BRYAN_X1,0,0,False,2026-07-08T17:46:07Z,rolling30-od2.0,30,1,abs_ge_50mWh
CARBON9TH_Dexter,3,0,True,2026-07-08T17:46:07Z,rolling30-od2.0,30,1,abs_ge_50mWh
CARLLAPTOP_CarlWu,9,0,True,2026-07-08T17:46:07Z,rolling30-od2.0,30,1,abs_ge_50mWh
CARZADON-3JDEXX_carzadon,0,0,False,2026-07-08T17:46:07Z,rolling30-od2.0,30,1,abs_ge_50mWh
CBLACKBURN-E2WL_cblackburn,2,1,False,2026-07-08T17:46:07Z,rolling30-od2.0,30,1,abs_ge_50mWh
CBLACKBURN-TSG2_cblackburn,2,1,False,2026-07-08T17:46:07Z,rolling30-od2.0,30,1,abs_ge_50mWh
CBLACKBURNXY23A_cblackburn,0,0,False,2026-07-08T17:46:07Z,rolling30-od2.0,30,1,abs_ge_50mWh
CBOULTON-5METJ1_cboulton,1,6,False,2026-07-08T17:46:07Z,rolling30-od2.0,30,1,abs_ge_50mWh
CCHEN50-F3PD01M_cchen50,0,0,False,2026-07-08T17:46:07Z,rolling30-od2.0,30,1,abs_ge_50mWh
CCHOW3-PF4S7DN8_cchow3,2,3,False,2026-07-08T17:46:07Z,rolling30-od2.0,30,1,abs_ge_50mWh
CCHOW3-PF4YBY4D_cchow3,2,5,False,2026-07-08T17:46:07Z,rolling30-od2.0,30,1,abs_ge_50mWh
CCOLGLAZIER-V05_ccolglazier,0,0,False,2026-07-08T17:46:07Z,rolling30-od2.0,30,1,abs_ge_50mWh
CCOURTEIX-C7ECE_ccourteix,0,0,False,2026-07-08T17:46:07Z,rolling30-od2.0,30,1,abs_ge_50mWh
CDORNER-F5WFAPN_cdorner,5,0,True,2026-07-08T17:46:07Z,rolling30-od2.0,30,1,abs_ge_50mWh
CFERLAND-0DYS2P_cferland,2,0,True,2026-07-08T17:46:07Z,rolling30-od2.0,30,1,abs_ge_50mWh
CGOOTEE-F66K4JN_cgootee,3,0,True,2026-07-08T17:46:07Z,rolling30-od2.0,30,1,abs_ge_50mWh
CHANGYC2-1QSR8D_changyc2,0,0,False,2026-07-08T17:46:07Z,rolling30-od2.0,30,1,abs_ge_50mWh
CHIKARA7-3PAB5T_chikara7,0,0,False,2026-07-08T17:46:07Z,rolling30-od2.0,30,1,abs_ge_50mWh
CHIKARA7-ZBPQUS_chikara7,10,0,True,2026-07-08T17:46:07Z,rolling30-od2.0,30,1,abs_ge_50mWh
CMORATAYA-MDFJZ_cmorataya,4,0,True,2026-07-08T17:46:07Z,rolling30-od2.0,30,1,abs_ge_50mWh
COC-X9-BE1_kojik,2,9,False,2026-07-08T17:46:07Z,rolling30-od2.0,30,1,abs_ge_50mWh
COLIN_cdorner,0,0,False,2026-07-08T17:46:07Z,rolling30-od2.0,30,1,abs_ge_50mWh
CPC-TESTER5_Ridge_Jia,1,0,False,2026-07-08T17:46:07Z,rolling30-od2.0,30,1,abs_ge_50mWh
CPCTESTER202407_49005,0,0,False,2026-07-08T17:46:07Z,rolling30-od2.0,30,1,abs_ge_50mWh
CPOWELL1-577MKQ_cpowell1,2,0,True,2026-07-08T17:46:07Z,rolling30-od2.0,30,1,abs_ge_50mWh
CPOWELL1-PF4Z89_cpowell1,0,0,False,2026-07-08T17:46:07Z,rolling30-od2.0,30,1,abs_ge_50mWh
CQUEEN-PW06FV2M_cqueen,5,0,True,2026-07-08T17:46:07Z,rolling30-od2.0,30,1,abs_ge_50mWh
CQUICK-PF4H4VXC_cquick,1,3,False,2026-07-08T17:46:07Z,rolling30-od2.0,30,1,abs_ge_50mWh
CQUITIAN-5E0G78_cquitian,2,2,False,2026-07-08T17:46:07Z,rolling30-od2.0,30,1,abs_ge_50mWh
CRAMPELBERG-VRJ_T14,4,0,True,2026-07-08T17:46:07Z,rolling30-od2.0,30,1,abs_ge_50mWh
CRAMPELBERG-VRJ_crampelberg,4,0,True,2026-07-08T17:46:07Z,rolling30-od2.0,30,1,abs_ge_50mWh
CRISTIAN_cmorataya,5,0,True,2026-07-08T17:46:07Z,rolling30-od2.0,30,1,abs_ge_50mWh
CSILVA30-674ERX_csilva30,0,0,False,2026-07-08T17:46:07Z,rolling30-od2.0,30,1,abs_ge_50mWh
CTURNER-1000036_cturner,0,13,False,2026-07-08T17:46:07Z,rolling30-od2.0,30,1,abs_ge_50mWh
CTURNER-F4T62ZK_cturner,1,6,False,2026-07-08T17:46:07Z,rolling30-od2.0,30,1,abs_ge_50mWh
CTURNER_cturner,0,0,False,2026-07-08T17:46:07Z,rolling30-od2.0,30,1,abs_ge_50mWh
CXTESTT14P_liufe,2,0,True,2026-07-08T17:46:07Z,rolling30-od2.0,30,1,abs_ge_50mWh
DAVID_dcosby,3,0,True,2026-07-08T17:46:07Z,rolling30-od2.0,30,1,abs_ge_50mWh
DBROWN6-F4RV7QY_dbrown6,2,5,False,2026-07-08T17:46:07Z,rolling30-od2.0,30,1,abs_ge_50mWh
DEBORAH_drepplier,0,0,False,2026-07-08T17:46:07Z,rolling30-od2.0,30,1,abs_ge_50mWh
DESKTOP-0OFMVDC_x1,2,3,False,2026-07-08T17:46:07Z,rolling30-od2.0,30,1,abs_ge_50mWh
DESKTOP-0R32PSA_ah,2,0,True,2026-07-08T17:46:07Z,rolling30-od2.0,30,1,abs_ge_50mWh
DESKTOP-2OI6HV8_jnunez5,4,0,True,2026-07-08T17:46:07Z,rolling30-od2.0,30,1,abs_ge_50mWh
DESKTOP-56S79KM_DEV-condor,0,1,False,2026-07-08T17:46:07Z,rolling30-od2.0,30,1,abs_ge_50mWh
DESKTOP-5TU0QIM_igluzman,0,0,False,2026-07-08T17:46:07Z,rolling30-od2.0,30,1,abs_ge_50mWh
DESKTOP-65B5D4E_Mark,0,1,False,2026-07-08T17:46:07Z,rolling30-od2.0,30,1,abs_ge_50mWh
DESKTOP-6BVEF2H_PF4LS9A1,0,0,False,2026-07-08T17:46:07Z,rolling30-od2.0,30,1,abs_ge_50mWh
DESKTOP-8L6GNCN_Winson_Chiu,7,0,True,2026-07-08T17:46:07Z,rolling30-od2.0,30,1,abs_ge_50mWh
DESKTOP-AN20HIT_kpatton,0,6,False,2026-07-08T17:46:07Z,rolling30-od2.0,30,1,abs_ge_50mWh
DESKTOP-BJGS966_DEV,0,0,False,2026-07-08T17:46:07Z,rolling30-od2.0,30,1,abs_ge_50mWh
DESKTOP-BUL3M0Q_DEV,0,0,False,2026-07-08T17:46:07Z,rolling30-od2.0,30,1,abs_ge_50mWh
DESKTOP-CDUSM1A_T14s,3,0,True,2026-07-08T17:46:07Z,rolling30-od2.0,30,1,abs_ge_50mWh
DESKTOP-DR88TUK_DEV-Condor,0,0,False,2026-07-08T17:46:07Z,rolling30-od2.0,30,1,abs_ge_50mWh
DESKTOP-EP8TDGT_nmadhani,2,0,True,2026-07-08T17:46:07Z,rolling30-od2.0,30,1,abs_ge_50mWh
DESKTOP-F4I6BLL_jl240,0,0,False,2026-07-08T17:46:07Z,rolling30-od2.0,30,1,abs_ge_50mWh
DESKTOP-K1B42LP_SVT-GM5-who2-No-B,0,0,False,2026-07-08T17:46:07Z,rolling30-od2.0,30,1,abs_ge_50mWh
DESKTOP-KQ90P7N_jkleissler,1,4,False,2026-07-08T17:46:07Z,rolling30-od2.0,30,1,abs_ge_50mWh
DESKTOP-LBSEJ4D_perf-test,0,1,False,2026-07-08T17:46:07Z,rolling30-od2.0,30,1,abs_ge_50mWh
DESKTOP-MMH8JIS_chee1,0,0,False,2026-07-08T17:46:07Z,rolling30-od2.0,30,1,abs_ge_50mWh
DESKTOP-N9S9JC9_think,4,2,False,2026-07-08T17:46:07Z,rolling30-od2.0,30,1,abs_ge_50mWh
DESKTOP-QAH5T71_ehowe,0,2,False,2026-07-08T17:46:07Z,rolling30-od2.0,30,1,abs_ge_50mWh
DESKTOP-QLOL3EV_ehowe,0,0,False,2026-07-08T17:46:07Z,rolling30-od2.0,30,1,abs_ge_50mWh
DESKTOP-VBGKQ59_rtwall,6,0,True,2026-07-08T17:46:07Z,rolling30-od2.0,30,1,abs_ge_50mWh
DHARDING-55C9NC_dharding,2,0,True,2026-07-08T17:46:07Z,rolling30-od2.0,30,1,abs_ge_50mWh
DHERRING1-6KYF4_dherring1,1,5,False,2026-07-08T17:46:07Z,rolling30-od2.0,30,1,abs_ge_50mWh
DILIPB-PF66R2P1_dilipb,5,0,True,2026-07-08T17:46:07Z,rolling30-od2.0,30,1,abs_ge_50mWh
DILLON_dpaquin,0,0,False,2026-07-08T17:46:07Z,rolling30-od2.0,30,1,abs_ge_50mWh
DJR-PF3R8T3C_djr,4,0,True,2026-07-08T17:46:07Z,rolling30-od2.0,30,1,abs_ge_50mWh
DKUNTTU-F4JTB5W_dkunttu,1,0,False,2026-07-08T17:46:07Z,rolling30-od2.0,30,1,abs_ge_50mWh
DKUNTTU-F4ML5R6_dkunttu,0,0,False,2026-07-08T17:46:07Z,rolling30-od2.0,30,1,abs_ge_50mWh
DKUNTTU-F5AZ5F3_dkunttu,0,0,False,2026-07-08T17:46:07Z,rolling30-od2.0,30,1,abs_ge_50mWh
DKUNTTU-W0CXCFB_dkunttu,1,4,False,2026-07-08T17:46:07Z,rolling30-od2.0,30,1,abs_ge_50mWh
DLI13-PW0HKDEK_dli13,1,0,False,2026-07-08T17:46:07Z,rolling30-od2.0,30,1,abs_ge_50mWh
DLOMIS-PF58PBCR_X1,1,0,False,2026-07-08T17:46:07Z,rolling30-od2.0,30,1,abs_ge_50mWh
DLOMIS-PF58PBCR_dlomis,2,0,True,2026-07-08T17:46:07Z,rolling30-od2.0,30,1,abs_ge_50mWh
DONGQZ-PF4RM5MZ_dongqz,0,0,False,2026-07-08T17:46:07Z,rolling30-od2.0,30,1,abs_ge_50mWh
DONGQZ-PF505XME_dongqz,3,2,False,2026-07-08T17:46:07Z,rolling30-od2.0,30,1,abs_ge_50mWh
DONGQZ-PF5HTSGV_dongqz,1,3,False,2026-07-08T17:46:07Z,rolling30-od2.0,30,1,abs_ge_50mWh
DONGQZ-PF6229ZN_dongqz,3,8,False,2026-07-08T17:46:07Z,rolling30-od2.0,30,1,abs_ge_50mWh
DONGQZ-PF66VXBZ_dongqz,3,0,True,2026-07-08T17:46:07Z,rolling30-od2.0,30,1,abs_ge_50mWh
DONGQZ-PW0B15P6_dongqz,0,2,False,2026-07-08T17:46:07Z,rolling30-od2.0,30,1,abs_ge_50mWh
DRICKARD-5GLCFY_drickard,1,1,False,2026-07-08T17:46:07Z,rolling30-od2.0,30,1,abs_ge_50mWh
DRUBRIGHT-320B9_drubright,7,3,False,2026-07-08T17:46:07Z,rolling30-od2.0,30,1,abs_ge_50mWh
DRUBRIGHT-DPJ32_drubright,0,18,False,2026-07-08T17:46:07Z,rolling30-od2.0,30,1,abs_ge_50mWh
DRUBRIGHT-EHFA6_drubright,0,0,False,2026-07-08T17:46:07Z,rolling30-od2.0,30,1,abs_ge_50mWh
DRUBRIGHT-FSTTJ_drubright,1,13,False,2026-07-08T17:46:07Z,rolling30-od2.0,30,1,abs_ge_50mWh
DRUBRIGHT-N1GRS_drubright,3,4,False,2026-07-08T17:46:07Z,rolling30-od2.0,30,1,abs_ge_50mWh
DRUBRIGHT-NXE61_drubright,0,0,False,2026-07-08T17:46:07Z,rolling30-od2.0,30,1,abs_ge_50mWh
DSABOGAL-66ZRAR_dsabogal,0,0,False,2026-07-08T17:46:07Z,rolling30-od2.0,30,1,abs_ge_50mWh
DSMITH3-F66KH2F_dsmith3,2,0,True,2026-07-08T17:46:07Z,rolling30-od2.0,30,1,abs_ge_50mWh
DWATTS-PF5C6AV8_dwatts,1,0,False,2026-07-08T17:46:07Z,rolling30-od2.0,30,1,abs_ge_50mWh
DWATTS-PF627DJB_dwatts,4,0,True,2026-07-08T17:46:07Z,rolling30-od2.0,30,1,abs_ge_50mWh
DWATTS-PF668VNV_dwatts,2,1,False,2026-07-08T17:46:07Z,rolling30-od2.0,30,1,abs_ge_50mWh
E14_test,0,0,False,2026-07-08T17:46:07Z,rolling30-od2.0,30,1,abs_ge_50mWh
E28386-PF3X7BXZ_e28386,0,0,False,2026-07-08T17:46:07Z,rolling30-od2.0,30,1,abs_ge_50mWh
E31583-PW0BLY7A_ohsaw,0,0,False,2026-07-08T17:46:07Z,rolling30-od2.0,30,1,abs_ge_50mWh
EAAGM1_pasw-,0,0,False,2026-07-08T17:46:07Z,rolling30-od2.0,30,1,abs_ge_50mWh
EB16034-F2RY6ZG_eb16034,2,2,False,2026-07-08T17:46:07Z,rolling30-od2.0,30,1,abs_ge_50mWh
EB16034-F4414Y8_eb16034,9,0,True,2026-07-08T17:46:07Z,rolling30-od2.0,30,1,abs_ge_50mWh
EB16034-F4QX17S_eb16034,10,0,True,2026-07-08T17:46:07Z,rolling30-od2.0,30,1,abs_ge_50mWh
EBUCHHOLZ-HKD6N_ebuchholz,4,3,False,2026-07-08T17:46:07Z,rolling30-od2.0,30,1,abs_ge_50mWh
ECOOK-PF67560P_ecook,2,0,True,2026-07-08T17:46:07Z,rolling30-od2.0,30,1,abs_ge_50mWh
EDANG-PF5TMMM8_edang,0,0,False,2026-07-08T17:46:07Z,rolling30-od2.0,30,1,abs_ge_50mWh
EIGERAMD_44900,7,0,True,2026-07-08T17:46:07Z,rolling30-od2.0,30,1,abs_ge_50mWh
EMOURA3-W0A2BQE_emoura3,12,0,True,2026-07-08T17:46:07Z,rolling30-od2.0,30,1,abs_ge_50mWh
ENOZAKI1-38LRB0_enozaki1,1,0,False,2026-07-08T17:46:07Z,rolling30-od2.0,30,1,abs_ge_50mWh
ESHORT_L13,0,20,False,2026-07-08T17:46:07Z,rolling30-od2.0,30,1,abs_ge_50mWh
ETURNER-F54Q6Z0_eturner,0,6,False,2026-07-08T17:46:07Z,rolling30-od2.0,30,1,abs_ge_50mWh
EWALLACE-5AM7XJ_ewallace,6,0,True,2026-07-08T17:46:07Z,rolling30-od2.0,30,1,abs_ge_50mWh
FALMODOVAR-ZGVG_falmodovar,1,1,False,2026-07-08T17:46:07Z,rolling30-od2.0,30,1,abs_ge_50mWh
FANG_X13,3,0,True,2026-07-08T17:46:07Z,rolling30-od2.0,30,1,abs_ge_50mWh
FBOWER-PF59NQY8_fbower,0,0,False,2026-07-08T17:46:07Z,rolling30-od2.0,30,1,abs_ge_50mWh
FBOWER-PF5PJKZL_fbower,0,1,False,2026-07-08T17:46:07Z,rolling30-od2.0,30,1,abs_ge_50mWh
FFEI-PF5PFHPB_ffei,8,0,True,2026-07-08T17:46:07Z,rolling30-od2.0,30,1,abs_ge_50mWh
FFENG-PF5FSWGF_ffeng,5,0,True,2026-07-08T17:46:07Z,rolling30-od2.0,30,1,abs_ge_50mWh
FORIPF_radac,0,6,False,2026-07-08T17:46:07Z,rolling30-od2.0,30,1,abs_ge_50mWh
FRED_Fred_Bower,1,0,False,2026-07-08T17:46:07Z,rolling30-od2.0,30,1,abs_ge_50mWh
FRED_fbower,1,0,False,2026-07-08T17:46:07Z,rolling30-od2.0,30,1,abs_ge_50mWh
FSUN3-PC133Y8H_LicenseServer,0,1,False,2026-07-08T17:46:07Z,rolling30-od2.0,30,1,abs_ge_50mWh
FSUN3-PC133Y8H_fsun3,0,0,False,2026-07-08T17:46:07Z,rolling30-od2.0,30,1,abs_ge_50mWh
FTEK-PW09S10C_ftek,0,0,False,2026-07-08T17:46:07Z,rolling30-od2.0,30,1,abs_ge_50mWh
GGILLETT-5D9MVD_ggillett,6,0,True,2026-07-08T17:46:07Z,rolling30-od2.0,30,1,abs_ge_50mWh
GHIROSE-F453D0C_ghirose,0,0,False,2026-07-08T17:46:07Z,rolling30-od2.0,30,1,abs_ge_50mWh
GHOOGAR-F3KPQQX_ghoogar,1,0,False,2026-07-08T17:46:07Z,rolling30-od2.0,30,1,abs_ge_50mWh
GKONDO-PF4RM5PL_gkondo,1,5,False,2026-07-08T17:46:07Z,rolling30-od2.0,30,1,abs_ge_50mWh
GKONDOXPF3TRKJD_gkondo,1,0,False,2026-07-08T17:46:07Z,rolling30-od2.0,30,1,abs_ge_50mWh
GLANCE_GM4,0,0,False,2026-07-08T17:46:07Z,rolling30-od2.0,30,1,abs_ge_50mWh
GLRTEST_s,0,0,False,2026-07-08T17:46:07Z,rolling30-od2.0,30,1,abs_ge_50mWh
GM201_an1,2,0,True,2026-07-08T17:46:07Z,rolling30-od2.0,30,1,abs_ge_50mWh
GMCNEIL-F55JALH_gmcneil,2,9,False,2026-07-08T17:46:07Z,rolling30-od2.0,30,1,abs_ge_50mWh
GREG-WORK-X13Y_gmcneil,9,0,True,2026-07-08T17:46:07Z,rolling30-od2.0,30,1,abs_ge_50mWh
GTORRES3-0ABC7N_gtorres3,0,0,False,2026-07-08T17:46:07Z,rolling30-od2.0,30,1,abs_ge_50mWh
GTORRES3-0C7G0F_gtorres3,1,3,False,2026-07-08T17:46:07Z,rolling30-od2.0,30,1,abs_ge_50mWh
GTORRES3-5AZJEC_gtorres3,1,0,False,2026-07-08T17:46:07Z,rolling30-od2.0,30,1,abs_ge_50mWh
GUERRILLAPC-M_GPC-1,0,0,False,2026-07-08T17:46:07Z,rolling30-od2.0,30,1,abs_ge_50mWh
HAOJING6-501MPD_haojing6,10,0,True,2026-07-08T17:46:07Z,rolling30-od2.0,30,1,abs_ge_50mWh
HARDBAR-F4VMMMN_hardbar,0,0,False,2026-07-08T17:46:07Z,rolling30-od2.0,30,1,abs_ge_50mWh
HARRLIXPF4PFNTC_harrli,4,6,False,2026-07-08T17:46:07Z,rolling30-od2.0,30,1,abs_ge_50mWh
HARSHADA-X1CG12_hghodke,0,2,False,2026-07-08T17:46:07Z,rolling30-od2.0,30,1,abs_ge_50mWh
HBOUHYA-F5GLH13_hbouhya,2,0,True,2026-07-08T17:46:07Z,rolling30-od2.0,30,1,abs_ge_50mWh
HBOUHYA-F62XRZ6_hbouhya,1,3,False,2026-07-08T17:46:07Z,rolling30-od2.0,30,1,abs_ge_50mWh
HDIZ1PF59HFLQ_hdiz,1,16,False,2026-07-08T17:46:07Z,rolling30-od2.0,30,1,abs_ge_50mWh
HELS-PW0C7G11_Lanshan,3,0,True,2026-07-08T17:46:07Z,rolling30-od2.0,30,1,abs_ge_50mWh
HHUDELSON-B0WN2_hhudelson,4,0,True,2026-07-08T17:46:07Z,rolling30-od2.0,30,1,abs_ge_50mWh
HIDEKIK-F3T9NA0_hidekik,4,0,True,2026-07-08T17:46:07Z,rolling30-od2.0,30,1,abs_ge_50mWh
HIKAWA-PF38LTK0_hikawa,1,0,False,2026-07-08T17:46:07Z,rolling30-od2.0,30,1,abs_ge_50mWh
HIKAWAXPF3Z84A1_hikawa,1,0,False,2026-07-08T17:46:07Z,rolling30-od2.0,30,1,abs_ge_50mWh
HIROSE-PF4AKXKG_hirose,0,1,False,2026-07-08T17:46:07Z,rolling30-od2.0,30,1,abs_ge_50mWh
HMORI-PF49QH1A_HMORI,0,9,False,2026-07-08T17:46:07Z,rolling30-od2.0,30,1,abs_ge_50mWh
HNAKA-PF43B9PV_hnaka,2,0,True,2026-07-08T17:46:07Z,rolling30-od2.0,30,1,abs_ge_50mWh
HSUMI-GM132TGM_hsumi,2,0,True,2026-07-08T17:46:07Z,rolling30-od2.0,30,1,abs_ge_50mWh
HSUMIXPF3MN51B_Hiroyuki_Sumi,2,0,True,2026-07-08T17:46:07Z,rolling30-od2.0,30,1,abs_ge_50mWh
HSUMIXPF3T9QH8_hsumi,0,0,False,2026-07-08T17:46:07Z,rolling30-od2.0,30,1,abs_ge_50mWh
HWPA-NL1-SKU8-S_HWPA,0,1,False,2026-07-08T17:46:07Z,rolling30-od2.0,30,1,abs_ge_50mWh
HWPA-SKU2-03_YSKOBA,0,0,False,2026-07-08T17:46:07Z,rolling30-od2.0,30,1,abs_ge_50mWh
HWPA-TH1-SKU1B-_TEST,0,0,False,2026-07-08T17:46:07Z,rolling30-od2.0,30,1,abs_ge_50mWh
HYKW_X1CG11,0,0,False,2026-07-08T17:46:07Z,rolling30-od2.0,30,1,abs_ge_50mWh
HZHANG16-5GLDJK_hzhang16,0,0,False,2026-07-08T17:46:07Z,rolling30-od2.0,30,1,abs_ge_50mWh
ICA_USER,0,0,False,2026-07-08T17:46:07Z,rolling30-od2.0,30,1,abs_ge_50mWh
IMANARANG1-3A19_imanarang1,1,0,False,2026-07-08T17:46:07Z,rolling30-od2.0,30,1,abs_ge_50mWh
IMIHO-PF2SCRY9_imiho,6,0,True,2026-07-08T17:46:07Z,rolling30-od2.0,30,1,abs_ge_50mWh
IYOSHIMITSU-VKS_iyoshimitsu,0,0,False,2026-07-08T17:46:07Z,rolling30-od2.0,30,1,abs_ge_50mWh
JACKX1_jkleissler,6,0,True,2026-07-08T17:46:07Z,rolling30-od2.0,30,1,abs_ge_50mWh
JAGUAR3_SVT,0,0,False,2026-07-08T17:46:07Z,rolling30-od2.0,30,1,abs_ge_50mWh
JANUMOLU-0A203W_janumolu,3,0,True,2026-07-08T17:46:07Z,rolling30-od2.0,30,1,abs_ge_50mWh
JBARRETT-4SA7XV_jbarrett,4,0,True,2026-07-08T17:46:07Z,rolling30-od2.0,30,1,abs_ge_50mWh
JBOWEN2-F62KRD0_jbowen2,3,4,False,2026-07-08T17:46:07Z,rolling30-od2.0,30,1,abs_ge_50mWh
JBRUNDIDGE-EPQ0_jbrundidge,1,0,False,2026-07-08T17:46:07Z,rolling30-od2.0,30,1,abs_ge_50mWh
JCAMARADOR-4NYS_jcamarador,2,0,True,2026-07-08T17:46:07Z,rolling30-od2.0,30,1,abs_ge_50mWh
JCOMBS-PF5BRRYC_jcombs,0,0,False,2026-07-08T17:46:07Z,rolling30-od2.0,30,1,abs_ge_50mWh
JCOMBS-PF5PEZSE_jcombs,2,2,False,2026-07-08T17:46:07Z,rolling30-od2.0,30,1,abs_ge_50mWh
JCOYNE_jcoyne,0,0,False,2026-07-08T17:46:07Z,rolling30-od2.0,30,1,abs_ge_50mWh
JDASILVA-4QWMA3_jdasilva,9,0,True,2026-07-08T17:46:07Z,rolling30-od2.0,30,1,abs_ge_50mWh
JEFFREYX9-14_jeffreyf1,8,0,True,2026-07-08T17:46:07Z,rolling30-od2.0,30,1,abs_ge_50mWh
JEREMYCA-4BWNT1_jeremyca,0,0,False,2026-07-08T17:46:07Z,rolling30-od2.0,30,1,abs_ge_50mWh
JEREMY_jeremyca,5,0,True,2026-07-08T17:46:07Z,rolling30-od2.0,30,1,abs_ge_50mWh
JESSICAWANG2025_wangyun,2,5,False,2026-07-08T17:46:07Z,rolling30-od2.0,30,1,abs_ge_50mWh
JESTROFF-4G0AHW_jestroff,0,0,False,2026-07-08T17:46:07Z,rolling30-od2.0,30,1,abs_ge_50mWh
JESTROFF-4SA4E9_jestroff,1,0,False,2026-07-08T17:46:07Z,rolling30-od2.0,30,1,abs_ge_50mWh
JESTROFF-504AKS_jestroff,5,0,True,2026-07-08T17:46:07Z,rolling30-od2.0,30,1,abs_ge_50mWh
JFASANO-F4RXM66_jfasano,0,0,False,2026-07-08T17:46:07Z,rolling30-od2.0,30,1,abs_ge_50mWh
JFISHEL-F56FAH2_jfishel,0,0,False,2026-07-08T17:46:07Z,rolling30-od2.0,30,1,abs_ge_50mWh
JG3-SIT-OS_Maru1tom,0,0,False,2026-07-08T17:46:07Z,rolling30-od2.0,30,1,abs_ge_50mWh
JGERMANO-5PHRQ0_jgermano,0,8,False,2026-07-08T17:46:07Z,rolling30-od2.0,30,1,abs_ge_50mWh
JINOUE1-F49SYAH_jinoue1,0,0,False,2026-07-08T17:46:07Z,rolling30-od2.0,30,1,abs_ge_50mWh
JJOHNSON16-QW2P_jjohnson16,1,2,False,2026-07-08T17:46:07Z,rolling30-od2.0,30,1,abs_ge_50mWh
JJOHNSON18-T4GM_jjohnson18,4,0,True,2026-07-08T17:46:07Z,rolling30-od2.0,30,1,abs_ge_50mWh
JKLEISSLER-DNZK_jkleissler,5,7,False,2026-07-08T17:46:07Z,rolling30-od2.0,30,1,abs_ge_50mWh
JL18156-F3Z1LJN_JL18156,0,2,False,2026-07-08T17:46:07Z,rolling30-od2.0,30,1,abs_ge_50mWh
JL24078-F3YZT26_jl24078,0,0,False,2026-07-08T17:46:07Z,rolling30-od2.0,30,1,abs_ge_50mWh
JLEWIS9-W0A2BP7_jlewis9,0,0,False,2026-07-08T17:46:07Z,rolling30-od2.0,30,1,abs_ge_50mWh
JMANCHESTER-LQ5_jmanchester,3,0,True,2026-07-08T17:46:07Z,rolling30-od2.0,30,1,abs_ge_50mWh
JMATTHEWS2-YXHQ_jmatthews2,0,5,False,2026-07-08T17:46:07Z,rolling30-od2.0,30,1,abs_ge_50mWh
JMAYERSALMA-252_jmayersalman,0,9,False,2026-07-08T17:46:07Z,rolling30-od2.0,30,1,abs_ge_50mWh
JMAYERSALMA-HDJ_jmayersalman,1,7,False,2026-07-08T17:46:07Z,rolling30-od2.0,30,1,abs_ge_50mWh
JMAYERSALMA-TNQ_jmayersalman,2,6,False,2026-07-08T17:46:07Z,rolling30-od2.0,30,1,abs_ge_50mWh
JMESTLER-5FS8KD_jmestler,0,0,False,2026-07-08T17:46:07Z,rolling30-od2.0,30,1,abs_ge_50mWh
JNICHOL-F5MCDZS_jnichol,0,6,False,2026-07-08T17:46:07Z,rolling30-od2.0,30,1,abs_ge_50mWh
JNUNEZ5-3000012_jnunez5,0,6,False,2026-07-08T17:46:07Z,rolling30-od2.0,30,1,abs_ge_50mWh
JNUNEZ5-F4KXMXN_jnunez5,0,0,False,2026-07-08T17:46:07Z,rolling30-od2.0,30,1,abs_ge_50mWh
JNUNEZ5-F4ML5N5_jnunez5,3,0,True,2026-07-08T17:46:07Z,rolling30-od2.0,30,1,abs_ge_50mWh
JNUNEZ5-F4RX1S4_jnunez5,0,0,False,2026-07-08T17:46:07Z,rolling30-od2.0,30,1,abs_ge_50mWh
JNUNEZ5-F57YZZH_jnunez5,2,2,False,2026-07-08T17:46:07Z,rolling30-od2.0,30,1,abs_ge_50mWh
JNUNEZ5-F5801NF_jnunez5,0,1,False,2026-07-08T17:46:07Z,rolling30-od2.0,30,1,abs_ge_50mWh
JNUNEZ5-F588R5E_jnunez5,0,0,False,2026-07-08T17:46:07Z,rolling30-od2.0,30,1,abs_ge_50mWh
JNUNEZ5-F5HP4BE_jnunez5,0,0,False,2026-07-08T17:46:07Z,rolling30-od2.0,30,1,abs_ge_50mWh
JNUNEZ5-F5L9LW0_jnunez5,0,0,False,2026-07-08T17:46:07Z,rolling30-od2.0,30,1,abs_ge_50mWh
JNUNEZ5-F626M4T_jnunez5,1,0,False,2026-07-08T17:46:07Z,rolling30-od2.0,30,1,abs_ge_50mWh
JNUNEZ5-W05SG98_jnunez5,0,0,False,2026-07-08T17:46:07Z,rolling30-od2.0,30,1,abs_ge_50mWh
JNUNEZ5-W0KPY33_T1g,0,1,False,2026-07-08T17:46:07Z,rolling30-od2.0,30,1,abs_ge_50mWh
JNUNEZ5-W0KPY33_jnunez5,0,0,False,2026-07-08T17:46:07Z,rolling30-od2.0,30,1,abs_ge_50mWh
JN_jnunez5,0,2,False,2026-07-08T17:46:07Z,rolling30-od2.0,30,1,abs_ge_50mWh
JOSEPH_jmayersalman,1,16,False,2026-07-08T17:46:07Z,rolling30-od2.0,30,1,abs_ge_50mWh
JOSHUA_jbowen2,3,6,False,2026-07-08T17:46:07Z,rolling30-od2.0,30,1,abs_ge_50mWh
JP2-E3-05_e3,1,0,False,2026-07-08T17:46:07Z,rolling30-od2.0,30,1,abs_ge_50mWh
JPIPER-PF689FNM_jpiper,7,0,True,2026-07-08T17:46:07Z,rolling30-od2.0,30,1,abs_ge_50mWh
JPROULX-F5GQ0BB_jproulx,3,4,False,2026-07-08T17:46:07Z,rolling30-od2.0,30,1,abs_ge_50mWh
JQUINTERO-A2BYW_jquintero,1,5,False,2026-07-08T17:46:07Z,rolling30-od2.0,30,1,abs_ge_50mWh
JUAN_jnunez5,0,2,False,2026-07-08T17:46:07Z,rolling30-od2.0,30,1,abs_ge_50mWh
JURAKAWA-3319AM_jurakawa,0,0,False,2026-07-08T17:46:07Z,rolling30-od2.0,30,1,abs_ge_50mWh
JXU9-PF3SLCZ3_jxu9,0,0,False,2026-07-08T17:46:07Z,rolling30-od2.0,30,1,abs_ge_50mWh
JYANGO-PF462GGQ_jyango,3,0,True,2026-07-08T17:46:07Z,rolling30-od2.0,30,1,abs_ge_50mWh
KANGYINGB-LFXB1_kangyingb,2,8,False,2026-07-08T17:46:07Z,rolling30-od2.0,30,1,abs_ge_50mWh
KARAI6-PF4PTTHT_karai6,2,1,False,2026-07-08T17:46:07Z,rolling30-od2.0,30,1,abs_ge_50mWh
KATIE_kjackson,2,0,True,2026-07-08T17:46:07Z,rolling30-od2.0,30,1,abs_ge_50mWh
KAYLEY_Kayle,0,0,False,2026-07-08T17:46:07Z,rolling30-od2.0,30,1,abs_ge_50mWh
KAZUK_PR2,0,3,False,2026-07-08T17:46:07Z,rolling30-od2.0,30,1,abs_ge_50mWh
KCHAUHAN1-Y538L_kchauhan1,0,4,False,2026-07-08T17:46:07Z,rolling30-od2.0,30,1,abs_ge_50mWh
KCHEON-PF5A9YHM_kcheon,0,0,False,2026-07-08T17:46:07Z,rolling30-od2.0,30,1,abs_ge_50mWh
KDARDEN-F4CFJD9_kdarden,14,0,True,2026-07-08T17:46:07Z,rolling30-od2.0,30,1,abs_ge_50mWh
KGU-PF5DEB5C_kgu,0,7,False,2026-07-08T17:46:07Z,rolling30-od2.0,30,1,abs_ge_50mWh
KGUO1-PF4R03CL_kguo1,0,0,False,2026-07-08T17:46:07Z,rolling30-od2.0,30,1,abs_ge_50mWh
KGUO1-PF4Z3832_kguo1,3,0,True,2026-07-08T17:46:07Z,rolling30-od2.0,30,1,abs_ge_50mWh
KGUO1-PF55Q5S3_kguo1,0,0,False,2026-07-08T17:46:07Z,rolling30-od2.0,30,1,abs_ge_50mWh
KGUO1-PF5GR16K_kguo1,0,0,False,2026-07-08T17:46:07Z,rolling30-od2.0,30,1,abs_ge_50mWh
KGUO1-PF62LBME_kguo1,0,0,False,2026-07-08T17:46:07Z,rolling30-od2.0,30,1,abs_ge_50mWh
KGUO1-PW09S0X5_kguo1,1,0,False,2026-07-08T17:46:07Z,rolling30-od2.0,30,1,abs_ge_50mWh
KHORINOUCHI-42K_khorinouchi,1,0,False,2026-07-08T17:46:07Z,rolling30-od2.0,30,1,abs_ge_50mWh
KILLEBREW,9,0,True,2026-07-08T17:46:07Z,rolling30-od2.0,30,1,abs_ge_50mWh
KINOUE4XF49VR0W_kinoue4,7,0,True,2026-07-08T17:46:07Z,rolling30-od2.0,30,1,abs_ge_50mWh
KIRRO-ALLOYSIT7_Kirro,3,5,False,2026-07-08T17:46:07Z,rolling30-od2.0,30,1,abs_ge_50mWh
KIWAO-PF4KXHHL_kiwao,1,0,False,2026-07-08T17:46:07Z,rolling30-od2.0,30,1,abs_ge_50mWh
KIWAO_kiwao,0,0,False,2026-07-08T17:46:07Z,rolling30-od2.0,30,1,abs_ge_50mWh
KKITTS-PF58LF52_kkitts,1,0,False,2026-07-08T17:46:07Z,rolling30-od2.0,30,1,abs_ge_50mWh
KMAKI-PF45ET63_kmaki,12,0,True,2026-07-08T17:46:07Z,rolling30-od2.0,30,1,abs_ge_50mWh
KMAKI-PF4WSHXN_kmaki,0,0,False,2026-07-08T17:46:07Z,rolling30-od2.0,30,1,abs_ge_50mWh
KMORIGUCHI-SY92_kmoriguchi,0,0,False,2026-07-08T17:46:07Z,rolling30-od2.0,30,1,abs_ge_50mWh
KSAMBDMA-62KJHP_ksambdma,0,0,False,2026-07-08T17:46:07Z,rolling30-od2.0,30,1,abs_ge_50mWh
KSERDAR-W0A2BP3_kserdar,0,11,False,2026-07-08T17:46:07Z,rolling30-od2.0,30,1,abs_ge_50mWh
KSHIBATAX3Y83N9_KSHIBATA,0,0,False,2026-07-08T17:46:07Z,rolling30-od2.0,30,1,abs_ge_50mWh
KSHIBAYAMA-TB38_kshibayama,3,0,True,2026-07-08T17:46:07Z,rolling30-od2.0,30,1,abs_ge_50mWh
KTAKEDA5-3ZPVTQ_ktakeda5,1,0,False,2026-07-08T17:46:07Z,rolling30-od2.0,30,1,abs_ge_50mWh
KTATE2-PW0A2BTJ_ktate2,4,0,True,2026-07-08T17:46:07Z,rolling30-od2.0,30,1,abs_ge_50mWh
KURADA-32000014_kurada,0,0,False,2026-07-08T17:46:07Z,rolling30-od2.0,30,1,abs_ge_50mWh
KURADA-3_kurada,0,0,False,2026-07-08T17:46:07Z,rolling30-od2.0,30,1,abs_ge_50mWh
KURADA-4_kurada,1,0,False,2026-07-08T17:46:07Z,rolling30-od2.0,30,1,abs_ge_50mWh
KWATAMURA-BLXLJ_kwatamura,0,14,False,2026-07-08T17:46:07Z,rolling30-od2.0,30,1,abs_ge_50mWh
L13G4-A-CGBETA_cgridley,0,2,False,2026-07-08T17:46:07Z,rolling30-od2.0,30,1,abs_ge_50mWh
L13_jboxer,0,0,False,2026-07-08T17:46:07Z,rolling30-od2.0,30,1,abs_ge_50mWh
L14G5I_Richard,6,0,True,2026-07-08T17:46:07Z,rolling30-od2.0,30,1,abs_ge_50mWh
LALLURI-F5FS8HX_lalluri,0,7,False,2026-07-08T17:46:07Z,rolling30-od2.0,30,1,abs_ge_50mWh
LAPTOP-080TD3DG_HWPA,0,1,False,2026-07-08T17:46:07Z,rolling30-od2.0,30,1,abs_ge_50mWh
LAPTOP-0JJ03K9D_rgibson,0,0,False,2026-07-08T17:46:07Z,rolling30-od2.0,30,1,abs_ge_50mWh
LAPTOP-0NPD7G3O_Tsutomu_Chonan,2,0,False,2026-07-08T17:46:07Z,rolling30-od2.0,30,1,abs_ge_50mWh
LAPTOP-0P70H8T7_Naito,0,2,False,2026-07-08T17:46:07Z,rolling30-od2.0,30,1,abs_ge_50mWh
LAPTOP-0S7K8PQH_Stan,0,1,False,2026-07-08T17:46:07Z,rolling30-od2.0,30,1,abs_ge_50mWh
LAPTOP-11P5VLEF_tianx,0,0,False,2026-07-08T17:46:07Z,rolling30-od2.0,30,1,abs_ge_50mWh
LAPTOP-11RRGHRF_2ndH28,5,0,True,2026-07-08T17:46:07Z,rolling30-od2.0,30,1,abs_ge_50mWh
LAPTOP-146432PF_PQM,1,7,False,2026-07-08T17:46:07Z,rolling30-od2.0,30,1,abs_ge_50mWh
LAPTOP-19J6LO6A_ytakeda,0,0,False,2026-07-08T17:46:07Z,rolling30-od2.0,30,1,abs_ge_50mWh
LAPTOP-1KS1Q32S_T14s,2,0,True,2026-07-08T17:46:07Z,rolling30-od2.0,30,1,abs_ge_50mWh
LAPTOP-1M50QFPI_GM,1,0,False,2026-07-08T17:46:07Z,rolling30-od2.0,30,1,abs_ge_50mWh
LAPTOP-1MK05N4P_hwpa,0,0,False,2026-07-08T17:46:07Z,rolling30-od2.0,30,1,abs_ge_50mWh
LAPTOP-1QC1JCNE_CPC-Tester12,3,0,True,2026-07-08T17:46:07Z,rolling30-od2.0,30,1,abs_ge_50mWh
LAPTOP-25UDU5UN_jestroff,2,2,False,2026-07-08T17:46:07Z,rolling30-od2.0,30,1,abs_ge_50mWh
LAPTOP-2D6R853Q_jnunez5,7,0,True,2026-07-08T17:46:07Z,rolling30-od2.0,30,1,abs_ge_50mWh
LAPTOP-2OC97423_Administrator,0,0,False,2026-07-08T17:46:07Z,rolling30-od2.0,30,1,abs_ge_50mWh
LAPTOP-2RQJAUEN_nyama,0,0,False,2026-07-08T17:46:07Z,rolling30-od2.0,30,1,abs_ge_50mWh
LAPTOP-38PBJKV3_Dan,0,0,False,2026-07-08T17:46:07Z,rolling30-od2.0,30,1,abs_ge_50mWh
LAPTOP-3GSNHJDB_GM3,1,0,False,2026-07-08T17:46:07Z,rolling30-od2.0,30,1,abs_ge_50mWh
LAPTOP-49PO0SU0_ssugimoto2,1,0,False,2026-07-08T17:46:07Z,rolling30-od2.0,30,1,abs_ge_50mWh
LAPTOP-4K9G9BRE_TM1,2,0,True,2026-07-08T17:46:07Z,rolling30-od2.0,30,1,abs_ge_50mWh
LAPTOP-5U1GRQST_AN1484GM11,0,0,False,2026-07-08T17:46:07Z,rolling30-od2.0,30,1,abs_ge_50mWh
LAPTOP-6HHN380C_QuFei_Ou,10,4,False,2026-07-08T17:46:07Z,rolling30-od2.0,30,1,abs_ge_50mWh
LAPTOP-72AKT2DB_1,1,2,False,2026-07-08T17:46:07Z,rolling30-od2.0,30,1,abs_ge_50mWh
LAPTOP-77S3EOA5_Mao_Nakabauashi,0,0,False,2026-07-08T17:46:07Z,rolling30-od2.0,30,1,abs_ge_50mWh
LAPTOP-7CFQ50BM_Carl,0,0,False,2026-07-08T17:46:07Z,rolling30-od2.0,30,1,abs_ge_50mWh
LAPTOP-7HDJI946_MobilePE,0,0,False,2026-07-08T17:46:07Z,rolling30-od2.0,30,1,abs_ge_50mWh
LAPTOP-869LCUOI_panjun1,0,1,False,2026-07-08T17:46:07Z,rolling30-od2.0,30,1,abs_ge_50mWh
LAPTOP-88BMF4J6_Mersey,0,0,False,2026-07-08T17:46:07Z,rolling30-od2.0,30,1,abs_ge_50mWh
LAPTOP-891HSHPM_p14s,0,0,False,2026-07-08T17:46:07Z,rolling30-od2.0,30,1,abs_ge_50mWh
LAPTOP-8HCCR0QE_PE,0,0,False,2026-07-08T17:46:07Z,rolling30-od2.0,30,1,abs_ge_50mWh
LAPTOP-8KIMRE5B_cturner,6,2,False,2026-07-08T17:46:07Z,rolling30-od2.0,30,1,abs_ge_50mWh
LAPTOP-93KHSN6N_hsouma,0,0,False,2026-07-08T17:46:07Z,rolling30-od2.0,30,1,abs_ge_50mWh
LAPTOP-97DA2E9K_johnny,0,0,False,2026-07-08T17:46:07Z,rolling30-od2.0,30,1,abs_ge_50mWh
LAPTOP-9D1AU1OG_Mersey,1,0,False,2026-07-08T17:46:07Z,rolling30-od2.0,30,1,abs_ge_50mWh
LAPTOP-9PGJOH9P_tianx,0,5,False,2026-07-08T17:46:07Z,rolling30-od2.0,30,1,abs_ge_50mWh
LAPTOP-A5C39DUF_ssugimoto2,1,0,False,2026-07-08T17:46:07Z,rolling30-od2.0,30,1,abs_ge_50mWh
LAPTOP-A68FDH6Q_amcclarnon,2,0,True,2026-07-08T17:46:07Z,rolling30-od2.0,30,1,abs_ge_50mWh
LAPTOP-A86VO230_PQM,3,1,False,2026-07-08T17:46:07Z,rolling30-od2.0,30,1,abs_ge_50mWh
LAPTOP-A9PSKJU9_panjun1,1,11,False,2026-07-08T17:46:07Z,rolling30-od2.0,30,1,abs_ge_50mWh
LAPTOP-A9RJIBMS_kurada,0,0,False,2026-07-08T17:46:07Z,rolling30-od2.0,30,1,abs_ge_50mWh
LAPTOP-ADS95E8B_TM2,0,2,False,2026-07-08T17:46:07Z,rolling30-od2.0,30,1,abs_ge_50mWh
LAPTOP-APU7HF6F_Administrator,0,0,False,2026-07-08T17:46:07Z,rolling30-od2.0,30,1,abs_ge_50mWh
LAPTOP-APU7HF6F_Carl_Pan,0,4,False,2026-07-08T17:46:07Z,rolling30-od2.0,30,1,abs_ge_50mWh
LAPTOP-ARLD326G_X1CG14,1,0,False,2026-07-08T17:46:07Z,rolling30-od2.0,30,1,abs_ge_50mWh
LAPTOP-B21SDAHL_Nile,1,5,False,2026-07-08T17:46:07Z,rolling30-od2.0,30,1,abs_ge_50mWh
LAPTOP-BD8L6116_Think,2,4,False,2026-07-08T17:46:07Z,rolling30-od2.0,30,1,abs_ge_50mWh
LAPTOP-C1EEVLRC_86138,2,4,False,2026-07-08T17:46:07Z,rolling30-od2.0,30,1,abs_ge_50mWh
LAPTOP-C2TA9AP9_Thames-2_LNL_BE_SIT,1,0,False,2026-07-08T17:46:07Z,rolling30-od2.0,30,1,abs_ge_50mWh
LAPTOP-CIKD46CF_Zeus2,0,0,False,2026-07-08T17:46:07Z,rolling30-od2.0,30,1,abs_ge_50mWh
LAPTOP-CJP1C30S_TM2,0,0,False,2026-07-08T17:46:07Z,rolling30-od2.0,30,1,abs_ge_50mWh
LAPTOP-CPPVM862_LL,1,0,False,2026-07-08T17:46:07Z,rolling30-od2.0,30,1,abs_ge_50mWh
LAPTOP-CU8DTV76_CamTest,4,0,False,2026-07-08T17:46:07Z,rolling30-od2.0,30,1,abs_ge_50mWh
LAPTOP-D986V7T9_EAASIT1.12,1,0,False,2026-07-08T17:46:07Z,rolling30-od2.0,30,1,abs_ge_50mWh
LAPTOP-DCOJFCQ0_TM_X1_MTL,6,0,False,2026-07-08T17:46:07Z,rolling30-od2.0,30,1,abs_ge_50mWh
LAPTOP-DDJ0EVTT_T14s2in1,6,2,False,2026-07-08T17:46:07Z,rolling30-od2.0,30,1,abs_ge_50mWh
LAPTOP-E1AAB86F_X1_2-1,12,3,False,2026-07-08T17:46:07Z,rolling30-od2.0,30,1,abs_ge_50mWh
LAPTOP-E1N6C0NF_Nile,0,0,False,2026-07-08T17:46:07Z,rolling30-od2.0,30,1,abs_ge_50mWh
LAPTOP-ENFNG5MU_1,0,0,False,2026-07-08T17:46:07Z,rolling30-od2.0,30,1,abs_ge_50mWh
LAPTOP-EVNV9CFQ_Monica,1,2,False,2026-07-08T17:46:07Z,rolling30-od2.0,30,1,abs_ge_50mWh
LAPTOP-FEFDP1D9_test,1,5,False,2026-07-08T17:46:07Z,rolling30-od2.0,30,1,abs_ge_50mWh
LAPTOP-FG0TTKQT_amurugan1,2,6,False,2026-07-08T17:46:07Z,rolling30-od2.0,30,1,abs_ge_50mWh
LAPTOP-G59PGF6O_Avon,3,4,False,2026-07-08T17:46:07Z,rolling30-od2.0,30,1,abs_ge_50mWh
LAPTOP-GAVGVR9P_panjun1,0,0,False,2026-07-08T17:46:07Z,rolling30-od2.0,30,1,abs_ge_50mWh
LAPTOP-GGLFATQJ_kazuk,0,1,False,2026-07-08T17:46:07Z,rolling30-od2.0,30,1,abs_ge_50mWh
LAPTOP-H0IEOCT5_zuyin,1,2,False,2026-07-08T17:46:07Z,rolling30-od2.0,30,1,abs_ge_50mWh
LAPTOP-H11NV2VL_hwpa,2,2,False,2026-07-08T17:46:07Z,rolling30-od2.0,30,1,abs_ge_50mWh
LAPTOP-H1CK928J_rreaves,0,0,False,2026-07-08T17:46:07Z,rolling30-od2.0,30,1,abs_ge_50mWh
LAPTOP-HR5L43FU_Avon1,0,0,False,2026-07-08T17:46:07Z,rolling30-od2.0,30,1,abs_ge_50mWh
LAPTOP-I551TCUQ_Eiger-1,0,1,False,2026-07-08T17:46:07Z,rolling30-od2.0,30,1,abs_ge_50mWh
LAPTOP-IHE4MH4F_mriddle,4,5,False,2026-07-08T17:46:07Z,rolling30-od2.0,30,1,abs_ge_50mWh
LAPTOP-II2JP927_Oak2-SVT-REX-1,0,0,False,2026-07-08T17:46:07Z,rolling30-od2.0,30,1,abs_ge_50mWh
LAPTOP-IJG7MG54_test,0,1,False,2026-07-08T17:46:07Z,rolling30-od2.0,30,1,abs_ge_50mWh
LAPTOP-J2HRJNCI_Feng,0,0,False,2026-07-08T17:46:07Z,rolling30-od2.0,30,1,abs_ge_50mWh
LAPTOP-J2L4OE0Q_ANakamura,3,1,False,2026-07-08T17:46:07Z,rolling30-od2.0,30,1,abs_ge_50mWh
LAPTOP-J9M9N0H9_X9-14,4,0,True,2026-07-08T17:46:07Z,rolling30-od2.0,30,1,abs_ge_50mWh
LAPTOP-JHPGK11C_NL1SKU6SIT1LR,3,0,True,2026-07-08T17:46:07Z,rolling30-od2.0,30,1,abs_ge_50mWh
LAPTOP-JL4J612V_jnunez5,1,1,False,2026-07-08T17:46:07Z,rolling30-od2.0,30,1,abs_ge_50mWh
LAPTOP-JLDUH829_11096,3,0,True,2026-07-08T17:46:07Z,rolling30-od2.0,30,1,abs_ge_50mWh
LAPTOP-K2B03PT9_Mersey2,1,0,False,2026-07-08T17:46:07Z,rolling30-od2.0,30,1,abs_ge_50mWh
LAPTOP-K2Q4C3UQ_1,0,6,False,2026-07-08T17:46:07Z,rolling30-od2.0,30,1,abs_ge_50mWh
LAPTOP-K5TN4699_ThinkPad,0,1,False,2026-07-08T17:46:07Z,rolling30-od2.0,30,1,abs_ge_50mWh
LAPTOP-K8IULGVA_Sun,2,0,True,2026-07-08T17:46:07Z,rolling30-od2.0,30,1,abs_ge_50mWh
LAPTOP-K9NORC70_SIT,0,0,False,2026-07-08T17:46:07Z,rolling30-od2.0,30,1,abs_ge_50mWh
LAPTOP-KQTSA7PM_1,7,0,True,2026-07-08T17:46:07Z,rolling30-od2.0,30,1,abs_ge_50mWh
LAPTOP-LM31Q23F_NL1SKU6LR,0,0,False,2026-07-08T17:46:07Z,rolling30-od2.0,30,1,abs_ge_50mWh
LAPTOP-LNBSJHQF_AV1SKU10SIT1p2,0,0,False,2026-07-08T17:46:07Z,rolling30-od2.0,30,1,abs_ge_50mWh
LAPTOP-LVNFDHDN_EAA,0,1,False,2026-07-08T17:46:07Z,rolling30-od2.0,30,1,abs_ge_50mWh
LAPTOP-MGP5FI9R_longrun,0,0,False,2026-07-08T17:46:07Z,rolling30-od2.0,30,1,abs_ge_50mWh
LAPTOP-MUEEDSGP_NL1SKU7SIT2LR,0,0,False,2026-07-08T17:46:07Z,rolling30-od2.0,30,1,abs_ge_50mWh
LAPTOP-N0IFBCJM_AV1,8,0,True,2026-07-08T17:46:07Z,rolling30-od2.0,30,1,abs_ge_50mWh
LAPTOP-N4IHLN0J_MS2,0,0,False,2026-07-08T17:46:07Z,rolling30-od2.0,30,1,abs_ge_50mWh
LAPTOP-OLNLOES4_SIT21,0,0,False,2026-07-08T17:46:07Z,rolling30-od2.0,30,1,abs_ge_50mWh
LAPTOP-OMDL8LQ4_EESIT,0,8,False,2026-07-08T17:46:07Z,rolling30-od2.0,30,1,abs_ge_50mWh
LAPTOP-OTD6NS5M_lnvni,0,0,False,2026-07-08T17:46:07Z,rolling30-od2.0,30,1,abs_ge_50mWh
LAPTOP-OV7Q4J55_PE,0,1,False,2026-07-08T17:46:07Z,rolling30-od2.0,30,1,abs_ge_50mWh
LAPTOP-P9BQ8OLJ_Neal,3,6,False,2026-07-08T17:46:07Z,rolling30-od2.0,30,1,abs_ge_50mWh
LAPTOP-Q5JPEGGD_Nate,7,0,True,2026-07-08T17:46:07Z,rolling30-od2.0,30,1,abs_ge_50mWh
LAPTOP-Q6HOEUNN_tyler,3,0,True,2026-07-08T17:46:07Z,rolling30-od2.0,30,1,abs_ge_50mWh
LAPTOP-QQKPMET2_longrun,0,1,False,2026-07-08T17:46:07Z,rolling30-od2.0,30,1,abs_ge_50mWh
LAPTOP-QQLCC3QB_jl240,0,0,False,2026-07-08T17:46:07Z,rolling30-od2.0,30,1,abs_ge_50mWh
LAPTOP-RCQD7R5B_kazuk,0,14,False,2026-07-08T17:46:07Z,rolling30-od2.0,30,1,abs_ge_50mWh
LAPTOP-S8IHCLL8_x1,0,0,False,2026-07-08T17:46:07Z,rolling30-od2.0,30,1,abs_ge_50mWh
LAPTOP-SE41CTD4_gaojiangwei,0,1,False,2026-07-08T17:46:07Z,rolling30-od2.0,30,1,abs_ge_50mWh
LAPTOP-SH0NRR9B_Mesery2,0,0,False,2026-07-08T17:46:07Z,rolling30-od2.0,30,1,abs_ge_50mWh
LAPTOP-SHD3G568_Test,2,1,False,2026-07-08T17:46:07Z,rolling30-od2.0,30,1,abs_ge_50mWh
LAPTOP-SHOBTFD7_TM1,0,3,False,2026-07-08T17:46:07Z,rolling30-od2.0,30,1,abs_ge_50mWh
LAPTOP-SJCL3CJL_scollins1,0,0,False,2026-07-08T17:46:07Z,rolling30-od2.0,30,1,abs_ge_50mWh
LAPTOP-STAV4QJC_PQM,9,0,True,2026-07-08T17:46:07Z,rolling30-od2.0,30,1,abs_ge_50mWh
LAPTOP-T2RCOIA2_SVT,0,0,False,2026-07-08T17:46:07Z,rolling30-od2.0,30,1,abs_ge_50mWh
LAPTOP-T4UU1BOP_Nikle,2,10,False,2026-07-08T17:46:07Z,rolling30-od2.0,30,1,abs_ge_50mWh
LAPTOP-T83863L5_EigerSIT11,1,2,False,2026-07-08T17:46:07Z,rolling30-od2.0,30,1,abs_ge_50mWh
LAPTOP-TH4417NP_MobilePE,0,0,False,2026-07-08T17:46:07Z,rolling30-od2.0,30,1,abs_ge_50mWh
LAPTOP-TH5V7J86_CQE_Test,2,0,True,2026-07-08T17:46:07Z,rolling30-od2.0,30,1,abs_ge_50mWh
LAPTOP-TSQ0GU66_motty,1,5,False,2026-07-08T17:46:07Z,rolling30-od2.0,30,1,abs_ge_50mWh
LAPTOP-U4336J0U_P14s,3,0,True,2026-07-08T17:46:07Z,rolling30-od2.0,30,1,abs_ge_50mWh
LAPTOP-UFSPNVK8_SIT2,0,2,False,2026-07-08T17:46:07Z,rolling30-od2.0,30,1,abs_ge_50mWh
LAPTOP-UQQQG0S3_ThinkPad,0,0,False,2026-07-08T17:46:07Z,rolling30-od2.0,30,1,abs_ge_50mWh
LAPTOP-USS5OCA4_Cui_Qi,4,0,True,2026-07-08T17:46:07Z,rolling30-od2.0,30,1,abs_ge_50mWh
LAPTOP-UU99D8BO_T14p_CX_SVT,2,0,True,2026-07-08T17:46:07Z,rolling30-od2.0,30,1,abs_ge_50mWh
LAPTOP-V1IRQ8I4_1,3,1,False,2026-07-08T17:46:07Z,rolling30-od2.0,30,1,abs_ge_50mWh
LAPTOP-V450TO4P_Rob,1,0,False,2026-07-08T17:46:07Z,rolling30-od2.0,30,1,abs_ge_50mWh
LAPTOP-V5HIJJIL_Admin,2,1,False,2026-07-08T17:46:07Z,rolling30-od2.0,30,1,abs_ge_50mWh
LAPTOP-VHFOHP1Q_Neal,4,0,True,2026-07-08T17:46:07Z,rolling30-od2.0,30,1,abs_ge_50mWh
LAPTOP-VM3TTE0T_Totoro,0,0,False,2026-07-08T17:46:07Z,rolling30-od2.0,30,1,abs_ge_50mWh
LAPTOP-VMR2DHBF_test,1,0,False,2026-07-08T17:46:07Z,rolling30-od2.0,30,1,abs_ge_50mWh
LAPTOP-VSQFIELJ_L16HPT,0,11,False,2026-07-08T17:46:07Z,rolling30-od2.0,30,1,abs_ge_50mWh
LISA_loconnor,0,0,False,2026-07-08T17:46:07Z,rolling30-od2.0,30,1,abs_ge_50mWh
LIUFENG7-26Y6JC_liufeng7,0,0,False,2026-07-08T17:46:07Z,rolling30-od2.0,30,1,abs_ge_50mWh
LIUFENG_liufeng7,5,4,False,2026-07-08T17:46:07Z,rolling30-od2.0,30,1,abs_ge_50mWh
LIUHY24-X1C8_Miss_Ling,0,0,False,2026-07-08T17:46:07Z,rolling30-od2.0,30,1,abs_ge_50mWh
LIUHY24-X1EGEN4_liuhy24,0,0,False,2026-07-08T17:46:07Z,rolling30-od2.0,30,1,abs_ge_50mWh
LIXINB-PF5G1XJE_lixinb,4,6,False,2026-07-08T17:46:07Z,rolling30-od2.0,30,1,abs_ge_50mWh
LL_LLL,4,1,False,2026-07-08T17:46:07Z,rolling30-od2.0,30,1,abs_ge_50mWh
LOEBACHJ-4SMBAL_X13_2-1,4,0,True,2026-07-08T17:46:07Z,rolling30-od2.0,30,1,abs_ge_50mWh
LOEBACHJ-4SMBAL_loebachj,5,0,True,2026-07-08T17:46:07Z,rolling30-od2.0,30,1,abs_ge_50mWh
LOEBACHJ-58TDMH_loebachj,2,2,False,2026-07-08T17:46:07Z,rolling30-od2.0,30,1,abs_ge_50mWh
LSU4-PF5FS8LS_lsu4,0,0,False,2026-07-08T17:46:07Z,rolling30-od2.0,30,1,abs_ge_50mWh
LWANG5-PW0A203M_lwang5,0,0,False,2026-07-08T17:46:07Z,rolling30-od2.0,30,1,abs_ge_50mWh
LXIAO1-PF3T9L7M_lxiao1,0,0,False,2026-07-08T17:46:07Z,rolling30-od2.0,30,1,abs_ge_50mWh
M-PA3_Atsus,0,0,False,2026-07-08T17:46:07Z,rolling30-od2.0,30,1,abs_ge_50mWh
MAGSHINE_wangyl,13,0,True,2026-07-08T17:46:07Z,rolling30-od2.0,30,1,abs_ge_50mWh
MAOXY1-PF1H5KSF_maoxy1,0,6,False,2026-07-08T17:46:07Z,rolling30-od2.0,30,1,abs_ge_50mWh
MARKUSTH1_theberlein,10,0,True,2026-07-08T17:46:07Z,rolling30-od2.0,30,1,abs_ge_50mWh
MARUICHIT-CRC21_MARUICHIT,3,0,True,2026-07-08T17:46:07Z,rolling30-od2.0,30,1,abs_ge_50mWh
MATJONES-56FF1H_MATJONES,5,0,True,2026-07-08T17:46:07Z,rolling30-od2.0,30,1,abs_ge_50mWh
MATT-T16G1_lietzke,2,0,True,2026-07-08T17:46:07Z,rolling30-od2.0,30,1,abs_ge_50mWh
MBHAVSAR-3R8CWY_mbhavsar,2,0,True,2026-07-08T17:46:07Z,rolling30-od2.0,30,1,abs_ge_50mWh
MBHAVSAR-5FSFDE_mbhavsar,2,10,False,2026-07-08T17:46:07Z,rolling30-od2.0,30,1,abs_ge_50mWh
MBHAVSAR-GM0WY2_mbhavsar,1,0,False,2026-07-08T17:46:07Z,rolling30-od2.0,30,1,abs_ge_50mWh
MBUT-PF3DMVFZ_mbutt,0,11,False,2026-07-08T17:46:07Z,rolling30-od2.0,30,1,abs_ge_50mWh
MC702142-0275JW_MC702142,1,0,False,2026-07-08T17:46:07Z,rolling30-od2.0,30,1,abs_ge_50mWh
MCOCKMAN-09S0ZB_mcockman,0,0,False,2026-07-08T17:46:07Z,rolling30-od2.0,30,1,abs_ge_50mWh
MCOONER1-67PP9K_mcooner1,0,0,False,2026-07-08T17:46:07Z,rolling30-od2.0,30,1,abs_ge_50mWh
MCROWNOVER-1540_mcrownover,2,0,True,2026-07-08T17:46:07Z,rolling30-od2.0,30,1,abs_ge_50mWh
MCROWNOVER-QC11_mcrownover,0,5,False,2026-07-08T17:46:07Z,rolling30-od2.0,30,1,abs_ge_50mWh
MCROWNOVER-WLK4_mcrownover,3,0,True,2026-07-08T17:46:07Z,rolling30-od2.0,30,1,abs_ge_50mWh
MD2-SVT-3FCN_xuxru,0,5,False,2026-07-08T17:46:07Z,rolling30-od2.0,30,1,abs_ge_50mWh
MEHLINGER1-QNSG_mehlinger1,0,0,False,2026-07-08T17:46:07Z,rolling30-od2.0,30,1,abs_ge_50mWh
MERSEY1_Jeffrey_Farringer,4,0,True,2026-07-08T17:46:07Z,rolling30-od2.0,30,1,abs_ge_50mWh
MERSEY1_SIT,1,1,False,2026-07-08T17:46:07Z,rolling30-od2.0,30,1,abs_ge_50mWh
MERSEY1_SVT,0,0,False,2026-07-08T17:46:07Z,rolling30-od2.0,30,1,abs_ge_50mWh
MERSEY2BELNL_jeffreyf1,2,0,True,2026-07-08T17:46:07Z,rolling30-od2.0,30,1,abs_ge_50mWh
MERSEYPQMBETA_hels,1,0,False,2026-07-08T17:46:07Z,rolling30-od2.0,30,1,abs_ge_50mWh
MERSEY_SIT,2,4,False,2026-07-08T17:46:07Z,rolling30-od2.0,30,1,abs_ge_50mWh
MFINK-PF667W8F_mfink,6,0,True,2026-07-08T17:46:07Z,rolling30-od2.0,30,1,abs_ge_50mWh
MGOMES3-W0HKDCB_L14,2,0,True,2026-07-08T17:46:07Z,rolling30-od2.0,30,1,abs_ge_50mWh
MGOMES3-W0HKDCB_mgomes3,2,0,True,2026-07-08T17:46:07Z,rolling30-od2.0,30,1,abs_ge_50mWh
MHAGI-PF3YCK6H_mhagi,7,0,True,2026-07-08T17:46:07Z,rolling30-od2.0,30,1,abs_ge_50mWh
MHALE1-PF55QFC9_mhale1,2,0,True,2026-07-08T17:46:07Z,rolling30-od2.0,30,1,abs_ge_50mWh
MHALE1-PF5CXE0G_mhale1,0,0,False,2026-07-08T17:46:07Z,rolling30-od2.0,30,1,abs_ge_50mWh
MHALE1-PF62L9EM_mhale1,1,0,False,2026-07-08T17:46:07Z,rolling30-od2.0,30,1,abs_ge_50mWh
MHALE1-PW0A1P1J_mhale1,1,3,False,2026-07-08T17:46:07Z,rolling30-od2.0,30,1,abs_ge_50mWh
MHEIDENFELD-CJ1_mheidenfeldt,0,0,False,2026-07-08T17:46:07Z,rolling30-od2.0,30,1,abs_ge_50mWh
MHEIDENFELD-XSD_mheidenfeldt,9,0,True,2026-07-08T17:46:07Z,rolling30-od2.0,30,1,abs_ge_50mWh
MIT_mpatel13,0,12,False,2026-07-08T17:46:07Z,rolling30-od2.0,30,1,abs_ge_50mWh
MKITAMURA-N0XRP_mkitamura,1,9,False,2026-07-08T17:46:07Z,rolling30-od2.0,30,1,abs_ge_50mWh
MKOZO-PF3W9L3K_mkozo,0,1,False,2026-07-08T17:46:07Z,rolling30-od2.0,30,1,abs_ge_50mWh
MKRYNOCK-67L6RD_mkrynock,3,0,True,2026-07-08T17:46:07Z,rolling30-od2.0,30,1,abs_ge_50mWh
MMERCHANT-H0CAW_mmerchant,4,2,False,2026-07-08T17:46:07Z,rolling30-od2.0,30,1,abs_ge_50mWh
MMISTURIK-CXCF3_mmisturik,9,0,True,2026-07-08T17:46:07Z,rolling30-od2.0,30,1,abs_ge_50mWh
MNAKABAYASH-XPZ_mnakabayashi1,0,0,False,2026-07-08T17:46:07Z,rolling30-od2.0,30,1,abs_ge_50mWh
MNAKATA1-3Y659D_mnakata1,0,0,False,2026-07-08T17:46:07Z,rolling30-od2.0,30,1,abs_ge_50mWh
MNISHIO1-2DR71T_mnishio1,1,0,False,2026-07-08T17:46:07Z,rolling30-od2.0,30,1,abs_ge_50mWh
MNISHIO1-43AFSK_Debug,10,0,True,2026-07-08T17:46:07Z,rolling30-od2.0,30,1,abs_ge_50mWh
MNISHIO1-43AFSK_mnishio1,1,0,False,2026-07-08T17:46:07Z,rolling30-od2.0,30,1,abs_ge_50mWh
MNISHIO1X121QM6_mnishio1,0,1,False,2026-07-08T17:46:07Z,rolling30-od2.0,30,1,abs_ge_50mWh
MOBILEPE-4HM087_MobilePE,13,0,True,2026-07-08T17:46:07Z,rolling30-od2.0,30,1,abs_ge_50mWh
MOBILEPE-4N8HJ9_MobilePE,0,14,False,2026-07-08T17:46:07Z,rolling30-od2.0,30,1,abs_ge_50mWh
MORISAN-F291M86_morisan,0,1,False,2026-07-08T17:46:07Z,rolling30-od2.0,30,1,abs_ge_50mWh
MOTO-T14S-Q_motty,4,0,True,2026-07-08T17:46:07Z,rolling30-od2.0,30,1,abs_ge_50mWh
MOTO-X1C_motty,8,0,False,2026-07-08T17:46:07Z,rolling30-od2.0,30,1,abs_ge_50mWh
MOTO_AURA,0,0,False,2026-07-08T17:46:07Z,rolling30-od2.0,30,1,abs_ge_50mWh
MPCD-TNA_HWPA,0,0,False,2026-07-08T17:46:07Z,rolling30-od2.0,30,1,abs_ge_50mWh
MRIGGS-PW0A1NXC_mriggs,0,0,False,2026-07-08T17:46:07Z,rolling30-od2.0,30,1,abs_ge_50mWh
MS1-2ND-3C_HWPA,2,0,True,2026-07-08T17:46:07Z,rolling30-od2.0,30,1,abs_ge_50mWh
MSUMMERVILL-VCL_msummerville,4,2,False,2026-07-08T17:46:07Z,rolling30-od2.0,30,1,abs_ge_50mWh
MTSUKADA-3MYFQH_mtsukada,3,0,True,2026-07-08T17:46:07Z,rolling30-od2.0,30,1,abs_ge_50mWh
MYERSP-PF5FSZHR_MYERSP,6,0,True,2026-07-08T17:46:07Z,rolling30-od2.0,30,1,abs_ge_50mWh
MYERSP-PW0HKDA6_L14,6,0,True,2026-07-08T17:46:07Z,rolling30-od2.0,30,1,abs_ge_50mWh
MYERSP-PW0HKDA6_MYERSP,6,0,True,2026-07-08T17:46:07Z,rolling30-od2.0,30,1,abs_ge_50mWh
NAITOX9A_arimasa,7,0,True,2026-07-08T17:46:07Z,rolling30-od2.0,30,1,abs_ge_50mWh
NANO_G3,0,12,False,2026-07-08T17:46:07Z,rolling30-od2.0,30,1,abs_ge_50mWh
NATHANP-F4YAYFH_nathanp,6,0,True,2026-07-08T17:46:07Z,rolling30-od2.0,30,1,abs_ge_50mWh
NHEIDENFELD-CDY_nheidenfeldt,0,0,False,2026-07-08T17:46:07Z,rolling30-od2.0,30,1,abs_ge_50mWh
NICOLEX1CG12_nbaker,2,11,False,2026-07-08T17:46:07Z,rolling30-od2.0,30,1,abs_ge_50mWh
NILE_SVT,6,0,True,2026-07-08T17:46:07Z,rolling30-od2.0,30,1,abs_ge_50mWh
NMARX-PF4DMZPC_nmarx,2,2,False,2026-07-08T17:46:07Z,rolling30-od2.0,30,1,abs_ge_50mWh
NMCKOY-PF5H0PJZ_nmckoy,4,1,False,2026-07-08T17:46:07Z,rolling30-od2.0,30,1,abs_ge_50mWh
NMMILLER-4T259L_nmmiller,1,1,False,2026-07-08T17:46:07Z,rolling30-od2.0,30,1,abs_ge_50mWh
NMMILLER-577H4Q_nmmiller,1,0,False,2026-07-08T17:46:07Z,rolling30-od2.0,30,1,abs_ge_50mWh
NMMILLER-62XHX6_nmmiller,6,0,True,2026-07-08T17:46:07Z,rolling30-od2.0,30,1,abs_ge_50mWh
NORITY-PF3C8AE9_nority,0,0,False,2026-07-08T17:46:07Z,rolling30-od2.0,30,1,abs_ge_50mWh
NORITY-X1YOGA_nority,2,0,True,2026-07-08T17:46:07Z,rolling30-od2.0,30,1,abs_ge_50mWh
NPATEL6-F4C403Q_npatel6,0,0,False,2026-07-08T17:46:07Z,rolling30-od2.0,30,1,abs_ge_50mWh
NPUTSALA-0A1Z31_nputsala,0,0,False,2026-07-08T17:46:07Z,rolling30-od2.0,30,1,abs_ge_50mWh
OALI-PF5TMH9T_oali,4,0,True,2026-07-08T17:46:07Z,rolling30-od2.0,30,1,abs_ge_50mWh
OHSAWAAURA_e3158,7,0,True,2026-07-08T17:46:07Z,rolling30-od2.0,30,1,abs_ge_50mWh
OHSAWACONDOR4_ohsaw,6,0,True,2026-07-08T17:46:07Z,rolling30-od2.0,30,1,abs_ge_50mWh
OHSAWAEAGLE7_ohsaw,0,16,False,2026-07-08T17:46:07Z,rolling30-od2.0,30,1,abs_ge_50mWh
P1G7_SKU5,0,0,False,2026-07-08T17:46:07Z,rolling30-od2.0,30,1,abs_ge_50mWh
P1G7_SVT,0,0,False,2026-07-08T17:46:07Z,rolling30-od2.0,30,1,abs_ge_50mWh
PANTHER3_SVT,0,0,False,2026-07-08T17:46:07Z,rolling30-od2.0,30,1,abs_ge_50mWh
PCHEN23-1000044_pchen23,2,0,True,2026-07-08T17:46:07Z,rolling30-od2.0,30,1,abs_ge_50mWh
PCHEN23-5000001_pchen23,1,0,False,2026-07-08T17:46:07Z,rolling30-od2.0,30,1,abs_ge_50mWh
PCHEN23-F4KXHBP_pchen23,0,0,False,2026-07-08T17:46:07Z,rolling30-od2.0,30,1,abs_ge_50mWh
PCHEN23-F5FSWCG_pchen23,1,1,False,2026-07-08T17:46:07Z,rolling30-od2.0,30,1,abs_ge_50mWh
PCHEN23-W0ABC67_pchen23,0,4,False,2026-07-08T17:46:07Z,rolling30-od2.0,30,1,abs_ge_50mWh
PEGGY_2,0,0,False,2026-07-08T17:46:07Z,rolling30-od2.0,30,1,abs_ge_50mWh
PETER_pchen23,0,0,False,2026-07-08T17:46:07Z,rolling30-od2.0,30,1,abs_ge_50mWh
PF3KG4XY_TP-Telemetry,0,0,False,2026-07-08T17:46:07Z,rolling30-od2.0,30,1,abs_ge_50mWh
PF3MBEZV_TP-Telemetry,0,0,False,2026-07-08T17:46:07Z,rolling30-od2.0,30,1,abs_ge_50mWh
PF3MBQME_TP-Telemetry,0,0,False,2026-07-08T17:46:07Z,rolling30-od2.0,30,1,abs_ge_50mWh
PF3MC003_TP-Telemetry,0,0,False,2026-07-08T17:46:07Z,rolling30-od2.0,30,1,abs_ge_50mWh
PF3MC0GA_TP-Telemetry,0,0,False,2026-07-08T17:46:07Z,rolling30-od2.0,30,1,abs_ge_50mWh
PF3MDFBG_TP-Telemetry,0,0,False,2026-07-08T17:46:07Z,rolling30-od2.0,30,1,abs_ge_50mWh
PF3MDFJC_TP-Telemetry,0,0,False,2026-07-08T17:46:07Z,rolling30-od2.0,30,1,abs_ge_50mWh
PF3MDXHT_TP-Telemetry,0,0,False,2026-07-08T17:46:07Z,rolling30-od2.0,30,1,abs_ge_50mWh
PF3MF7LQ_TP-Telemetry,1,0,False,2026-07-08T17:46:07Z,rolling30-od2.0,30,1,abs_ge_50mWh
PF3QE5N0_TP-Telemetry,0,0,False,2026-07-08T17:46:07Z,rolling30-od2.0,30,1,abs_ge_50mWh
PF6299VT_LIP,0,0,False,2026-07-08T17:46:07Z,rolling30-od2.0,30,1,abs_ge_50mWh
PF62AGYW_LIP,0,0,False,2026-07-08T17:46:07Z,rolling30-od2.0,30,1,abs_ge_50mWh
PF62AL6S_LIP,0,0,False,2026-07-08T17:46:07Z,rolling30-od2.0,30,1,abs_ge_50mWh
PF62APQP_LIP,0,0,False,2026-07-08T17:46:07Z,rolling30-od2.0,30,1,abs_ge_50mWh
PF62APRB_LIP,0,0,False,2026-07-08T17:46:07Z,rolling30-od2.0,30,1,abs_ge_50mWh
PHAYES-PF4H9L6S_PHAYES,6,0,True,2026-07-08T17:46:07Z,rolling30-od2.0,30,1,abs_ge_50mWh
PHAYES-PF62TDKH_PHAYES,3,0,True,2026-07-08T17:46:07Z,rolling30-od2.0,30,1,abs_ge_50mWh
PHIL_pjjakes,8,2,False,2026-07-08T17:46:07Z,rolling30-od2.0,30,1,abs_ge_50mWh
PHIL_pweinstein,0,7,False,2026-07-08T17:46:07Z,rolling30-od2.0,30,1,abs_ge_50mWh
PHOULBROOKE-DFV_phoulbrooke,0,0,False,2026-07-08T17:46:07Z,rolling30-od2.0,30,1,abs_ge_50mWh
PHOVEY-PW0KPSPG_phovey,1,0,False,2026-07-08T17:46:07Z,rolling30-od2.0,30,1,abs_ge_50mWh
PJJAKES-F3SKNHW_pjjakes,0,0,False,2026-07-08T17:46:07Z,rolling30-od2.0,30,1,abs_ge_50mWh
PJJAKES-F4QW4SK_pjjakes,0,0,False,2026-07-08T17:46:07Z,rolling30-od2.0,30,1,abs_ge_50mWh
PJJAKES-F5B1GVP_pjjakes,4,0,True,2026-07-08T17:46:07Z,rolling30-od2.0,30,1,abs_ge_50mWh
PJJAKES-F5HTSDQ_pjjakes,1,0,False,2026-07-08T17:46:07Z,rolling30-od2.0,30,1,abs_ge_50mWh
PJJAKES-F63ATFB_X1,0,9,False,2026-07-08T17:46:07Z,rolling30-od2.0,30,1,abs_ge_50mWh
PJJAKES-F63ATFB_pjjakes,2,6,False,2026-07-08T17:46:07Z,rolling30-od2.0,30,1,abs_ge_50mWh
PJJAKES-W0C7DHV_pjjakes,4,6,False,2026-07-08T17:46:07Z,rolling30-od2.0,30,1,abs_ge_50mWh
PMCINNIS-09S0XG_pmcinnis,0,0,False,2026-07-08T17:46:07Z,rolling30-od2.0,30,1,abs_ge_50mWh
PPOOJA-PW0C7CJW_ppooja,0,4,False,2026-07-08T17:46:07Z,rolling30-od2.0,30,1,abs_ge_50mWh
PQM-AN1-BETA_hels,0,13,False,2026-07-08T17:46:07Z,rolling30-od2.0,30,1,abs_ge_50mWh
PQM-BETA_frank,0,0,False,2026-07-08T17:46:07Z,rolling30-od2.0,30,1,abs_ge_50mWh
PQM-BETA_hels,4,0,True,2026-07-08T17:46:07Z,rolling30-od2.0,30,1,abs_ge_50mWh
PQM_tianx,0,2,False,2026-07-08T17:46:07Z,rolling30-od2.0,30,1,abs_ge_50mWh
PR2-SVT-M1_MARUICHIT,0,0,False,2026-07-08T17:46:07Z,rolling30-od2.0,30,1,abs_ge_50mWh
PRAMINENI-00010_pramineni,0,0,False,2026-07-08T17:46:07Z,rolling30-od2.0,30,1,abs_ge_50mWh
PRIMUS_tscott2,4,0,True,2026-07-08T17:46:07Z,rolling30-od2.0,30,1,abs_ge_50mWh
PSCHMIDT1-00044_pschmidt1,1,0,False,2026-07-08T17:46:07Z,rolling30-od2.0,30,1,abs_ge_50mWh
PW05SGBF_LIP-Telemetry,0,0,False,2026-07-08T17:46:07Z,rolling30-od2.0,30,1,abs_ge_50mWh
PW05SGBG_LIP-Telemetry,0,0,False,2026-07-08T17:46:07Z,rolling30-od2.0,30,1,abs_ge_50mWh
PW06AQ17_LIP-Telemetry,0,0,False,2026-07-08T17:46:07Z,rolling30-od2.0,30,1,abs_ge_50mWh
PW06AQ1F_LIP-Telemetry,0,0,False,2026-07-08T17:46:07Z,rolling30-od2.0,30,1,abs_ge_50mWh
PW0KZBL0_LIP,0,0,False,2026-07-08T17:46:07Z,rolling30-od2.0,30,1,abs_ge_50mWh
PW0KZBLW_LIP,0,0,False,2026-07-08T17:46:07Z,rolling30-od2.0,30,1,abs_ge_50mWh
PW0KZBMA_LIP,0,0,False,2026-07-08T17:46:07Z,rolling30-od2.0,30,1,abs_ge_50mWh
PW0KZBVB_LIP,0,0,False,2026-07-08T17:46:07Z,rolling30-od2.0,30,1,abs_ge_50mWh
QCOM-DCV40DDOIB_jowill,1,2,False,2026-07-08T17:46:07Z,rolling30-od2.0,30,1,abs_ge_50mWh
QCOM-MDUXZELAOC_mikejp,1,3,False,2026-07-08T17:46:07Z,rolling30-od2.0,30,1,abs_ge_50mWh
QCOM-YQK1OVIMJV_dereks,6,0,True,2026-07-08T17:46:07Z,rolling30-od2.0,30,1,abs_ge_50mWh
RADACHI-F5AL4EK_radachi,1,0,False,2026-07-08T17:46:07Z,rolling30-od2.0,30,1,abs_ge_50mWh
RANDERSON4-Q4VG_randerson4,0,0,False,2026-07-08T17:46:07Z,rolling30-od2.0,30,1,abs_ge_50mWh
RAY-X1-9_Ratan,2,0,True,2026-07-08T17:46:07Z,rolling30-od2.0,30,1,abs_ge_50mWh
RBULLARD-4S7F11_rbullard,1,0,False,2026-07-08T17:46:07Z,rolling30-od2.0,30,1,abs_ge_50mWh
RCLEMENTS-DS3BG_rclements,3,1,False,2026-07-08T17:46:07Z,rolling30-od2.0,30,1,abs_ge_50mWh
RDONAHUE-0A2BYP_rdonahue,3,2,False,2026-07-08T17:46:07Z,rolling30-od2.0,30,1,abs_ge_50mWh
RLOTRINIA-A7W6D_rlotrinia,0,0,False,2026-07-08T17:46:07Z,rolling30-od2.0,30,1,abs_ge_50mWh
RMCCARTHY2-0063_rmccarthy2,3,0,True,2026-07-08T17:46:07Z,rolling30-od2.0,30,1,abs_ge_50mWh
RMCFADDEN1-S8MT_rmcfadden1,5,0,True,2026-07-08T17:46:07Z,rolling30-od2.0,30,1,abs_ge_50mWh
ROBBIET-F67BA37_robbiet,4,4,False,2026-07-08T17:46:07Z,rolling30-od2.0,30,1,abs_ge_50mWh
ROCK_yuqj1,1,3,False,2026-07-08T17:46:07Z,rolling30-od2.0,30,1,abs_ge_50mWh
ROROSAS-F4HH26Y_rorosas,0,0,False,2026-07-08T17:46:07Z,rolling30-od2.0,30,1,abs_ge_50mWh
ROROSAS-W0BX6X0_rorosas,0,0,False,2026-07-08T17:46:07Z,rolling30-od2.0,30,1,abs_ge_50mWh
RPHILLIPS1-MR01_rphillips1,2,0,True,2026-07-08T17:46:07Z,rolling30-od2.0,30,1,abs_ge_50mWh
RSEKINOXF43CNVB_rsekino,0,0,False,2026-07-08T17:46:07Z,rolling30-od2.0,30,1,abs_ge_50mWh
RTWALL-PF4JTB8S_rtwall,5,0,True,2026-07-08T17:46:07Z,rolling30-od2.0,30,1,abs_ge_50mWh
RUBYHE_HEHP,3,0,True,2026-07-08T17:46:07Z,rolling30-od2.0,30,1,abs_ge_50mWh
RUMBLE_zawacki,1,0,False,2026-07-08T17:46:07Z,rolling30-od2.0,30,1,abs_ge_50mWh
RUSSELL_rgantman,1,0,False,2026-07-08T17:46:07Z,rolling30-od2.0,30,1,abs_ge_50mWh
SADACHI1-4H67H3_sadachi1,1,9,False,2026-07-08T17:46:07Z,rolling30-od2.0,30,1,abs_ge_50mWh
SAYINGZIYIN_yinsyz1,0,0,False,2026-07-08T17:46:07Z,rolling30-od2.0,30,1,abs_ge_50mWh
SBARATAM-000032_sbaratam,1,0,False,2026-07-08T17:46:07Z,rolling30-od2.0,30,1,abs_ge_50mWh
SBLEAKLEY-742XA_sbleakley,5,0,True,2026-07-08T17:46:07Z,rolling30-od2.0,30,1,abs_ge_50mWh
SDESCHENES-FH3M_sdeschenes,6,0,True,2026-07-08T17:46:07Z,rolling30-od2.0,30,1,abs_ge_50mWh
SDILLARD1-2S9T3_sdillard1,4,0,True,2026-07-08T17:46:07Z,rolling30-od2.0,30,1,abs_ge_50mWh
SDILLARD1-GR30Q_sdillard1,2,3,False,2026-07-08T17:46:07Z,rolling30-od2.0,30,1,abs_ge_50mWh
SHAUSER-F62JTB9_shauser,2,0,True,2026-07-08T17:46:07Z,rolling30-od2.0,30,1,abs_ge_50mWh
SHAUSER-W0J2TNX_shauser,0,2,False,2026-07-08T17:46:07Z,rolling30-od2.0,30,1,abs_ge_50mWh
SHIGE_MS2ARL,5,0,True,2026-07-08T17:46:07Z,rolling30-od2.0,30,1,abs_ge_50mWh
SHIGE_TH1,7,0,True,2026-07-08T17:46:07Z,rolling30-od2.0,30,1,abs_ge_50mWh
SHIGE_TH1SVT,4,0,True,2026-07-08T17:46:07Z,rolling30-od2.0,30,1,abs_ge_50mWh
SHIGUCHI-3_shiguchi,0,0,False,2026-07-08T17:46:07Z,rolling30-od2.0,30,1,abs_ge_50mWh
SITZ13G2JN5BETA_jnunez5,1,0,False,2026-07-08T17:46:07Z,rolling30-od2.0,30,1,abs_ge_50mWh
SIWAI-PF43AVX9_siwai,2,0,True,2026-07-08T17:46:07Z,rolling30-od2.0,30,1,abs_ge_50mWh
SIWAI-PF462GGQ_localuser,7,0,True,2026-07-08T17:46:07Z,rolling30-od2.0,30,1,abs_ge_50mWh
SIWAI-PF462GGQ_siwai,4,0,True,2026-07-08T17:46:07Z,rolling30-od2.0,30,1,abs_ge_50mWh
SIWAI-PF5P5JF7_siwai,1,2,False,2026-07-08T17:46:07Z,rolling30-od2.0,30,1,abs_ge_50mWh
SKADUKUNTLA-MTB_skadukuntla,1,0,False,2026-07-08T17:46:07Z,rolling30-od2.0,30,1,abs_ge_50mWh
SKAWANO-F2PXEKF_seiuchi,0,0,False,2026-07-08T17:46:07Z,rolling30-od2.0,30,1,abs_ge_50mWh
SKAWANO-F2PXEKF_skawano,0,0,False,2026-07-08T17:46:07Z,rolling30-od2.0,30,1,abs_ge_50mWh
SKEENER-W0A2BT8_skeener,7,4,False,2026-07-08T17:46:07Z,rolling30-od2.0,30,1,abs_ge_50mWh
SKOYAMA-F2Q1LZA_skoyama,0,0,False,2026-07-08T17:46:07Z,rolling30-od2.0,30,1,abs_ge_50mWh
SLO10-PF68EAMW_slo10,1,0,False,2026-07-08T17:46:07Z,rolling30-od2.0,30,1,abs_ge_50mWh
SORIDE-50000008_soride,0,0,False,2026-07-08T17:46:07Z,rolling30-od2.0,30,1,abs_ge_50mWh
SPAVLIC-F66MQCF_SPAVLIC,1,3,False,2026-07-08T17:46:07Z,rolling30-od2.0,30,1,abs_ge_50mWh
SPETERSEN2-SBS6_spetersen2,3,0,True,2026-07-08T17:46:07Z,rolling30-od2.0,30,1,abs_ge_50mWh
SPOSHAR-W0J2TP0_sposhar,3,4,False,2026-07-08T17:46:07Z,rolling30-od2.0,30,1,abs_ge_50mWh
SSPINNER-000090_sspinner,3,7,False,2026-07-08T17:46:07Z,rolling30-od2.0,30,1,abs_ge_50mWh
SSUGIMOTO2-0011_ssugimoto2,1,0,False,2026-07-08T17:46:07Z,rolling30-od2.0,30,1,abs_ge_50mWh
SSUGIMOTO2-6_ssugimoto2,0,0,False,2026-07-08T17:46:07Z,rolling30-od2.0,30,1,abs_ge_50mWh
SSUGIMOTO2-7_ssugimoto2,0,0,False,2026-07-08T17:46:07Z,rolling30-od2.0,30,1,abs_ge_50mWh
SSUGIMOTO2-PSSK_ssugimoto2,0,1,False,2026-07-08T17:46:07Z,rolling30-od2.0,30,1,abs_ge_50mWh
STAHAMTAN-MLH1C_stahamtan,2,0,True,2026-07-08T17:46:07Z,rolling30-od2.0,30,1,abs_ge_50mWh
STEVENLONG-EKAH_stevenlong,4,10,False,2026-07-08T17:46:07Z,rolling30-od2.0,30,1,abs_ge_50mWh
STEVENLONG-XACV_stevenlong,1,0,False,2026-07-08T17:46:07Z,rolling30-od2.0,30,1,abs_ge_50mWh
SUGAP-PF2QQVFQ_SUGAP,0,11,False,2026-07-08T17:46:07Z,rolling30-od2.0,30,1,abs_ge_50mWh
SWIGGINS-0HBMT4_swiggins,14,0,True,2026-07-08T17:46:07Z,rolling30-od2.0,30,1,abs_ge_50mWh
SYADAVILLI-NH12_syadavilli,1,0,False,2026-07-08T17:46:07Z,rolling30-od2.0,30,1,abs_ge_50mWh
SYAMAKI-9000027_s,1,0,False,2026-07-08T17:46:07Z,rolling30-od2.0,30,1,abs_ge_50mWh
SYANG30-W0KZBQZ_syang30,3,9,False,2026-07-08T17:46:07Z,rolling30-od2.0,30,1,abs_ge_50mWh
SYD6_zf,1,0,False,2026-07-08T17:46:07Z,rolling30-od2.0,30,1,abs_ge_50mWh
T14S-GEN5-REX_shensl3,7,0,True,2026-07-08T17:46:07Z,rolling30-od2.0,30,1,abs_ge_50mWh
T14S2IN1_robbiet,4,0,True,2026-07-08T17:46:07Z,rolling30-od2.0,30,1,abs_ge_50mWh
T14SG5-CBLI_cblindenbacher,0,0,False,2026-07-08T17:46:07Z,rolling30-od2.0,30,1,abs_ge_50mWh
TAJISAKA-49SXPJ_tajisaka,4,0,True,2026-07-08T17:46:07Z,rolling30-od2.0,30,1,abs_ge_50mWh
TBERDAR-F4G0ASQ_tberdar,5,0,True,2026-07-08T17:46:07Z,rolling30-od2.0,30,1,abs_ge_50mWh
TBERDAR-F4RM5MK_tberdar,1,6,False,2026-07-08T17:46:07Z,rolling30-od2.0,30,1,abs_ge_50mWh
TBERDAR-F5DC8CG_tberdar,0,1,False,2026-07-08T17:46:07Z,rolling30-od2.0,30,1,abs_ge_50mWh
TBERDAR-F62QQCF_tberdar,3,5,False,2026-07-08T17:46:07Z,rolling30-od2.0,30,1,abs_ge_50mWh
TCHONAN-F49QH11_tchonan,0,16,False,2026-07-08T17:46:07Z,rolling30-od2.0,30,1,abs_ge_50mWh
THAMES2BESVT_apham,0,0,False,2026-07-08T17:46:07Z,rolling30-od2.0,30,1,abs_ge_50mWh
THAMES2EEPSVT_apham,2,0,True,2026-07-08T17:46:07Z,rolling30-od2.0,30,1,abs_ge_50mWh
THAMES_SIT,0,0,False,2026-07-08T17:46:07Z,rolling30-od2.0,30,1,abs_ge_50mWh
THANNA-PF3SLBYQ_thanna,0,0,False,2026-07-08T17:46:07Z,rolling30-od2.0,30,1,abs_ge_50mWh
THANNA-PW0KQC0Y_thanna,1,2,False,2026-07-08T17:46:07Z,rolling30-od2.0,30,1,abs_ge_50mWh
THANSON-F5NV1S7_thanson,1,6,False,2026-07-08T17:46:07Z,rolling30-od2.0,30,1,abs_ge_50mWh
TK-THAMES2_takay,0,0,False,2026-07-08T17:46:07Z,rolling30-od2.0,30,1,abs_ge_50mWh
TKOIKE-PF43BEK1_tkoide,1,0,False,2026-07-08T17:46:07Z,rolling30-od2.0,30,1,abs_ge_50mWh
TLIN29-PF4EHFCT_tlin29,4,0,True,2026-07-08T17:46:07Z,rolling30-od2.0,30,1,abs_ge_50mWh
TM1SIT1XPF4LA6X_EEP,0,0,False,2026-07-08T17:46:07Z,rolling30-od2.0,30,1,abs_ge_50mWh
TMIYAMOTO1-75C2_tmiyamoto1,2,13,False,2026-07-08T17:46:07Z,rolling30-od2.0,30,1,abs_ge_50mWh
TMOCHIZUKI-FHMH_tmochizuki,0,0,False,2026-07-08T17:46:07Z,rolling30-od2.0,30,1,abs_ge_50mWh
TMORIWAKI-00019_tmoriwaki,3,0,True,2026-07-08T17:46:07Z,rolling30-od2.0,30,1,abs_ge_50mWh
TNAKAMURA8-CRZW_tnakamura8,11,0,True,2026-07-08T17:46:07Z,rolling30-od2.0,30,1,abs_ge_50mWh
TOM_thiller,0,0,False,2026-07-08T17:46:07Z,rolling30-od2.0,30,1,abs_ge_50mWh
TP-X1C-G11_emmet,2,0,True,2026-07-08T17:46:07Z,rolling30-od2.0,30,1,abs_ge_50mWh
TPARRISH2-00047_tparrish2,0,3,False,2026-07-08T17:46:07Z,rolling30-od2.0,30,1,abs_ge_50mWh
TRICHARDSON-GP9_trichardson,0,0,False,2026-07-08T17:46:07Z,rolling30-od2.0,30,1,abs_ge_50mWh
TRICHARDSON-NKH_trichardson,2,2,False,2026-07-08T17:46:07Z,rolling30-od2.0,30,1,abs_ge_50mWh
TSCOTT2-F4RVJLS_tscott2,0,0,False,2026-07-08T17:46:07Z,rolling30-od2.0,30,1,abs_ge_50mWh
TSCOTT2-F58PHQH_tscott2,7,0,True,2026-07-08T17:46:07Z,rolling30-od2.0,30,1,abs_ge_50mWh
TSCOTT2-F5CERG3_tscott2,3,0,True,2026-07-08T17:46:07Z,rolling30-od2.0,30,1,abs_ge_50mWh
TSUZUKI26-9VQR2_tsuzuki26,1,0,False,2026-07-08T17:46:07Z,rolling30-od2.0,30,1,abs_ge_50mWh
TTARRATS-09S0Z9_ttarrats,0,0,False,2026-07-08T17:46:07Z,rolling30-od2.0,30,1,abs_ge_50mWh
TTOMIMATSU-DC3F_ttomimatsu,0,0,False,2026-07-08T17:46:07Z,rolling30-od2.0,30,1,abs_ge_50mWh
TYLER_tparrish2,3,0,True,2026-07-08T17:46:07Z,rolling30-od2.0,30,1,abs_ge_50mWh
UINABA-GM114QLP_uinaba,4,0,True,2026-07-08T17:46:07Z,rolling30-od2.0,30,1,abs_ge_50mWh
VBARONE-F67TWPP_vbarone,1,0,False,2026-07-08T17:46:07Z,rolling30-od2.0,30,1,abs_ge_50mWh
VISHNU_vkotipalli1,1,2,False,2026-07-08T17:46:07Z,rolling30-od2.0,30,1,abs_ge_50mWh
VSHARAK-F66KN1E_vsharak,0,0,False,2026-07-08T17:46:07Z,rolling30-od2.0,30,1,abs_ge_50mWh
WANGLYB-5FGJED_wanglyb,3,0,True,2026-07-08T17:46:07Z,rolling30-od2.0,30,1,abs_ge_50mWh
WANGTC3-F4210KH_wangtc3,10,0,True,2026-07-08T17:46:07Z,rolling30-od2.0,30,1,abs_ge_50mWh
WCARTER-F3SKVGA_wcarter,0,0,False,2026-07-08T17:46:07Z,rolling30-od2.0,30,1,abs_ge_50mWh
WCHANG11-4C429A_wchang11,0,0,False,2026-07-08T17:46:07Z,rolling30-od2.0,30,1,abs_ge_50mWh
WCHANG11-4Y8ZWG_wchang11,0,0,False,2026-07-08T17:46:07Z,rolling30-od2.0,30,1,abs_ge_50mWh
WFELTER-F5HN5KV_wfelter,2,0,True,2026-07-08T17:46:07Z,rolling30-od2.0,30,1,abs_ge_50mWh
WII-PF67AM0B_wii,3,0,True,2026-07-08T17:46:07Z,rolling30-od2.0,30,1,abs_ge_50mWh
WOMALLEY-55RJ32_womalley,0,11,False,2026-07-08T17:46:07Z,rolling30-od2.0,30,1,abs_ge_50mWh
WSHX016709_Lenovo,1,0,False,2026-07-08T17:46:07Z,rolling30-od2.0,30,1,abs_ge_50mWh
X1-CARBON-G12_hewei,0,0,False,2026-07-08T17:46:07Z,rolling30-od2.0,30,1,abs_ge_50mWh
X1-LNL-BE-SIT_mripp,1,0,False,2026-07-08T17:46:07Z,rolling30-od2.0,30,1,abs_ge_50mWh
X13_2IN1,1,9,False,2026-07-08T17:46:07Z,rolling30-od2.0,30,1,abs_ge_50mWh
X1C-G13-TK_E28508,0,0,False,2026-07-08T17:46:07Z,rolling30-od2.0,30,1,abs_ge_50mWh
X1C-LNL-SIT-EEP_mripp,5,4,False,2026-07-08T17:46:07Z,rolling30-od2.0,30,1,abs_ge_50mWh
X1C13-2024_henry,0,0,False,2026-07-08T17:46:07Z,rolling30-od2.0,30,1,abs_ge_50mWh
X1C13-SIT_X1C13,0,1,False,2026-07-08T17:46:07Z,rolling30-od2.0,30,1,abs_ge_50mWh
X1C_GEN13,0,4,False,2026-07-08T17:46:07Z,rolling30-od2.0,30,1,abs_ge_50mWh
X1C_LNL,0,1,False,2026-07-08T17:46:07Z,rolling30-od2.0,30,1,abs_ge_50mWh
X1C_METEOR,6,0,True,2026-07-08T17:46:07Z,rolling30-od2.0,30,1,abs_ge_50mWh
X1C_SIT,6,0,True,2026-07-08T17:46:07Z,rolling30-od2.0,30,1,abs_ge_50mWh
X1FOLD16-TK_E28508,2,0,True,2026-07-08T17:46:07Z,rolling30-od2.0,30,1,abs_ge_50mWh
X1FOLDSVT_laher,0,0,False,2026-07-08T17:46:07Z,rolling30-od2.0,30,1,abs_ge_50mWh
X1YADL_KMK,0,0,False,2026-07-08T17:46:07Z,rolling30-od2.0,30,1,abs_ge_50mWh
X1_2-IN-1,3,0,True,2026-07-08T17:46:07Z,rolling30-od2.0,30,1,abs_ge_50mWh
X9-14_SVT,0,0,False,2026-07-08T17:46:07Z,rolling30-od2.0,30,1,abs_ge_50mWh
X9-14_jeffreyf1,8,0,True,2026-07-08T17:46:07Z,rolling30-od2.0,30,1,abs_ge_50mWh
X9-SIT1_xuxru,0,13,False,2026-07-08T17:46:07Z,rolling30-od2.0,30,1,abs_ge_50mWh
X9-TK_E28508,1,0,False,2026-07-08T17:46:07Z,rolling30-od2.0,30,1,abs_ge_50mWh
X9ALADDIN-NAITO_arima,6,0,True,2026-07-08T17:46:07Z,rolling30-od2.0,30,1,abs_ge_50mWh
XBB20241007_Lenovo,2,2,False,2026-07-08T17:46:07Z,rolling30-od2.0,30,1,abs_ge_50mWh
XIUQIN_liuxq13,6,3,False,2026-07-08T17:46:07Z,rolling30-od2.0,30,1,abs_ge_50mWh
XLIN3-PF4RXZPZ_xlin3,1,0,False,2026-07-08T17:46:07Z,rolling30-od2.0,30,1,abs_ge_50mWh
Y25872-PC2DR71X_y25872,5,0,True,2026-07-08T17:46:07Z,rolling30-od2.0,30,1,abs_ge_50mWh
YANAGISAWA51_yanagisawa,0,0,False,2026-07-08T17:46:07Z,rolling30-od2.0,30,1,abs_ge_50mWh
YANGYQ-PF50KB95_yangyq,0,0,False,2026-07-08T17:46:07Z,rolling30-od2.0,30,1,abs_ge_50mWh
YCRANFORD-7CHLT_ycranford,1,0,False,2026-07-08T17:46:07Z,rolling30-od2.0,30,1,abs_ge_50mWh
YICHIKAWA3-M43N_yichikawa3,11,0,True,2026-07-08T17:46:07Z,rolling30-od2.0,30,1,abs_ge_50mWh
YINGNIE-W01KL34_yingnie,0,1,False,2026-07-08T17:46:07Z,rolling30-od2.0,30,1,abs_ge_50mWh
YNAN-PF4FDG4X_qizha,5,0,True,2026-07-08T17:46:07Z,rolling30-od2.0,30,1,abs_ge_50mWh
YNAN-PF4FDG4X_ynan,4,0,True,2026-07-08T17:46:07Z,rolling30-od2.0,30,1,abs_ge_50mWh
YONDA-PF1BLXHW_yonda,0,5,False,2026-07-08T17:46:07Z,rolling30-od2.0,30,1,abs_ge_50mWh
YSONE-PF3993EL_ysone,0,0,False,2026-07-08T17:46:07Z,rolling30-od2.0,30,1,abs_ge_50mWh
YSUZUKI11-9S4B8_ysuzuki11,4,0,True,2026-07-08T17:46:07Z,rolling30-od2.0,30,1,abs_ge_50mWh
YTAGAMI-F3TQANR_ytagami,0,0,False,2026-07-08T17:46:07Z,rolling30-od2.0,30,1,abs_ge_50mWh
YTAKEDA1-15_ytakeda1,0,0,False,2026-07-08T17:46:07Z,rolling30-od2.0,30,1,abs_ge_50mWh
YWADA-PF49SXTB_ywada,11,0,True,2026-07-08T17:46:07Z,rolling30-od2.0,30,1,abs_ge_50mWh
ZAWACKIJE_j,7,2,False,2026-07-08T17:46:07Z,rolling30-od2.0,30,1,abs_ge_50mWh
ZHANGLU11-10_zhanglu11,0,0,False,2026-07-08T17:46:07Z,rolling30-od2.0,30,1,abs_ge_50mWh
ZWOXPF3V6VNY_zwo,0,0,False,2026-07-08T17:46:07Z,rolling30-od2.0,30,1,abs_ge_50mWh
