mechanism,regime,detector,mean_false_no_response,mean_missed_no_response,mean_n_no_response,false_per_user_point,false_per_user_ci_lo,false_per_user_ci_hi,mean_episode_recovery,n_replicates
A,mcar_5pct,naive,255.2,2.4,364.333,14.1778,8.0066,23.0599,0.9765,15
A,mcar_5pct,binary_gap_gate,0.0,61.2,38.867,0.0,0.0,0.0,0.9765,15
A,mcar_5pct,graded,0.0,4.333,99.533,0.0,0.0,0.0,0.9765,15
A,mcar_5pct,proposed,0.0,4.333,99.533,0.0,0.0,0.0,0.9765,15
A,mcar_10pct,naive,249.467,3.333,356.867,13.8593,7.3508,20.9865,0.9566,15
A,mcar_10pct,binary_gap_gate,0.133,63.133,37.0,0.0074,0.0,0.0222,0.9566,15
A,mcar_10pct,graded,0.267,9.0,94.4,0.0148,0.0,0.037,0.9566,15
A,mcar_10pct,proposed,0.267,9.0,94.4,0.0148,0.0,0.0444,0.9566,15
A,mcar_20pct,naive,234.733,8.467,335.6,13.0407,7.0628,19.077,0.9068,15
A,mcar_20pct,binary_gap_gate,0.467,68.333,31.933,0.0259,0.0,0.063,0.9068,15
A,mcar_20pct,graded,1.0,17.0,86.533,0.0556,0.011,0.1333,0.9068,15
A,mcar_20pct,proposed,1.0,17.0,86.533,0.0556,0.0073,0.1259,0.9068,15
A,mcar_30pct,naive,223.2,14.4,316.8,12.4,6.3554,18.6825,0.8529,15
A,mcar_30pct,binary_gap_gate,0.267,73.8,26.867,0.0148,0.0,0.0408,0.8529,15
A,mcar_30pct,graded,1.133,27.4,76.067,0.063,0.0111,0.1259,0.8529,15
A,mcar_30pct,proposed,1.133,27.4,76.067,0.063,0.0147,0.1333,0.8529,15
A,mcar_50pct,naive,182.333,29.2,258.267,10.1296,5.7729,15.6043,0.7025,15
A,mcar_50pct,binary_gap_gate,0.667,82.733,19.0,0.037,0.0,0.0852,0.7025,15
A,mcar_50pct,graded,1.733,49.933,53.267,0.0963,0.0185,0.2222,0.7025,15
A,mcar_50pct,proposed,1.733,50.0,53.2,0.0963,0.0148,0.2409,0.7025,15
A,gap_3h_around_low,naive,255.933,1.467,365.867,14.2185,7.2992,22.6862,0.9782,15
A,gap_3h_around_low,binary_gap_gate,0.067,60.133,39.933,0.0037,0.0,0.0111,0.9782,15
A,gap_3h_around_low,graded,0.067,3.2,100.733,0.0037,0.0,0.0111,0.9782,15
A,gap_3h_around_low,proposed,0.067,3.2,100.733,0.0037,0.0,0.0111,0.9782,15
A,gap_6h_around_low,naive,255.933,1.8,365.467,14.2185,7.9651,21.9675,0.9787,15
A,gap_6h_around_low,binary_gap_gate,0.0,60.733,39.267,0.0,0.0,0.0,0.9787,15
A,gap_6h_around_low,graded,0.0,3.533,100.333,0.0,0.0,0.0,0.9787,15
A,gap_6h_around_low,proposed,0.0,3.533,100.333,0.0,0.0,0.0,0.9787,15
A,gap_12h_around_low,naive,256.2,2.4,364.667,14.2333,7.7205,21.4722,0.9776,15
A,gap_12h_around_low,binary_gap_gate,0.0,61.4,38.8,0.0,0.0,0.0,0.9776,15
A,gap_12h_around_low,graded,0.0,4.4,99.333,0.0,0.0,0.0,0.9776,15
A,gap_12h_around_low,proposed,0.0,4.4,99.333,0.0,0.0,0.0,0.9776,15
A,gap_24h_around_low,naive,255.667,2.4,364.667,14.2037,7.9877,21.9751,0.9743,15
A,gap_24h_around_low,binary_gap_gate,0.0,60.733,39.2,0.0,0.0,0.0,0.9743,15
A,gap_24h_around_low,graded,0.067,5.4,98.467,0.0037,0.0,0.0111,0.9743,15
A,gap_24h_around_low,proposed,0.067,5.4,98.467,0.0037,0.0,0.0111,0.9743,15
A,gap_48h_around_low,naive,255.533,3.933,362.8,14.1963,7.6053,21.6258,0.9706,15
A,gap_48h_around_low,binary_gap_gate,0.0,61.667,38.8,0.0,0.0,0.0,0.9706,15
A,gap_48h_around_low,graded,0.0,6.067,97.933,0.0,0.0,0.0,0.9706,15
A,gap_48h_around_low,proposed,0.0,6.067,97.933,0.0,0.0,0.0,0.9706,15
A,gap_24h_high_to_low,naive,261.933,0.133,373.467,14.5519,8.2778,23.545,0.9994,15
A,gap_24h_high_to_low,binary_gap_gate,0.0,60.2,39.867,0.0,0.0,0.0,0.9994,15
A,gap_24h_high_to_low,graded,0.0,2.933,101.0,0.0,0.0,0.0,0.9994,15
A,gap_24h_high_to_low,proposed,0.0,2.933,101.0,0.0,0.0,0.0,0.9994,15
A,gap_24h_around_low,naive,255.8,1.867,364.6,14.2111,7.4513,21.2456,0.9763,15
A,gap_24h_around_low,binary_gap_gate,0.0,61.867,38.4,0.0,0.0,0.0,0.9763,15
A,gap_24h_around_low,graded,0.0,5.0,98.4,0.0,0.0,0.0,0.9763,15
A,gap_24h_around_low,proposed,0.0,5.0,98.4,0.0,0.0,0.0,0.9763,15
A,gap_24h_low_to_high,naive,256.867,2.267,365.533,14.2704,7.4491,20.9522,0.9785,15
A,gap_24h_low_to_high,binary_gap_gate,0.0,61.2,39.2,0.0,0.0,0.0,0.9785,15
A,gap_24h_low_to_high,graded,0.0,4.8,98.667,0.0,0.0,0.0,0.9785,15
A,gap_24h_low_to_high,proposed,0.0,4.8,98.667,0.0,0.0,0.0,0.9785,15
A,gap_24h_after_end,naive,264.333,2.8,372.6,14.6852,8.2428,21.8943,0.9725,15
A,gap_24h_after_end,binary_gap_gate,0.2,61.067,39.4,0.0111,0.0,0.0222,0.9725,15
A,gap_24h_after_end,graded,0.267,4.133,100.067,0.0148,0.0,0.0333,0.9725,15
A,gap_24h_after_end,proposed,0.267,4.133,100.067,0.0148,0.0,0.0333,0.9725,15
A,gap_24h_around_deadline,naive,261.667,0.2,373.467,14.537,8.3256,21.5095,0.9981,15
A,gap_24h_around_deadline,binary_gap_gate,0.0,59.6,40.333,0.0,0.0,0.0,0.9981,15
A,gap_24h_around_deadline,graded,0.0,2.133,101.8,0.0,0.0,0.0,0.9981,15
A,gap_24h_around_deadline,proposed,0.0,2.133,101.8,0.0,0.0,0.0,0.9981,15
A,truncate_168h,naive,260.0,0.0,372.0,14.4444,8.2208,22.7778,0.9952,15
A,truncate_168h,binary_gap_gate,0.0,59.0,41.0,0.0,0.0,0.0,0.9952,15
A,truncate_168h,graded,0.0,0.0,104.0,0.0,0.0,0.0,0.9952,15
A,truncate_168h,proposed,0.0,1.0,103.0,0.0,0.0,0.0,0.9952,15
A,truncate_336h,naive,259.0,1.0,370.0,14.3889,8.325,23.0028,0.9904,15
A,truncate_336h,binary_gap_gate,0.0,59.0,41.0,0.0,0.0,0.0,0.9904,15
A,truncate_336h,graded,0.0,1.0,103.0,0.0,0.0,0.0,0.9904,15
A,truncate_336h,proposed,0.0,2.0,102.0,0.0,0.0,0.0,0.9904,15
A,sleepgaps_fleet,naive,195.2,34.267,266.533,10.8444,5.8367,16.9148,0.6809,15
A,sleepgaps_fleet,binary_gap_gate,0.8,89.4,13.2,0.0444,0.0037,0.1111,0.6809,15
A,sleepgaps_fleet,graded,1.467,68.0,35.4,0.0815,0.0111,0.1816,0.6809,15
A,sleepgaps_fleet,proposed,1.467,68.0,35.4,0.0815,0.0148,0.1705,0.6809,15
B,mcar_5pct,naive,50.4,60.133,4016.4,2.8,1.8699,3.7855,0.9852,15
B,mcar_5pct,binary_gap_gate,17.733,147.733,3823.667,0.9852,0.4369,1.6076,0.9852,15
B,mcar_5pct,graded,18.733,60.333,3965.867,1.0407,0.4889,1.678,0.9852,15
B,mcar_5pct,proposed,0.467,60.4,3946.6,0.0259,0.0111,0.0444,0.9852,15
B,mcar_10pct,naive,50.933,125.733,3856.6,2.8296,1.9698,3.8408,0.9686,15
B,mcar_10pct,binary_gap_gate,18.933,216.533,3663.933,1.0519,0.54,1.667,0.9686,15
B,mcar_10pct,graded,19.933,126.933,3806.467,1.1074,0.5292,1.7223,0.9686,15
B,mcar_10pct,proposed,2.333,126.933,3788.0,0.1296,0.0556,0.2223,0.9686,15
B,mcar_20pct,naive,48.867,284.067,3508.933,2.7148,1.837,3.7425,0.9286,15
B,mcar_20pct,binary_gap_gate,18.467,384.8,3319.267,1.0259,0.5222,1.6298,0.9286,15
B,mcar_20pct,graded,19.667,288.533,3458.4,1.0926,0.596,1.6483,0.9286,15
B,mcar_20pct,proposed,3.533,288.733,3441.267,0.1963,0.0889,0.326,0.9286,15
B,mcar_30pct,naive,48.8,477.467,3161.4,2.7111,1.8293,3.6669,0.879,15
B,mcar_30pct,binary_gap_gate,19.067,586.333,2974.467,1.0593,0.6111,1.5631,0.879,15
B,mcar_30pct,graded,21.267,483.067,3112.733,1.1815,0.7072,1.6117,0.879,15
B,mcar_30pct,proposed,6.8,483.2,3097.533,0.3778,0.1815,0.6519,0.879,15
B,mcar_50pct,naive,47.133,1018.733,2391.733,2.6185,1.8069,3.5277,0.7397,15
B,mcar_50pct,binary_gap_gate,18.2,1167.2,2197.867,1.0111,0.614,1.4482,0.7397,15
B,mcar_50pct,graded,22.267,1031.733,2341.733,1.237,0.7738,1.6778,0.7397,15
B,mcar_50pct,proposed,10.8,1032.067,2329.733,0.6,0.3481,0.9297,0.7397,15
B,gap_3h_around_low,naive,50.933,4.533,4161.8,2.8296,2.0556,3.7788,0.9991,15
B,gap_3h_around_low,binary_gap_gate,18.0,87.733,3968.533,1.0,0.4444,1.6667,0.9991,15
B,gap_3h_around_low,graded,19.0,4.667,4111.067,1.0556,0.4431,1.7236,0.9991,15
B,gap_3h_around_low,proposed,0.0,4.667,4091.067,0.0,0.0,0.0,0.9991,15
B,gap_6h_around_low,naive,50.8,4.867,4161.8,2.8222,1.9212,3.8826,0.9989,15
B,gap_6h_around_low,binary_gap_gate,18.067,88.2,3968.333,1.0037,0.4072,1.6668,0.9989,15
B,gap_6h_around_low,graded,19.0,5.067,4111.0,1.0556,0.5034,1.715,0.9989,15
B,gap_6h_around_low,proposed,0.067,5.067,4091.067,0.0037,0.0,0.0148,0.9989,15
B,gap_12h_around_low,naive,50.933,7.733,4159.333,2.8296,1.943,3.7717,0.9981,15
B,gap_12h_around_low,binary_gap_gate,18.0,90.8,3965.6,1.0,0.4481,1.6557,0.9981,15
B,gap_12h_around_low,graded,19.0,7.8,4108.333,1.0556,0.4989,1.668,0.9981,15
B,gap_12h_around_low,proposed,0.067,7.8,4088.4,0.0037,0.0,0.0111,0.9981,15
B,gap_24h_around_low,naive,50.933,8.0,4158.0,2.8296,2.0555,3.7222,0.9979,15
B,gap_24h_around_low,binary_gap_gate,18.0,91.267,3964.133,1.0,0.3889,1.6667,0.9979,15
B,gap_24h_around_low,graded,19.0,8.4,4106.6,1.0556,0.4431,1.6667,0.9979,15
B,gap_24h_around_low,proposed,0.0,8.4,4086.6,0.0,0.0,0.0,0.9979,15
B,gap_48h_around_low,naive,51.267,19.6,4149.733,2.8481,1.9508,3.7381,0.9954,15
B,gap_48h_around_low,binary_gap_gate,18.2,103.667,3955.667,1.0111,0.4556,1.6827,0.9954,15
B,gap_48h_around_low,graded,19.2,20.733,4097.733,1.0667,0.4545,1.7333,0.9954,15
B,gap_48h_around_low,proposed,0.2,20.733,4077.733,0.0111,0.0,0.0223,0.9954,15
B,gap_24h_high_to_low,naive,50.867,7.733,4158.667,2.8259,1.9481,3.7039,0.998,15
B,gap_24h_high_to_low,binary_gap_gate,17.867,91.067,3965.0,0.9926,0.4552,1.6671,0.998,15
B,gap_24h_high_to_low,graded,18.867,8.133,4107.533,1.0481,0.4517,1.7351,0.998,15
B,gap_24h_high_to_low,proposed,0.133,8.133,4087.8,0.0074,0.0,0.0185,0.998,15
B,gap_24h_around_low,naive,50.933,8.4,4158.2,2.8296,1.8887,3.8794,0.9979,15
B,gap_24h_around_low,binary_gap_gate,18.0,92.133,3964.667,1.0,0.4591,1.6709,0.9979,15
B,gap_24h_around_low,graded,19.0,9.467,4106.533,1.0556,0.4556,1.6966,0.9979,15
B,gap_24h_around_low,proposed,0.133,9.467,4086.667,0.0074,0.0,0.0185,0.9979,15
B,gap_24h_low_to_high,naive,51.2,8.467,4157.933,2.8444,1.8951,3.7856,0.998,15
B,gap_24h_low_to_high,binary_gap_gate,18.067,91.867,3964.467,1.0037,0.3481,1.7259,0.998,15
B,gap_24h_low_to_high,graded,19.067,9.0,4106.533,1.0593,0.4555,1.7222,0.998,15
B,gap_24h_low_to_high,proposed,0.067,9.0,4086.533,0.0037,0.0,0.0111,0.998,15
B,gap_24h_after_end,naive,54.133,7.4,4163.0,3.0074,2.0368,3.9668,0.9981,15
B,gap_24h_after_end,binary_gap_gate,17.933,94.4,3960.467,0.9963,0.4356,1.6705,0.9981,15
B,gap_24h_after_end,graded,18.933,11.467,4102.733,1.0519,0.4215,1.7113,0.9981,15
B,gap_24h_after_end,proposed,0.067,11.467,4082.867,0.0037,0.0,0.0111,0.9981,15
B,gap_24h_around_deadline,naive,51.467,3.667,4166.8,2.8593,1.9146,3.8149,0.999,15
B,gap_24h_around_deadline,binary_gap_gate,18.2,86.867,3972.733,1.0111,0.5111,1.6778,0.999,15
B,gap_24h_around_deadline,graded,19.2,4.133,4115.2,1.0667,0.5074,1.7334,0.999,15
B,gap_24h_around_deadline,proposed,0.2,4.133,4095.2,0.0111,0.0,0.0222,0.999,15
B,truncate_168h,naive,32.0,0.0,4153.0,1.7778,1.0,2.6125,0.9956,15
B,truncate_168h,binary_gap_gate,2.0,84.0,3962.0,0.1111,0.0,0.2778,0.9956,15
B,truncate_168h,graded,2.0,0.0,4104.0,0.1111,0.0,0.2778,0.9956,15
B,truncate_168h,proposed,0.0,13.0,4089.0,0.0,0.0,0.0,0.9956,15
B,truncate_336h,naive,30.0,10.0,4141.0,1.6667,0.9444,2.5569,0.9913,15
B,truncate_336h,binary_gap_gate,1.0,93.0,3952.0,0.0556,0.0,0.1667,0.9913,15
B,truncate_336h,graded,1.0,10.0,4093.0,0.0556,0.0,0.1667,0.9913,15
B,truncate_336h,proposed,0.0,31.0,4071.0,0.0,0.0,0.0,0.9913,15
B,sleepgaps_fleet,naive,70.0,1011.667,2710.0,3.8889,2.8883,4.8335,0.7627,15
B,sleepgaps_fleet,binary_gap_gate,30.667,1145.8,2503.333,1.7037,1.2108,2.1593,0.7627,15
B,sleepgaps_fleet,graded,34.467,1048.667,2626.8,1.9148,1.4295,2.4519,0.7627,15
B,sleepgaps_fleet,proposed,21.733,1049.067,2613.267,1.2074,0.8813,1.5448,0.7627,15
union,mcar_5pct,naive,208.467,52.4,4158.267,11.5815,6.6956,17.3947,0.9866,15
union,mcar_5pct,binary_gap_gate,18.067,177.267,3645.467,1.0037,0.5033,1.6456,0.9866,15
union,mcar_5pct,graded,19.667,56.867,3845.0,1.0926,0.5737,1.6484,0.9866,15
union,mcar_5pct,proposed,2.267,56.933,3826.667,0.1259,0.0481,0.2112,0.9866,15
union,mcar_10pct,naive,207.6,112.733,4001.867,11.5333,6.7831,17.083,0.9723,15
union,mcar_10pct,binary_gap_gate,20.733,243.133,3496.533,1.1519,0.6295,1.719,0.9723,15
union,mcar_10pct,graded,22.2,121.467,3691.267,1.2333,0.6518,1.8593,0.9723,15
union,mcar_10pct,proposed,5.2,121.6,3673.267,0.2889,0.1556,0.4556,0.9723,15
union,mcar_20pct,naive,202.533,256.267,3676.267,11.2519,6.6947,16.1151,0.9367,15
union,mcar_20pct,binary_gap_gate,24.6,404.467,3184.133,1.3667,0.8367,2.0076,0.9367,15
union,mcar_20pct,graded,27.133,275.667,3376.133,1.5074,1.0072,2.0259,0.9367,15
union,mcar_20pct,proposed,12.267,276.0,3360.333,0.6815,0.3741,1.0556,0.9367,15
union,mcar_30pct,naive,193.467,426.8,3325.733,10.7481,6.5926,16.7881,0.8917,15
union,mcar_30pct,binary_gap_gate,29.0,594.6,2856.4,1.6111,1.0625,2.2371,0.8917,15
union,mcar_30pct,graded,32.4,458.2,3040.2,1.8,1.2222,2.4337,0.8917,15
union,mcar_30pct,proposed,17.867,458.467,3024.867,0.9926,0.5629,1.493,0.8917,15
union,mcar_50pct,naive,176.0,953.0,2534.6,9.7778,6.0885,14.7596,0.7583,15
union,mcar_50pct,binary_gap_gate,29.4,1172.2,2104.467,1.6333,1.1033,2.1563,0.7583,15
union,mcar_50pct,graded,35.333,1012.333,2277.333,1.963,1.3331,2.5371,0.7583,15
union,mcar_50pct,proposed,24.267,1012.6,2265.6,1.3481,0.8289,1.963,0.7583,15
union,gap_3h_around_low,naive,210.867,3.667,4297.8,11.7148,6.873,16.7231,0.9992,15
union,gap_3h_around_low,binary_gap_gate,17.267,122.133,3779.667,0.9593,0.3956,1.6306,0.9992,15
union,gap_3h_around_low,graded,18.267,4.067,3980.2,1.0148,0.4472,1.7006,0.9992,15
union,gap_3h_around_low,proposed,0.333,4.067,3961.333,0.0185,0.0074,0.0296,0.9992,15
union,gap_6h_around_low,naive,211.0,5.0,4296.933,11.7222,7.4431,16.8931,0.9989,15
union,gap_6h_around_low,binary_gap_gate,17.133,123.133,3778.867,0.9519,0.3333,1.6825,0.9989,15
union,gap_6h_around_low,graded,18.133,5.4,3979.467,1.0074,0.3875,1.6115,0.9989,15
union,gap_6h_around_low,proposed,0.133,5.4,3960.467,0.0074,0.0,0.0222,0.9989,15
union,gap_12h_around_low,naive,210.733,6.467,4295.4,11.7074,7.4431,16.6045,0.9985,15
union,gap_12h_around_low,binary_gap_gate,17.2,125.2,3777.267,0.9556,0.388,1.615,0.9985,15
union,gap_12h_around_low,graded,18.2,6.667,3978.133,1.0111,0.4073,1.6343,0.9985,15
union,gap_12h_around_low,proposed,0.267,6.667,3959.267,0.0148,0.0037,0.0296,0.9985,15
union,gap_24h_around_low,naive,211.0,9.0,4292.267,11.7222,7.384,17.189,0.998,15
union,gap_24h_around_low,binary_gap_gate,17.067,128.4,3773.6,0.9481,0.3406,1.5001,0.998,15
union,gap_24h_around_low,graded,18.067,10.467,3973.333,1.0037,0.3926,1.7261,0.998,15
union,gap_24h_around_low,proposed,0.067,10.467,3954.333,0.0037,0.0,0.0111,0.998,15
union,gap_48h_around_low,naive,210.267,17.467,4285.8,11.6815,7.8062,17.005,0.9956,15
union,gap_48h_around_low,binary_gap_gate,16.933,135.933,3768.067,0.9407,0.3924,1.6816,0.9956,15
union,gap_48h_around_low,graded,17.933,18.733,3967.467,0.9963,0.4435,1.7112,0.9956,15
union,gap_48h_around_low,proposed,0.2,18.733,3948.733,0.0111,0.0,0.0259,0.9956,15
union,gap_24h_high_to_low,naive,210.933,7.533,4293.667,11.7185,7.3232,16.7606,0.9982,15
union,gap_24h_high_to_low,binary_gap_gate,17.0,125.933,3775.2,0.9444,0.3406,1.6111,0.9982,15
union,gap_24h_high_to_low,graded,18.0,8.6,3974.667,1.0,0.3888,1.6122,0.9982,15
union,gap_24h_high_to_low,proposed,0.067,8.6,3955.733,0.0037,0.0,0.0111,0.9982,15
union,gap_24h_around_low,naive,210.933,7.8,4292.667,11.7185,7.0534,16.836,0.9981,15
union,gap_24h_around_low,binary_gap_gate,17.0,126.267,3774.6,0.9444,0.3888,1.6631,0.9981,15
union,gap_24h_around_low,graded,18.0,9.133,3973.733,1.0,0.436,1.7149,0.9981,15
union,gap_24h_around_low,proposed,0.067,9.133,3954.8,0.0037,0.0,0.0111,0.9981,15
union,gap_24h_low_to_high,naive,210.933,8.2,4292.8,11.7185,7.2727,16.8201,0.9981,15
union,gap_24h_low_to_high,binary_gap_gate,17.0,126.667,3774.533,0.9444,0.4444,1.6667,0.9981,15
union,gap_24h_low_to_high,graded,18.0,9.2,3973.8,1.0,0.3889,1.6667,0.9981,15
union,gap_24h_low_to_high,proposed,0.0,9.2,3954.8,0.0,0.0,0.0,0.9981,15
union,gap_24h_after_end,naive,213.533,7.467,4298.267,11.863,7.0534,17.7938,0.998,15
union,gap_24h_after_end,binary_gap_gate,16.933,129.333,3772.6,0.9407,0.3406,1.5568,0.998,15
union,gap_24h_after_end,graded,18.0,11.6,3972.133,1.0,0.3849,1.6631,0.998,15
union,gap_24h_after_end,proposed,0.133,11.6,3953.267,0.0074,0.0,0.0185,0.998,15
union,gap_24h_around_deadline,naive,211.4,4.4,4300.733,11.7444,7.3437,16.7817,0.999,15
union,gap_24h_around_deadline,binary_gap_gate,17.2,122.467,3781.867,0.9556,0.388,1.6185,0.999,15
union,gap_24h_around_deadline,graded,18.2,5.267,3981.333,1.0111,0.4037,1.7828,0.999,15
union,gap_24h_around_deadline,proposed,0.2,5.267,3962.333,0.0111,0.0,0.0296,0.999,15
union,truncate_168h,naive,191.0,0.0,4287.0,10.6111,6.0,16.5583,0.9956,15
union,truncate_168h,binary_gap_gate,2.0,119.0,3773.0,0.1111,0.0,0.2778,0.9956,15
union,truncate_168h,graded,2.0,0.0,3973.0,0.1111,0.0,0.2778,0.9956,15
union,truncate_168h,proposed,0.0,13.0,3958.0,0.0,0.0,0.0,0.9956,15
union,truncate_336h,naive,188.0,10.0,4274.0,10.4444,5.9417,15.8903,0.9913,15
union,truncate_336h,binary_gap_gate,1.0,127.0,3764.0,0.0556,0.0,0.1667,0.9913,15
union,truncate_336h,graded,1.0,10.0,3962.0,0.0556,0.0,0.1667,0.9913,15
union,truncate_336h,proposed,0.0,29.0,3942.0,0.0,0.0,0.0,0.9913,15
union,sleepgaps_fleet,naive,188.0,948.533,2822.4,10.4444,6.4356,14.3674,0.769,15
union,sleepgaps_fleet,binary_gap_gate,32.867,1148.4,2372.533,1.8259,1.3331,2.3779,0.769,15
union,sleepgaps_fleet,graded,37.067,1038.0,2514.333,2.0593,1.4701,2.704,0.769,15
union,sleepgaps_fleet,proposed,26.8,1038.2,2503.4,1.4889,1.0738,1.9154,0.769,15
