detector,retention_days,response_window_h,gap_config,recall,duplicate_rate,resolvable_rate,response_agreement,no_response_mae,storage_ratio
stateful,7,24,graded,1.0,0.0,1.0,1.0,0.0,0.0417
stateful,7,24,ok_only,1.0,0.0,1.0,1.0,0.0,0.0417
stateful,7,72,graded,1.0,0.0,1.0,1.0,0.0,0.0417
stateful,7,72,ok_only,1.0,0.0,1.0,1.0,0.0,0.0417
stateful,7,168,graded,1.0,0.0,1.0,1.0,0.0,0.0417
stateful,7,168,ok_only,1.0,0.0,1.0,1.0,0.0,0.0417
stateful,14,24,graded,1.0,0.0,1.0,1.0,0.0,0.08219999999999998
stateful,14,24,ok_only,1.0,0.0,1.0,1.0,0.0,0.08219999999999998
stateful,14,72,graded,1.0,0.0,1.0,1.0,0.0,0.08219999999999998
stateful,14,72,ok_only,1.0,0.0,1.0,1.0,0.0,0.08219999999999998
stateful,14,168,graded,1.0,0.0,1.0,1.0,0.0,0.08219999999999998
stateful,14,168,ok_only,1.0,0.0,1.0,1.0,0.0,0.08219999999999998
stateful,21,24,graded,1.0,0.0,1.0,1.0,0.0,0.1227
stateful,21,24,ok_only,1.0,0.0,1.0,1.0,0.0,0.1227
stateful,21,72,graded,1.0,0.0,1.0,1.0,0.0,0.1227
stateful,21,72,ok_only,1.0,0.0,1.0,1.0,0.0,0.1227
stateful,21,168,graded,1.0,0.0,1.0,1.0,0.0,0.1227
stateful,21,168,ok_only,1.0,0.0,1.0,1.0,0.0,0.1227
stateful,30,24,graded,1.0,0.0,1.0,1.0,0.0,0.1747
stateful,30,24,ok_only,1.0,0.0,1.0,1.0,0.0,0.1747
stateful,30,72,graded,1.0,0.0,1.0,1.0,0.0,0.1747
stateful,30,72,ok_only,1.0,0.0,1.0,1.0,0.0,0.1747
stateful,30,168,graded,1.0,0.0,1.0,1.0,0.0,0.1747
stateful,30,168,ok_only,1.0,0.0,1.0,1.0,0.0,0.1747
stateful,45,24,graded,1.0,0.0,1.0,1.0,0.0,0.2614
stateful,45,24,ok_only,1.0,0.0,1.0,1.0,0.0,0.2614
stateful,45,72,graded,1.0,0.0,1.0,1.0,0.0,0.2614
stateful,45,72,ok_only,1.0,0.0,1.0,1.0,0.0,0.2614
stateful,45,168,graded,1.0,0.0,1.0,1.0,0.0,0.2614
stateful,45,168,ok_only,1.0,0.0,1.0,1.0,0.0,0.2614
stateful,60,24,graded,1.0,0.0,1.0,1.0,0.0,0.3482
stateful,60,24,ok_only,1.0,0.0,1.0,1.0,0.0,0.3482
stateful,60,72,graded,1.0,0.0,1.0,1.0,0.0,0.3482
stateful,60,72,ok_only,1.0,0.0,1.0,1.0,0.0,0.3482
stateful,60,168,graded,1.0,0.0,1.0,1.0,0.0,0.3482
stateful,60,168,ok_only,1.0,0.0,1.0,1.0,0.0,0.3482
stateful,90,24,graded,1.0,0.0,1.0,1.0,0.0,0.5217
stateful,90,24,ok_only,1.0,0.0,1.0,1.0,0.0,0.5217
stateful,90,72,graded,1.0,0.0,1.0,1.0,0.0,0.5217
stateful,90,72,ok_only,1.0,0.0,1.0,1.0,0.0,0.5217
stateful,90,168,graded,1.0,0.0,1.0,1.0,0.0,0.5217
stateful,90,168,ok_only,1.0,0.0,1.0,1.0,0.0,0.5217
stateless,7,24,graded,0.9740285714285715,2.8602357142857144,0.9012,0.9033928571428572,2.6096357142857145,0.0405
stateless,7,24,ok_only,0.9824,2.8850857142857143,0.9096214285714286,0.9118285714285713,2.2981928571428574,0.0405
stateless,7,72,graded,0.9740285714285715,2.8602357142857144,0.7557285714285714,0.7614142857142857,6.828200000000001,0.0405
stateless,7,72,ok_only,0.9824,2.8850857142857143,0.7647642857142857,0.770507142857143,6.282164285714286,0.0405
stateless,7,168,graded,0.9740285714285715,2.8602357142857144,0.0,0.010607142857142857,29.402000000000005,0.0405
stateless,7,168,ok_only,0.9824,2.8850857142857143,0.0,0.010842857142857142,27.8719,0.0405
stateless,14,24,graded,0.9909928571428572,6.717149999999999,0.9875642857142858,0.989792857142857,0.08202857142857144,0.081
stateless,14,24,ok_only,0.9936214285714285,6.758014285714286,0.99055,0.99275,0.014442857142857143,0.081
stateless,14,72,graded,0.9909928571428572,6.717149999999999,0.98095,0.98665,0.12237142857142858,0.081
stateless,14,72,ok_only,0.9936214285714285,6.758014285714286,0.9845714285714285,0.9903214285714286,0.04045,0.081
stateless,14,168,graded,0.9909928571428572,6.717149999999999,0.9534357142857143,0.9641428571428571,0.6675714285714286,0.081
stateless,14,168,ok_only,0.9936214285714285,6.758014285714286,0.9616071428571429,0.9724285714285715,0.46404285714285715,0.081
stateless,21,24,graded,0.9925785714285714,10.51095,0.9894785714285714,0.9917071428571429,0.050749999999999997,0.1214
stateless,21,24,ok_only,0.9939714285714285,10.559421428571428,0.9909928571428571,0.9931928571428571,0.009171428571428572,0.1214
stateless,21,72,graded,0.9925785714285714,10.51095,0.9833857142857143,0.9891214285714286,0.08192857142857143,0.1214
stateless,21,72,ok_only,0.9939714285714285,10.559421428571428,0.9851285714285715,0.9908857142857143,0.034114285714285715,0.1214
stateless,21,168,graded,0.9925785714285714,10.51095,0.9699857142857143,0.9807357142857143,0.23890714285714285,0.1214
stateless,21,168,ok_only,0.9939714285714285,10.559421428571428,0.9725785714285714,0.9834285714285714,0.17136428571428572,0.1214
stateless,30,24,graded,0.9934000000000001,15.274935714285714,0.9904142857142857,0.9926214285714285,0.029221428571428572,0.1735
stateless,30,24,ok_only,0.9941571428571429,15.330250000000001,0.9911857142857142,0.9933928571428572,0.0056357142857142856,0.1735
stateless,30,72,graded,0.9934000000000001,15.274935714285714,0.9845071428571428,0.9902142857142857,0.05814285714285714,0.1735
stateless,30,72,ok_only,0.9941571428571429,15.330250000000001,0.9854285714285714,0.9911642857142857,0.029614285714285715,0.1735
stateless,30,168,graded,0.9934000000000001,15.274935714285714,0.9718214285714285,0.9825214285714285,0.20597142857142856,0.1735
stateless,30,168,ok_only,0.9941571428571429,15.330250000000001,0.9729714285714285,0.9838071428571428,0.16605714285714288,0.1735
stateless,45,24,graded,0.9937928571428571,22.95055,0.9908285714285714,0.9930214285714286,0.017907142857142854,0.2602
stateless,45,24,ok_only,0.9942285714285715,23.013892857142856,0.9912714285714286,0.9934714285714286,0.0032214285714285717,0.2602
stateless,45,72,graded,0.9937928571428571,22.95055,0.985107142857143,0.9908071428571429,0.04137142857142857,0.2602
stateless,45,72,ok_only,0.9942285714285715,23.013892857142856,0.9855142857142857,0.99125,0.0262,0.2602
stateless,45,168,graded,0.9937928571428571,22.95055,0.9726785714285714,0.9834071428571428,0.1829,0.2602
stateless,45,168,ok_only,0.9942285714285715,23.013892857142856,0.9731857142857143,0.9839785714285714,0.16134285714285715,0.2602
stateless,60,24,graded,0.9938857142857144,30.29605714285714,0.9909214285714285,0.9931428571428571,0.0137,0.347
stateless,60,24,ok_only,0.9942285714285715,30.369471428571426,0.9912714285714286,0.9934714285714286,0.0032214285714285717,0.347
stateless,60,72,graded,0.9938857142857144,30.29605714285714,0.9851928571428571,0.9909214285714285,0.037578571428571426,0.347
stateless,60,72,ok_only,0.9942285714285715,30.369471428571426,0.9855142857142857,0.99125,0.0262,0.347
stateless,60,168,graded,0.9938857142857144,30.29605714285714,0.9727785714285714,0.9835,0.17949285714285715,0.347
stateless,60,168,ok_only,0.9942285714285715,30.369471428571426,0.9731928571428572,0.9839857142857144,0.16102857142857144,0.347
stateless,90,24,graded,0.9940428571428571,44.08451428571429,0.9910785714285714,0.9933,0.006585714285714286,0.5205
stateless,90,24,ok_only,0.9942285714285715,44.17857857142857,0.9912714285714286,0.9934714285714286,0.0032214285714285717,0.5205
stateless,90,72,graded,0.9940428571428571,44.08451428571429,0.9853857142857143,0.9910785714285714,0.03027142857142857,0.5205
stateless,90,72,ok_only,0.9942285714285715,44.17857857142857,0.9855142857142857,0.99125,0.0262,0.5205
stateless,90,168,graded,0.9940428571428571,44.08451428571429,0.9729571428571429,0.983692857142857,0.17177142857142855,0.5205
stateless,90,168,ok_only,0.9942285714285715,44.17857857142857,0.9731928571428572,0.9839857142857144,0.16102857142857144,0.5205
