regime,detector,mean_false_no_response,mean_missed_no_response,false_per_user_point,false_per_user_ci_lo,false_per_user_ci_hi,mean_episode_recovery,n_replicates
mcar_5pct,naive,656.433,12.383,18.7552,10.4352,26.5206,0.9917,60
mcar_5pct,binary_gap_gate,7.033,538.45,0.201,0.0821,0.3687,0.9917,60
mcar_5pct,graded,10.5,21.983,0.3,0.1556,0.4534,0.9917,60
mcar_5pct,proposed,1.65,21.983,0.0471,0.0281,0.0691,0.9917,60
mcar_10pct,naive,650.083,24.433,18.5738,11.8461,27.1286,0.9829,60
mcar_10pct,binary_gap_gate,7.617,568.4,0.2176,0.0819,0.3638,0.9829,60
mcar_10pct,graded,11.867,43.617,0.339,0.1723,0.5072,0.9829,60
mcar_10pct,proposed,3.183,43.617,0.091,0.0552,0.1281,0.9829,60
mcar_20pct,naive,634.1,59.65,18.1171,11.2266,25.6171,0.9604,60
mcar_20pct,binary_gap_gate,8.967,634.417,0.2562,0.1337,0.4196,0.9604,60
mcar_20pct,graded,14.467,103.633,0.4133,0.2418,0.5881,0.9604,60
mcar_20pct,proposed,6.217,103.633,0.1776,0.1057,0.26,0.9604,60
mcar_30pct,naive,611.85,102.217,17.4814,10.9866,24.2316,0.9302,60
mcar_30pct,binary_gap_gate,10.667,715.65,0.3048,0.167,0.5005,0.9302,60
mcar_30pct,graded,18.183,175.55,0.5195,0.3342,0.692,0.9302,60
mcar_30pct,proposed,10.3,175.55,0.2943,0.1843,0.411,0.9302,60
mcar_50pct,naive,551.233,231.3,15.7495,9.8045,23.087,0.8435,60
mcar_50pct,binary_gap_gate,11.4,911.617,0.3257,0.1861,0.4782,0.8435,60
mcar_50pct,graded,24.133,386.683,0.6895,0.4838,0.9022,0.8435,60
mcar_50pct,proposed,17.1,386.683,0.4886,0.3332,0.6631,0.8435,60
gap_3h_around_low,naive,659.833,5.1,18.8524,11.7747,26.5592,0.9963,60
gap_3h_around_low,binary_gap_gate,5.967,516.867,0.1705,0.0286,0.3133,0.9963,60
gap_3h_around_low,graded,9.067,7.55,0.259,0.119,0.4548,0.9963,60
gap_3h_around_low,proposed,0.117,7.55,0.0033,0.0,0.0086,0.9963,60
gap_6h_around_low,naive,660.683,5.1,18.8767,11.734,27.364,0.9962,60
gap_6h_around_low,binary_gap_gate,6.05,517.917,0.1729,0.059,0.3414,0.9962,60
gap_6h_around_low,graded,9.25,7.817,0.2643,0.1205,0.4343,0.9962,60
gap_6h_around_low,proposed,0.283,7.817,0.0081,0.0029,0.0133,0.9962,60
gap_12h_around_low,naive,660.5,6.9,18.8714,12.3847,26.9545,0.9952,60
gap_12h_around_low,binary_gap_gate,6.233,521.817,0.1781,0.0595,0.3491,0.9952,60
gap_12h_around_low,graded,9.533,10.933,0.2724,0.1243,0.4425,0.9952,60
gap_12h_around_low,proposed,0.617,10.933,0.0176,0.009,0.0262,0.9952,60
gap_24h_around_low,naive,660.717,9.75,18.8776,12.3901,26.9821,0.9935,60
gap_24h_around_low,binary_gap_gate,6.417,524.133,0.1833,0.0634,0.351,0.9935,60
gap_24h_around_low,graded,9.883,21.617,0.2824,0.1351,0.4393,0.9935,60
gap_24h_around_low,proposed,1.017,21.617,0.029,0.0181,0.0419,0.9935,60
gap_48h_around_low,naive,661.767,16.067,18.9076,11.9159,28.1132,0.9887,60
gap_48h_around_low,binary_gap_gate,7.033,527.983,0.201,0.0838,0.3763,0.9887,60
gap_48h_around_low,graded,11.2,26.583,0.32,0.1819,0.4925,0.9887,60
gap_48h_around_low,proposed,2.417,26.583,0.069,0.0481,0.0991,0.9887,60
gap_24h_high_to_low,naive,662.7,3.617,18.9343,12.1348,26.7978,0.9976,60
gap_24h_high_to_low,binary_gap_gate,6.067,520.417,0.1733,0.031,0.3167,0.9976,60
gap_24h_high_to_low,graded,9.167,15.583,0.2619,0.0914,0.4296,0.9976,60
gap_24h_high_to_low,proposed,0.283,15.583,0.0081,0.0038,0.0129,0.9976,60
gap_24h_around_low,naive,660.65,9.775,18.8738,11.6332,27.3089,0.9935,60
gap_24h_around_low,binary_gap_gate,6.392,524.017,0.1819,0.0643,0.3287,0.9935,60
gap_24h_around_low,graded,9.808,21.333,0.2781,0.1281,0.4567,0.9935,60
gap_24h_around_low,proposed,0.95,21.333,0.0252,0.0148,0.0391,0.9935,60
gap_24h_low_to_high,naive,660.217,11.233,18.8633,11.4896,27.1903,0.9931,60
gap_24h_low_to_high,binary_gap_gate,6.1,525.267,0.1743,0.059,0.3368,0.9931,60
gap_24h_low_to_high,graded,9.35,23.083,0.2671,0.1266,0.4596,0.9931,60
gap_24h_low_to_high,proposed,0.55,23.083,0.0157,0.009,0.0243,0.9931,60
gap_24h_after_end,naive,667.933,12.1,19.0838,11.2319,27.0129,0.9918,60
gap_24h_after_end,binary_gap_gate,6.483,522.383,0.1852,0.0429,0.3862,0.9918,60
gap_24h_after_end,graded,10.1,18.267,0.2886,0.1422,0.4444,0.9918,60
gap_24h_after_end,proposed,1.217,18.267,0.0348,0.0243,0.0457,0.9918,60
gap_24h_around_deadline,naive,664.383,2.717,18.9824,12.1572,27.1105,0.9984,60
gap_24h_around_deadline,binary_gap_gate,6.483,514.917,0.1852,0.0485,0.366,0.9984,60
gap_24h_around_deadline,graded,10.183,9.833,0.291,0.1514,0.4839,0.9984,60
gap_24h_around_deadline,proposed,1.45,9.833,0.0414,0.0276,0.0543,0.9984,60
truncate_72h,naive,648.0,0.0,18.5143,10.9136,27.0929,0.9933,60
truncate_72h,binary_gap_gate,1.0,510.0,0.0286,0.0,0.0857,0.9933,60
truncate_72h,graded,1.0,0.0,0.0286,0.0,0.0857,0.9933,60
truncate_72h,proposed,0.0,8.0,0.0,0.0,0.0,0.9933,60
truncate_168h,naive,647.0,7.0,18.4857,11.4257,27.23,0.9875,60
truncate_168h,binary_gap_gate,0.0,514.0,0.0,0.0,0.0,0.9875,60
truncate_168h,graded,0.0,7.0,0.0,0.0,0.0,0.9875,60
truncate_168h,proposed,0.0,11.0,0.0,0.0,0.0,0.9875,60
sleepgaps_fleet,naive,561.617,361.0,16.0462,10.6341,22.5957,0.7601,60
sleepgaps_fleet,binary_gap_gate,14.033,986.75,0.401,0.259,0.5402,0.7601,60
sleepgaps_fleet,graded,31.683,662.2,0.9052,0.6685,1.1697,0.7601,60
sleepgaps_fleet,proposed,26.45,662.2,0.7557,0.5599,0.9568,0.7601,60
