anchor,delay_h
start,10.726111111111111
start,0.5
start,15.913333333333334
start,9.000277777777777
start,146.7488888888889
start,14.355277777777777
start,154.87944444444443
start,9.788611111111111
start,61.99472222222222
start,60.39083333333333
start,45.03388888888889
start,31.290555555555557
start,8.976944444444445
start,15.982777777777779
start,59.080555555555556
start,12.216666666666667
start,73.25138888888888
start,23.98472222222222
start,24.82777777777778
start,95.8175
start,10.74638888888889
start,16.377222222222223
start,24.68027777777778
start,0.0
start,4.549722222222222
start,25.948611111111113
start,7.4158333333333335
start,23.345
start,13.297777777777778
start,19.1975
start,24.494444444444444
start,1.0
start,20.213055555555556
start,66.59277777777778
start,133.6825
start,0.0
start,5.164722222222222
start,25.739722222222223
start,0.0
start,107.10583333333334
start,0.0
start,95.50333333333333
start,0.0
start,133.2838888888889
start,121.7838888888889
start,21.444166666666668
start,38.675
start,15.001111111111111
start,0.0
start,0.0
start,94.82638888888889
start,147.09833333333333
start,27.68611111111111
start,132.44333333333333
start,144.51416666666665
start,8.099444444444444
start,118.78166666666667
start,70.2063888888889
start,1.0
start,4.296666666666667
start,124.46305555555556
start,31.195833333333333
start,126.12277777777778
start,54.9125
start,28.975
start,21.558611111111112
start,3.5475
start,90.57888888888888
start,55.3525
start,1.0
start,68.86694444444444
start,25.780833333333334
start,31.34
start,5.780555555555556
start,27.47277777777778
start,19.61777777777778
start,76.42805555555556
start,6.289722222222222
start,0.8308333333333333
start,42.8775
start,52.99777777777778
start,133.74805555555557
start,128.6952777777778
start,3.4252777777777776
start,21.627777777777776
start,96.06388888888888
start,0.0
start,149.15444444444444
start,164.20055555555555
start,87.46138888888889
start,71.54638888888888
start,42.44416666666667
start,37.908611111111114
start,4.442222222222222
start,92.99944444444445
start,4.200555555555556
start,13.055555555555555
start,50.1175
start,20.256944444444443
start,57.315555555555555
start,26.46611111111111
start,0.0
start,27.270833333333332
start,76.11916666666667
start,13.716944444444444
start,18.974166666666665
start,42.59
start,27.11
start,2.035833333333333
start,38.48722222222222
start,14.611944444444445
start,55.24777777777778
start,7.949166666666667
start,20.139722222222222
start,71.54305555555555
start,108.42722222222223
start,2.0
start,28.6625
start,1.7905555555555555
start,3.215
start,15.286666666666667
start,5.0425
start,4.301388888888889
start,3.2325
start,3.283333333333333
start,154.10166666666666
start,0.18166666666666667
start,115.58805555555556
start,7.8886111111111115
start,61.25527777777778
start,16.706666666666667
start,3.5641666666666665
start,0.0
start,138.87694444444443
start,93.4525
start,6.9286111111111115
start,10.065
start,163.00027777777777
start,21.4575
start,25.310833333333335
start,38.24861111111111
start,14.799166666666666
start,98.3086111111111
start,92.60166666666667
start,42.05555555555556
start,19.49888888888889
start,46.37
start,44.276944444444446
start,21.59
start,0.0
start,2.4994444444444444
start,12.851111111111111
start,29.389444444444443
start,22.913333333333334
start,15.79861111111111
start,0.39555555555555555
start,23.8625
start,9.341666666666667
start,119.40583333333333
start,23.8625
start,9.341666666666667
start,119.40583333333333
start,28.356666666666666
start,102.46888888888888
start,27.078611111111112
start,53.613055555555555
start,24.415277777777778
start,0.0
start,5.693611111111111
start,0.0
start,0.0
start,25.502222222222223
start,10.838611111111112
start,7.863888888888889
start,8.48
start,2.8675
start,0.8297222222222222
start,6.864166666666667
start,17.26888888888889
start,0.0
start,46.42055555555555
start,0.6194444444444445
start,21.238888888888887
start,5.990555555555556
start,12.203888888888889
start,15.430555555555555
start,0.0
start,117.6288888888889
start,68.47638888888889
start,13.660833333333333
start,6.0761111111111115
start,136.91
start,113.22416666666666
start,93.8536111111111
start,27.688333333333333
start,52.12277777777778
start,29.493055555555557
start,13.743055555555555
start,145.09916666666666
start,34.49611111111111
start,152.72583333333333
start,79.68805555555555
start,6.029166666666667
start,0.0
start,10.296944444444444
start,2.098888888888889
start,22.275
start,0.9738888888888889
start,1.4480555555555557
start,1.8383333333333334
start,2.9855555555555555
start,1.0
start,14.335
start,5.135555555555555
start,26.259722222222223
start,9.553055555555556
start,8.891111111111112
start,1.5
start,1.5
start,49.105555555555554
start,7.6338888888888885
start,7.587777777777778
start,6.560277777777777
start,0.0
start,14.328611111111112
start,46.79138888888889
start,20.99222222222222
start,1.0
start,1.0
start,0.8966666666666666
start,0.9969444444444444
start,0.4975
start,123.24222222222222
start,1.0
start,1.0005555555555556
start,4.224166666666667
start,1.0002777777777778
start,6.107222222222222
start,1.7791666666666666
start,4.826666666666667
start,0.5
start,1.0
start,1.0
start,24.3625
start,125.2975
start,1.0
start,1.0
start,1.03
start,14.172222222222222
start,12.082222222222223
start,34.74444444444445
start,161.48583333333335
start,139.34777777777776
start,117.60055555555556
start,97.22916666666667
start,92.22916666666667
start,0.0
start,166.29611111111112
start,46.44555555555556
start,0.6138888888888889
start,1.0
start,6.769166666666667
start,72.28083333333333
start,9.575833333333334
start,117.03083333333333
start,1.0002777777777778
start,8.317222222222222
start,19.578611111111112
start,1.0
start,0.0
start,14.962777777777777
start,139.35555555555555
start,25.530277777777776
start,0.5002777777777778
start,21.51888888888889
start,18.673055555555557
start,0.0
start,99.03861111111111
start,75.3975
start,42.5
start,102.07805555555555
start,73.24888888888889
start,0.0
start,1.0
start,1.0
start,48.18055555555556
start,120.61722222222222
start,71.97805555555556
start,1.0
start,1.0
start,46.000277777777775
start,100.99722222222222
start,1.5
start,49.17944444444444
start,57.95611111111111
start,0.0
start,100.23027777777777
start,0.0
start,4.9783333333333335
start,17.52888888888889
start,88.86888888888889
start,6.0280555555555555
start,136.06916666666666
start,104.64444444444445
start,24.301388888888887
start,136.64277777777778
start,0.0
start,93.30916666666667
start,63.22472222222222
start,39.01583333333333
start,79.99027777777778
start,0.0
start,0.5
start,80.13027777777778
start,0.96
start,13.175
start,1.396388888888889
start,1.7233333333333334
start,12.137222222222222
start,0.0
start,15.245
start,21.370833333333334
start,9.02361111111111
start,18.282777777777778
start,1.0
start,5.681111111111111
start,0.0
start,28.756944444444443
start,23.246111111111112
start,1.0
start,118.99222222222222
start,34.69722222222222
start,5.000277777777778
start,19.753888888888888
start,0.0
start,5.779444444444445
start,21.09611111111111
start,10.81
start,21.545
start,21.96527777777778
start,18.619444444444444
start,4.251388888888889
start,0.0
start,1.798888888888889
start,0.0
start,71.85083333333333
start,1.6902777777777778
start,23.486666666666668
start,30.194444444444443
start,0.0
start,1.7777777777777777
start,57.58361111111111
start,3.2063888888888887
start,10.664444444444445
start,38.405277777777776
start,119.90722222222222
start,153.21944444444443
start,145.76222222222222
start,71.24027777777778
start,63.085277777777776
start,23.115833333333335
start,119.33333333333333
start,167.31
start,52.67527777777778
start,101.35722222222222
start,9.987222222222222
start,32.5
start,40.000277777777775
start,15.000277777777777
start,22.0
start,14.500277777777777
start,6.648055555555556
start,7.208333333333333
start,74.41666666666667
start,16.87388888888889
start,3.0830555555555557
start,21.872777777777777
start,0.8341666666666666
start,15.288333333333334
start,10.927222222222222
start,15.691944444444445
start,45.249722222222225
start,32.22361111111111
start,149.2075
start,37.24472222222222
start,13.0
start,24.442777777777778
start,17.15972222222222
start,32.967777777777776
start,84.49722222222222
start,17.99888888888889
start,0.5
start,87.68861111111111
start,161.90694444444443
start,19.63361111111111
start,25.68888888888889
start,160.68777777777777
start,48.635
start,18.43
start,0.0
start,18.95777777777778
start,6.625277777777778
start,124.8675
start,0.0
start,1.0
start,41.06861111111111
start,60.749722222222225
start,47.77305555555556
start,5.696944444444444
start,47.04527777777778
start,10.287777777777778
start,9.154722222222222
start,64.99972222222222
start,59.20777777777778
start,46.95472222222222
start,16.92972222222222
start,0.0
start,5.295555555555556
start,0.5
start,20.0125
start,129.16472222222222
start,1.5
start,131.03277777777777
start,1.0
start,1.0
start,24.438055555555554
start,1.0
start,1.5
start,0.6511111111111111
start,7.21
start,1.5277777777777777
start,2.852777777777778
start,1.0
start,2.3119444444444444
start,7.5
start,4.5
start,26.310833333333335
start,1.6397222222222223
start,18.113333333333333
start,13.951666666666666
start,1.0
start,29.823611111111113
start,5.995
start,17.854444444444443
start,16.676111111111112
start,29.1125
start,11.998888888888889
start,16.553333333333335
start,1.0922222222222222
start,0.0
start,80.01944444444445
start,31.520555555555557
start,0.0
start,4.373333333333333
start,0.0
start,4.052222222222222
start,0.0
start,46.01888888888889
start,0.0
start,75.63361111111111
start,28.4575
start,75.4575
start,25.866666666666667
start,0.0
start,23.691944444444445
start,0.0
start,2.4444444444444446
start,14.419444444444444
start,0.0
start,0.0
start,135.59666666666666
start,19.42222222222222
start,93.77972222222222
start,76.68833333333333
start,12.136111111111111
start,0.0
start,0.0
start,12.41638888888889
start,0.0
start,2.911388888888889
start,33.56388888888889
start,0.0
start,43.12305555555555
start,1.0
start,167.98333333333332
start,142.40527777777777
start,1.326111111111111
start,14.301111111111112
start,1.0
start,22.835277777777776
start,0.0
start,5.162222222222222
start,1.7622222222222221
start,98.1061111111111
start,0.0
start,20.587222222222223
start,0.5
start,26.411944444444444
start,24.47138888888889
start,0.5
start,39.867777777777775
start,159.86916666666667
start,5.000277777777778
start,71.53361111111111
start,59.655277777777776
start,35.88194444444444
start,0.0
start,0.0
start,120.44694444444444
start,0.0
start,0.5
start,4.5
start,0.5
start,0.0
start,0.0
start,1.0
start,142.43944444444443
start,0.0
start,41.069722222222225
start,90.16555555555556
start,26.934166666666666
start,0.0
start,141.6025
start,0.0
start,84.33777777777777
start,20.44388888888889
start,59.6775
start,0.0
start,22.075833333333332
start,1.0
start,0.0
start,2.7869444444444444
start,16.898611111111112
start,15.884166666666667
start,31.862222222222222
start,34.32416666666666
start,9.958333333333334
start,12.760833333333334
start,10.78
start,157.08416666666668
start,31.516666666666666
start,7.646944444444444
start,132.2875
start,129.21083333333334
start,33.20444444444445
start,138.9272222222222
start,70.67583333333333
start,86.96111111111111
start,69.72277777777778
start,13.5625
start,1.0
start,1.0
start,119.20972222222223
start,26.7275
start,1.0
start,0.9697222222222223
start,25.447222222222223
start,0.0
start,1.0
start,0.0
start,1.0
start,1.0172222222222222
start,3.231388888888889
start,1.4347222222222222
start,8.5
start,2.5505555555555555
start,2.0
start,0.5
start,136.00861111111112
start,1.0
start,20.334722222222222
start,0.5
start,1.0
start,31.125833333333333
start,16.74972222222222
start,3.0
start,7.9494444444444445
start,1.0
start,30.82111111111111
start,2.5
start,4.0
start,1.193888888888889
start,5.7316666666666665
start,0.0
start,1.0
start,142.12305555555557
start,40.548611111111114
start,141.9311111111111
start,18.48138888888889
start,14.265555555555556
start,1.0
start,35.80861111111111
start,0.0
start,0.0
start,137.09833333333333
start,22.68777777777778
start,167.76
start,33.20944444444444
start,1.8947222222222222
start,17.95888888888889
start,20.441388888888888
start,39.61638888888889
start,37.55388888888889
start,93.74
start,164.5222222222222
start,48.606944444444444
start,1.0
start,27.980555555555554
start,96.62083333333334
start,0.0
start,3.9788888888888887
start,3.9558333333333335
start,11.839166666666667
start,70.70388888888888
start,0.0
start,1.0
start,3.9277777777777776
start,20.075
start,8.008333333333333
start,0.0
start,4.8277777777777775
start,4.495555555555556
start,0.5
start,28.313055555555554
start,21.877777777777776
start,1.0
start,65.1375
start,57.94138888888889
start,28.94361111111111
start,82.93527777777778
start,119.50305555555556
start,93.07166666666667
start,17.669722222222223
start,64.94388888888889
start,162.49388888888888
start,134.58944444444444
start,123.57527777777777
start,0.0
start,81.85277777777777
start,0.0
start,39.666111111111114
start,115.26166666666667
start,23.919722222222223
start,24.18722222222222
start,15.2575
start,101.67861111111111
start,43.39222222222222
start,142.83444444444444
start,30.11777777777778
start,111.73333333333333
start,164.39055555555555
start,0.0
start,0.0
start,3.0
start,34.8125
start,5.860555555555556
start,51.17861111111111
start,19.58861111111111
start,23.52722222222222
start,3.887777777777778
start,20.961666666666666
start,3.101111111111111
start,0.0
start,19.241666666666667
start,15.241666666666667
start,0.0
start,5.0
start,68.38638888888889
start,71.56722222222223
start,8.284722222222221
start,97.6661111111111
start,6.759166666666666
start,11.435277777777777
start,12.528611111111111
start,119.97777777777777
start,19.926666666666666
start,119.69
start,94.55638888888889
start,35.87916666666667
start,8.604444444444445
start,21.39472222222222
start,23.370833333333334
start,0.9216666666666666
start,6.213055555555556
start,165.76583333333335
start,65.19305555555556
start,30.72833333333333
start,78.47527777777778
start,149.1
start,108.01361111111112
start,64.38277777777778
start,40.30694444444445
start,0.0
start,94.53527777777778
start,47.36527777777778
start,76.14722222222223
start,0.9686111111111111
start,34.17805555555555
start,43.49527777777778
start,0.0
start,4.301388888888889
start,8.338611111111112
start,3.528611111111111
start,42.941944444444445
start,33.649166666666666
start,17.608055555555556
start,0.0
start,1.9705555555555556
start,0.0
start,24.025833333333335
start,14.1
start,47.074444444444445
start,0.0
start,78.93638888888889
start,56.41027777777778
start,26.110277777777778
start,30.679166666666667
start,12.078333333333333
start,101.91083333333333
start,3.821111111111111
start,1.0
start,25.358055555555556
start,1.0
start,163.90777777777777
start,1.2333333333333334
start,56.77638888888889
start,162.64944444444444
start,42.83416666666667
start,0.0
start,0.0
start,28.538055555555555
start,6.0055555555555555
start,166.9036111111111
start,29.37388888888889
start,31.228055555555557
start,14.86138888888889
start,149.02194444444444
start,71.9325
start,61.10666666666667
start,71.87666666666667
start,31.517777777777777
start,46.24777777777778
start,82.90416666666667
start,21.6925
start,97.31944444444444
start,6.135833333333333
start,86.60166666666667
start,116.32111111111111
start,111.18416666666667
start,20.39
start,12.331666666666667
start,38.06111111111111
start,0.0
start,38.15638888888889
start,112.91388888888889
start,16.525277777777777
start,29.531388888888888
start,26.964444444444446
start,120.38027777777778
start,96.67138888888888
start,9.131666666666666
start,1.5
start,6.566666666666666
start,1.0
start,1.0
start,18.948888888888888
start,12.369722222222222
start,15.905555555555555
start,13.774722222222222
start,43.169444444444444
start,18.270833333333332
start,0.0
start,6.597777777777778
start,0.0
start,2.737222222222222
start,16.587222222222223
start,27.96638888888889
start,139.76388888888889
start,116.03333333333333
start,73.85222222222222
start,32.05166666666667
start,0.6933333333333334
start,12.891111111111112
start,94.28055555555555
start,73.1775
start,0.0
start,86.30666666666667
start,59.13805555555555
start,45.73305555555555
start,38.50388888888889
start,21.233055555555556
start,4.5
start,98.91694444444444
start,15.397222222222222
start,0.5
start,7.778333333333333
start,4.671111111111111
start,1.6630555555555555
start,139.96555555555557
start,77.22027777777778
start,1.0
start,1.0172222222222222
start,3.231388888888889
start,1.4347222222222222
start,8.5
start,2.5505555555555555
start,2.0
start,0.5
start,136.00861111111112
start,1.0
start,20.334722222222222
start,0.5
start,1.0
start,31.125833333333333
start,16.74972222222222
start,3.0
start,7.9494444444444445
start,1.0
start,30.82111111111111
start,2.5
start,4.0
start,8.64638888888889
start,1.058888888888889
start,0.0
start,75.62638888888888
start,0.0
start,0.5
start,6.485555555555556
start,25.113333333333333
start,0.8091666666666667
start,46.82472222222222
start,10.880555555555556
start,90.755
start,160.13777777777779
start,1.0
start,144.4752777777778
start,117.18055555555556
start,5.6275
start,14.381944444444445
start,35.96388888888889
start,19.16
start,13.297222222222222
start,9.337222222222222
start,21.390555555555554
start,0.0
start,96.84027777777777
start,90.69833333333334
start,10.500277777777777
start,167.75805555555556
start,21.523611111111112
start,1.0
start,20.751944444444444
start,125.47833333333334
start,51.2475
start,19.38722222222222
start,1.5
start,17.110555555555557
start,1.5
start,158.1161111111111
start,9.286666666666667
start,6.0
start,6.5
start,8.590833333333334
start,50.3575
start,22.515833333333333
start,11.304722222222223
start,147.21694444444444
start,30.85611111111111
start,57.6025
start,68.84222222222222
start,95.37138888888889
start,10.4675
start,17.66777777777778
start,39.170833333333334
start,87.63416666666667
start,0.0
start,46.10638888888889
start,35.83
start,44.68388888888889
start,19.912777777777777
start,16.683333333333334
start,5.526111111111111
start,26.685277777777777
start,15.463888888888889
start,73.75583333333333
start,43.355555555555554
start,39.65611111111111
start,31.400555555555556
start,0.0
start,42.666111111111114
start,15.495833333333334
start,29.691111111111113
start,0.0
start,0.0
start,4.994166666666667
start,82.43888888888888
start,50.57222222222222
start,1.0
start,2.5325
start,1.0
start,0.0
start,0.0
start,73.72555555555556
start,53.408611111111114
start,3.318611111111111
start,80.23138888888889
start,1.0
start,0.0
start,79.35444444444444
start,115.3
start,53.66361111111111
start,24.871388888888887
start,0.9272222222222222
start,0.5511111111111111
start,116.20861111111111
start,65.55027777777778
start,37.8825
start,60.90361111111111
start,33.41111111111111
start,0.8869444444444444
start,1.0
start,22.499166666666667
start,1.0
start,49.36805555555556
start,0.0
start,61.78333333333333
start,25.083055555555557
start,17.85527777777778
start,23.503611111111113
start,95.66722222222222
start,73.56055555555555
start,46.521388888888886
start,93.37416666666667
start,85.2863888888889
start,42.5175
start,1.0
start,0.0
start,85.38666666666667
start,0.0
start,27.34638888888889
start,26.577222222222222
start,0.0
start,17.299722222222222
start,46.40111111111111
start,21.5
start,47.0
start,1.0
start,24.519166666666667
start,1.0
start,42.39472222222222
start,20.89527777777778
start,16.788611111111113
start,1.0
start,118.085
start,0.0
start,132.02333333333334
start,125.49638888888889
start,11.243055555555555
start,1.0
start,24.189166666666665
start,17.432777777777776
start,17.44972222222222
start,16.876944444444444
start,120.46805555555555
start,15.832777777777778
start,46.18805555555556
start,7.951944444444444
start,13.9875
start,7.661944444444444
start,1.0252777777777777
start,1.2647222222222223
start,2.045
start,17.59777777777778
start,2.023888888888889
start,33.27638888888889
start,6.036666666666667
start,0.0
start,78.69777777777777
start,28.947777777777777
start,28.947777777777777
start,14.897222222222222
start,8.194722222222222
start,10.2075
start,146.84416666666667
start,54.57694444444444
start,140.42111111111112
start,123.98027777777777
start,113.0411111111111
start,19.704722222222223
start,75.97694444444444
start,53.86222222222222
start,73.32972222222222
start,4.757777777777778
start,26.545
start,49.17194444444444
start,99.31444444444445
start,6.668611111111111
start,158.4061111111111
start,11.020277777777778
start,47.61277777777778
start,24.45138888888889
start,13.559722222222222
start,21.34722222222222
start,19.888055555555557
start,24.70388888888889
start,20.200277777777778
start,22.953333333333333
start,124.18
start,142.7788888888889
start,69.26138888888889
start,18.503333333333334
start,5.934166666666667
start,21.155
start,67.83916666666667
start,1.0
start,48.49805555555555
start,13.592222222222222
start,42.736111111111114
start,0.0
start,0.0
start,0.0
start,31.14138888888889
start,0.0
start,16.125555555555554
start,27.66611111111111
start,0.0
start,0.0
start,0.0
start,71.84194444444445
start,25.217222222222222
start,45.309444444444445
start,23.42972222222222
start,5.948333333333333
start,0.0
start,25.160555555555554
start,15.49
start,0.0
start,17.439444444444444
start,0.0
start,0.0
start,0.0
start,18.05611111111111
start,16.49388888888889
start,0.0
start,20.761944444444445
start,0.0
start,5.303333333333334
start,0.0
start,26.1975
start,0.0
start,11.279722222222222
start,0.0
start,14.373611111111112
start,47.824444444444445
start,17.01972222222222
start,0.0
start,15.806944444444444
start,1.0
start,37.94222222222222
start,22.571666666666665
start,20.948333333333334
start,48.51694444444445
start,24.945
start,0.0
start,43.187777777777775
start,36.0325
start,28.383333333333333
start,7.186111111111111
start,4.9158333333333335
start,13.371666666666666
start,5.0
start,23.353055555555557
start,24.30388888888889
start,45.28388888888889
start,23.104444444444443
start,0.4636111111111111
start,28.94
start,0.0
start,0.0
start,24.053333333333335
start,0.9994444444444445
start,29.3225
start,0.0
start,6.205555555555556
start,24.121388888888887
start,3.0
start,0.0
start,1.3730555555555555
start,1.0
start,3.903611111111111
start,0.0
start,84.08694444444444
start,0.0
start,104.11694444444444
start,0.0
start,19.500555555555554
start,52.5025
start,22.81888888888889
start,6.996666666666667
start,7.816666666666666
start,0.0
start,0.0
start,96.38194444444444
start,34.431111111111115
start,53.50138888888889
start,30.7475
start,48.903055555555554
start,41.760555555555555
start,126.65916666666666
start,0.0
start,28.65111111111111
start,24.700833333333332
start,0.0
start,98.60444444444444
start,71.85305555555556
start,22.879722222222224
start,0.0
start,55.79138888888889
start,33.79833333333333
start,12.495555555555555
start,94.88111111111111
start,0.9480555555555555
start,31.254444444444445
start,0.0
start,118.0663888888889
start,94.5775
start,0.9027777777777778
start,86.51027777777777
start,0.5
start,43.219722222222224
start,29.986944444444443
start,0.0
start,47.486111111111114
start,96.61361111111111
start,12.310833333333333
start,162.4586111111111
start,140.46833333333333
start,26.1525
start,42.49722222222222
start,12.846666666666666
start,89.92861111111111
start,1.5
start,8.7175
start,55.65611111111111
start,42.006388888888885
start,155.7163888888889
start,145.98583333333335
start,59.89416666666666
start,24.307222222222222
start,14.439444444444444
start,28.95611111111111
start,89.48527777777778
start,65.53111111111112
start,21.71638888888889
start,69.71916666666667
start,45.33361111111111
start,0.0
start,19.211111111111112
start,1.0
start,88.21833333333333
start,0.0
start,68.99166666666666
start,49.21222222222222
start,22.655277777777776
start,16.48777777777778
start,54.42916666666667
start,31.32138888888889
start,5.4511111111111115
start,161.23111111111112
start,84.61638888888889
start,69.09805555555556
start,48.75222222222222
start,11.604722222222222
start,27.74861111111111
start,42.10388888888889
start,23.619444444444444
start,135.74055555555555
start,117.51861111111111
start,105.0375
start,17.766944444444444
start,5.821666666666666
start,32.9675
start,26.309722222222224
start,10.091666666666667
start,1.0
start,24.88222222222222
start,12.954166666666667
start,43.26
start,0.49722222222222223
start,74.06861111111111
start,29.39027777777778
start,0.0
start,13.966666666666667
start,145.06222222222223
start,35.22388888888889
start,111.09611111111111
start,85.30055555555556
start,68.94666666666667
start,26.648611111111112
start,79.41805555555555
start,0.0
start,0.0
start,17.99888888888889
start,143.46277777777777
start,51.931111111111115
start,49.018055555555556
start,29.751944444444444
start,3.249722222222222
start,46.01111111111111
start,3.2508333333333335
start,2.5547222222222223
start,4.003888888888889
start,97.70472222222222
start,121.00027777777778
start,23.302222222222223
start,60.368611111111115
start,106.02888888888889
start,142.35361111111112
start,136.16583333333332
start,134.75027777777777
start,151.47555555555556
start,147.15805555555556
start,129.09555555555556
start,107.13777777777777
start,7.764166666666667
start,100.67305555555555
start,4.704444444444444
start,113.25305555555556
start,138.575
start,15.813333333333333
start,0.0
start,17.13222222222222
start,19.29611111111111
start,22.646944444444443
start,0.11888888888888889
start,14.79138888888889
start,22.646944444444443
start,0.11888888888888889
start,14.79138888888889
start,27.756666666666668
start,29.2225
start,16.754166666666666
start,95.6875
start,0.0
start,41.13361111111111
start,18.99861111111111
start,26.50027777777778
start,39.5225
start,15.926388888888889
start,4.5
start,52.102777777777774
start,54.54944444444445
start,26.145
start,0.5
start,0.0
start,113.6825
start,0.0
start,9.132222222222222
start,0.0
start,50.931111111111115
start,1.8877777777777778
start,11.964722222222223
start,19.163888888888888
start,15.479722222222222
start,38.96805555555556
start,3.1308333333333334
start,2.7980555555555555
start,19.18
start,2.716388888888889
start,5.5275
start,12.543888888888889
start,102.74916666666667
start,15.947222222222223
start,19.54888888888889
start,1.4744444444444444
start,166.95333333333335
start,90.71388888888889
start,0.0
start,60.463055555555556
start,96.0963888888889
start,49.51083333333333
start,38.80083333333334
start,7.216944444444445
start,1.0
start,18.975277777777777
start,23.26888888888889
start,0.0
start,8.706666666666667
start,99.06472222222222
start,58.69111111111111
start,81.07972222222222
start,25.020833333333332
start,27.611944444444443
start,0.0
start,126.88277777777778
start,68.91416666666667
start,61.57861111111111
start,13.476944444444445
start,92.44277777777778
start,102.10694444444445
start,39.85305555555556
start,42.53472222222222
start,26.455
start,9.157777777777778
start,3.0
start,2.5
start,2.5
start,158.02722222222224
start,23.50583333333333
start,70.98277777777778
start,0.0
start,74.515
start,81.26361111111112
start,71.99722222222222
start,0.0
start,91.41277777777778
start,40.02638888888889
start,12.12861111111111
start,12.393888888888888
start,1.0122222222222221
start,1.0
start,29.641666666666666
start,46.624722222222225
start,160.90416666666667
start,106.49527777777777
start,4.541666666666667
start,102.29
start,149.16722222222222
start,3.92
start,97.66944444444445
start,0.0
start,0.0
start,17.0
start,147.7111111111111
start,126.9263888888889
start,20.767222222222223
start,16.04
start,5.85
start,69.31611111111111
start,10.591944444444444
start,133.3863888888889
start,116.73611111111111
start,14.733333333333333
start,146.1063888888889
start,124.32638888888889
start,67.80222222222223
start,31.788888888888888
start,76.64138888888888
start,77.68083333333334
start,0.5
start,24.349166666666665
start,165.1263888888889
start,127.24111111111111
start,1.0
start,11.547222222222222
start,23.566111111111113
start,28.583055555555557
start,98.26388888888889
start,21.231666666666666
start,22.758055555555554
start,41.81666666666667
start,51.26916666666666
start,27.093611111111112
start,1.0
start,10.179166666666667
start,71.41
start,0.0
start,0.0
start,143.65194444444444
start,97.79444444444445
start,55.73861111111111
start,56.49305555555556
start,133.68666666666667
start,97.47611111111111
start,47.23861111111111
start,0.5
start,26.16583333333333
start,149.2927777777778
start,136.05527777777777
start,116.63916666666667
start,95.8275
start,74.36638888888889
start,45.757222222222225
start,0.0
start,87.69277777777778
start,20.219166666666666
start,0.0
start,49.38305555555556
start,1.0
start,106.44722222222222
start,81.06138888888889
start,57.735277777777775
start,43.66833333333334
start,19.165555555555557
start,0.5
start,150.62527777777777
start,142.89527777777778
start,16.419722222222223
start,1.0
start,148.68583333333333
start,1.0
start,117.68055555555556
start,19.703611111111112
start,147.8238888888889
start,29.499444444444446
start,8.5
start,1.0
start,0.0
start,21.543333333333333
start,0.0
start,72.03194444444445
start,49.479166666666664
start,14.229444444444445
start,0.0
start,88.07388888888889
start,4.5344444444444445
start,11.556666666666667
start,0.0
start,26.57888888888889
start,54.67055555555555
start,0.0
start,23.57111111111111
start,1.0
start,0.0
start,18.456944444444446
start,1.0
start,2.500277777777778
start,2.5797222222222222
start,1.5002777777777778
start,2.5
low,6.879444444444444
low,137.94694444444445
low,10.06861111111111
low,1.0
low,135.595
low,1.0
low,113.16805555555555
low,1.3594444444444445
low,25.441666666666666
low,37.8675
low,29.298055555555557
low,26.510555555555555
low,0.43166666666666664
low,0.5
low,1.5338888888888889
low,0.8611111111111112
low,0.215
low,6.080555555555556
low,0.5441666666666667
low,91.22777777777777
low,1.295
low,0.4777777777777778
low,3.5669444444444443
low,0.058611111111111114
low,0.16583333333333333
low,0.9805555555555555
low,0.41583333333333333
low,17.432777777777776
low,2.0619444444444444
low,38.46944444444444
low,2.5
low,0.14972222222222223
low,13.846111111111112
low,2.5
low,86.04916666666666
low,1.6644444444444444
low,1.5
low,74.185
low,12.976111111111111
low,137.97166666666666
low,128.56
low,120.16111111111111
low,0.0
low,17.49361111111111
low,12.338611111111112
low,0.42194444444444446
low,0.42194444444444446
low,71.38333333333334
low,139.82861111111112
low,2.1683333333333334
low,150.58388888888888
low,116.20555555555555
low,148.3863888888889
low,138.8697222222222
low,2.0
low,91.31722222222223
low,47.84361111111111
low,5.54
low,1.2966666666666666
low,123.15416666666667
low,26.186944444444446
low,123.52361111111111
low,53.408055555555556
low,22.770833333333332
low,4.942222222222222
low,1.041388888888889
low,69.39138888888888
low,52.41583333333333
low,0.44083333333333335
low,67.13527777777777
low,0.7630555555555556
low,5.996666666666667
low,2.245833333333333
low,25.47277777777778
low,4.141111111111111
low,74.37916666666666
low,1.8308333333333333
low,43.67611111111111
low,23.898055555555555
low,52.995
low,129.65944444444443
low,115.34777777777778
low,0.9252777777777778
low,1.5997222222222223
low,93.41
low,1.6752777777777779
low,145.65972222222223
low,152.38555555555556
low,73.55638888888889
low,62.99666666666667
low,1.9947222222222223
low,13.199444444444444
low,0.9438888888888889
low,87.26027777777777
low,34.75611111111111
low,1.4497222222222221
low,0.0
low,0.5505555555555556
low,28.770833333333332
low,0.25583333333333336
low,0.0
low,0.4822222222222222
low,5.473888888888889
low,39.66
low,3.681388888888889
low,40.95388888888889
low,1.211111111111111
low,0.0
low,34.44888888888889
low,0.0
low,0.0
low,10.62
low,104.16638888888889
low,0.0
low,1.0933333333333333
low,0.8175
low,5.025
low,1.0
low,1.8858333333333333
low,0.0
low,6.618055555555555
low,0.4002777777777778
low,0.0
low,118.13777777777777
low,18.034444444444443
low,40.53388888888889
low,1.4836111111111112
low,42.7925
low,13.675555555555556
low,0.04833333333333333
low,140.41194444444446
low,121.26472222222222
low,91.24194444444444
low,0.8530555555555556
low,0.7655555555555555
low,161.08777777777777
low,0.8025
low,0.42583333333333334
low,0.24416666666666667
low,10.299166666666666
low,95.11888888888889
low,90.10166666666667
low,20.655
low,16.406944444444445
low,0.6686111111111112
low,22.785555555555554
low,0.36944444444444446
low,0.42027777777777775
low,0.5
low,0.3363888888888889
low,7.144166666666667
low,0.4463888888888889
low,0.46444444444444444
low,1.056111111111111
low,2.6577777777777776
low,4.6113888888888885
low,114.90583333333333
low,2.6577777777777776
low,4.6113888888888885
low,114.90583333333333
low,4.441666666666666
low,82.31722222222223
low,2.9227777777777777
low,32.27027777777778
low,0.9936111111111111
low,0.42194444444444446
low,0.18
low,7.8838888888888885
low,27.86861111111111
low,165.1436111111111
low,11.422777777777778
low,0.9991666666666666
low,0.0
low,0.19583333333333333
low,0.35694444444444445
low,0.23944444444444443
low,0.4072222222222222
low,0.052222222222222225
low,0.07472222222222222
low,0.10111111111111111
low,0.6608333333333334
low,8.928055555555556
low,1.0725
low,0.058611111111111114
low,22.935555555555556
low,114.91194444444444
low,1.4841666666666666
low,1.0
low,1.3380555555555556
low,115.22416666666666
low,0.14805555555555555
low,73.52777777777777
low,165.165
low,4.0119444444444445
low,31.67388888888889
low,0.16027777777777777
low,0.23666666666666666
low,37.14277777777778
low,5.021944444444444
low,89.93722222222222
low,0.38166666666666665
low,0.5
low,0.5
low,0.5
low,0.3411111111111111
low,19.24111111111111
low,1.0013888888888889
low,0.21833333333333332
low,0.5
low,0.5188888888888888
low,0.11
low,0.024722222222222222
low,0.013333333333333334
low,0.06833333333333333
low,0.5
low,5.932777777777778
low,0.5
low,1.3616666666666666
low,4.134166666666666
low,0.15583333333333332
low,30.703611111111112
low,0.5
low,0.6211111111111111
low,26.57027777777778
low,0.0
low,2.123611111111111
low,0.31027777777777776
low,2.3869444444444445
low,1.8269444444444445
low,2.035833333333333
low,2.0747222222222224
low,0.0
low,5.1466666666666665
low,2.500277777777778
low,7.118888888888889
low,3.107222222222222
low,2.0147222222222223
low,2.207777777777778
low,2.025
low,0.0
low,25.3625
low,126.31527777777778
low,2.262777777777778
low,2.0952777777777776
low,1.9083333333333334
low,1.6833333333333333
low,0.8511111111111112
low,0.7061111111111111
low,21.349166666666665
low,143.00277777777777
low,118.78305555555555
low,105.28888888888889
low,93.72916666666667
low,70.30638888888889
low,5.666388888888889
low,119.92333333333333
low,25.245277777777776
low,21.334722222222222
low,9.974444444444444
low,2.0575
low,52.7375
low,4.071111111111111
low,95.76361111111112
low,75.4
low,44.83777777777778
low,15.446666666666667
low,17.24972222222222
low,19.98027777777778
low,0.050277777777777775
low,21.350833333333334
low,14.780555555555555
low,14.886111111111111
low,97.86444444444444
low,50.44611111111111
low,0.0
low,75.07805555555555
low,0.3258333333333333
low,5.0
low,26.754722222222224
low,0.8113888888888889
low,3.0
low,74.97805555555556
low,11.978055555555555
low,0.8966666666666666
low,103.83722222222222
low,0.5
low,4.000277777777778
low,0.695
low,0.4052777777777778
low,2.417222222222222
low,35.32555555555555
low,95.40138888888889
low,7.295
low,0.0
low,15.588888888888889
low,33.735
low,107.47083333333333
low,12.645555555555555
low,72.62388888888889
low,40.22944444444445
low,0.40194444444444444
low,87.56916666666666
low,67.6825
low,6.066388888888889
low,0.0
low,4.415
low,0.0
low,0.22027777777777777
low,0.8016666666666666
low,0.13666666666666666
low,14.11
low,0.3861111111111111
low,12.328611111111112
low,0.27805555555555556
low,10.098333333333333
low,0.0
low,0.0
low,0.3136111111111111
low,0.0
low,17.096944444444443
low,1.4194444444444445
low,118.73
low,1.926388888888889
low,0.5322222222222223
low,4.248333333333333
low,15.100833333333334
low,0.10333333333333333
low,49.13388888888889
low,0.2063888888888889
low,0.7319444444444444
low,166.31694444444443
low,19.91111111111111
low,9.376666666666667
low,4.152777777777778
low,0.0
low,0.0
low,68.29277777777777
low,4.965
low,0.25416666666666665
low,42.29694444444444
low,0.8997222222222222
low,7.729722222222223
low,0.2336111111111111
low,0.6238888888888889
low,0.6705555555555556
low,2.0702777777777777
low,167.18666666666667
low,112.40722222222222
low,166.0525
low,147.1611111111111
low,142.70916666666668
low,69.24027777777778
low,52.70027777777778
low,2.3491666666666666
low,117.2925
low,121.98638888888888
low,45.05222222222222
low,94.76083333333334
low,0.0
low,2.0
low,0.5
low,2.5
low,1.5
low,2.5
low,0.6447222222222222
low,0.7083333333333334
low,63.1675
low,22.037777777777777
low,0.17583333333333334
low,0.0
low,19.823333333333334
low,0.0
low,0.8313888888888888
low,0.020277777777777777
low,37.96055555555556
low,0.9322222222222222
low,144.17277777777778
low,0.23527777777777778
low,0.7447222222222222
low,0.9427777777777778
low,0.16194444444444445
low,8.878333333333334
low,0.0
low,0.5
low,1.0375
low,81.6975
low,146.60611111111112
low,0.10305555555555555
low,0.12055555555555555
low,0.7472222222222222
low,161.92277777777778
low,55.716388888888886
low,23.858888888888888
low,0.8244444444444444
low,163.71666666666667
low,0.5766666666666667
low,0.5275
low,123.16111111111111
low,96.12416666666667
low,6.509166666666666
low,17.903333333333332
low,49.0625
low,32.08166666666666
low,0.0
low,43.948055555555555
low,2.754166666666667
low,0.47805555555555557
low,61.788333333333334
low,48.592777777777776
low,25.656388888888888
low,0.9408333333333333
low,1.1775
low,0.42083333333333334
low,73.55416666666666
low,1.0
low,80.59333333333333
low,116.8475
low,2.3105555555555557
low,73.44611111111111
low,35.57333333333333
low,6.546944444444445
low,0.9311111111111111
low,14.033611111111112
low,53.81361111111111
low,1.8372222222222223
low,5.667222222222223
low,0.31194444444444447
low,7.205
low,0.5
low,0.10583333333333333
low,8.072222222222223
low,8.266388888888889
low,6.951666666666667
low,0.27416666666666667
low,28.36888888888889
low,0.5269444444444444
low,70.36361111111111
low,39.221111111111114
low,0.0
low,0.0
low,0.9641666666666666
low,7.943888888888889
low,53.920833333333334
low,2.4030555555555555
low,0.0
low,0.2477777777777778
low,0.2786111111111111
low,0.16166666666666665
low,3.1933333333333334
low,35.882222222222225
low,38.51888888888889
low,72.85416666666667
low,72.13361111111111
low,25.836388888888887
low,56.14083333333333
low,0.5
low,167.27277777777778
low,5.2508333333333335
low,87.20388888888888
low,0.3933333333333333
low,8.265277777777778
low,18.001944444444444
low,136.9438888888889
low,0.5822222222222222
low,2.0330555555555554
low,80.55638888888889
low,9.981666666666667
low,1.6855555555555555
low,1.1655555555555555
low,8.320833333333333
low,50.38
low,143.7836111111111
low,0.9508333333333333
low,0.03888888888888889
low,2.270277777777778
low,65.60916666666667
low,151.67083333333332
low,148.61166666666668
low,123.71555555555555
low,0.5
low,8.290833333333333
low,0.0
low,7.479444444444445
low,0.48388888888888887
low,0.12472222222222222
low,0.26222222222222225
low,21.71388888888889
low,0.5172222222222222
low,2.0
low,0.4177777777777778
low,0.7797222222222222
low,118.38777777777777
low,2.000277777777778
low,160.78805555555556
low,6.192777777777778
low,72.72277777777778
low,59.49388888888889
low,36.95472222222222
low,3.9444444444444446
low,11.80861111111111
low,47.33694444444444
low,122.28305555555555
low,56.72
low,1.7816666666666667
low,1.6955555555555555
low,1.6625
low,52.575
low,4.889166666666667
low,143.4011111111111
low,103.3475
low,0.7480555555555556
low,68.19222222222223
low,1.2175
low,130.0847222222222
low,92.96277777777777
low,144.61416666666668
low,135.42083333333332
low,21.68611111111111
low,11.515833333333333
low,2.499722222222222
low,1.2291666666666667
low,5.788611111111111
low,1.0
low,96.76416666666667
low,14.249166666666667
low,0.0
low,0.0
low,0.0
low,21.913055555555555
low,0.0
low,0.0
low,0.0
low,124.46666666666667
low,20.6925
low,0.0
low,132.24722222222223
low,119.52583333333334
low,0.9147222222222222
low,101.875
low,20.568055555555556
low,71.71722222222222
low,3.5861111111111112
low,1.0
low,12.0125
low,1.305
low,104.74166666666666
low,76.275
low,94.31166666666667
low,128.48666666666668
low,25.438055555555554
low,0.4502777777777778
low,0.0
low,8.7325
low,0.26472222222222225
low,2.5
low,15.0475
low,0.008055555555555555
low,0.2611111111111111
low,1.3169444444444445
low,0.5
low,99.94055555555556
low,0.2783333333333333
low,0.06388888888888888
low,0.5
low,33.52472222222222
low,1.0925
low,0.5011111111111111
low,0.12527777777777777
low,0.04138888888888889
low,0.5
low,4.0
low,0.5
low,0.115
low,11.879166666666666
low,2.877222222222222
low,92.16527777777777
low,119.34555555555555
low,124.3338888888889
low,70.91583333333334
low,31.003333333333334
low,135.80555555555554
low,16.718055555555555
low,2.5102777777777776
low,72.3125
low,10.661388888888888
low,2.2241666666666666
low,27.655555555555555
low,105.6036111111111
low,0.3566666666666667
low,164.6013888888889
low,123.83472222222223
low,19.524722222222223
low,7.633611111111111
low,14.94138888888889
low,147.34722222222223
low,18.361666666666668
low,0.1111111111111111
low,167.245
low,142.21138888888888
low,3.2352777777777777
low,99.26194444444444
low,84.78666666666666
low,0.12833333333333333
low,0.47888888888888886
low,0.0375
low,1.7547222222222223
low,65.98527777777778
low,0.5
low,0.5097222222222222
low,0.011111111111111112
low,0.3713888888888889
low,2.575833333333333
low,28.119444444444444
low,0.2225
low,0.2075
low,2.033888888888889
low,9.884722222222223
low,67.85305555555556
low,61.159166666666664
low,41.355555555555554
low,2.7952777777777778
low,74.7286111111111
low,114.27361111111111
low,89.99833333333333
low,1.1933333333333334
low,49.60861111111111
low,159.14111111111112
low,112.03472222222223
low,118.99333333333334
low,0.33
low,78.36416666666666
low,42.65611111111111
low,1.5
low,109.99833333333333
low,1.0888888888888888
low,3.5
low,0.22555555555555556
low,96.29777777777778
low,24.12388888888889
low,127.13472222222222
low,2.2105555555555556
low,51.39055555555556
low,147.0547222222222
low,135.45583333333335
low,18.552777777777777
low,0.5
low,7.360555555555556
low,0.3605555555555556
low,0.5
low,0.9608333333333333
low,0.8597222222222223
low,0.12083333333333333
low,4.114722222222222
low,0.04
low,20.479444444444443
low,16.476666666666667
low,8.5
low,6.231111111111111
low,0.0
low,55.09722222222222
low,65.8625
low,0.7063888888888888
low,76.43527777777778
low,0.5
low,0.13555555555555557
low,167.93194444444444
low,0.5
low,115.17833333333333
low,122.25888888888889
low,113.37
low,91.14694444444444
low,32.13388888888889
low,2.6172222222222223
low,2.0705555555555555
low,2.421666666666667
low,0.0
low,0.0
low,145.3575
low,36.4175
low,5.591111111111111
low,75.05916666666667
low,113.02416666666667
low,81.46444444444444
low,41.361111111111114
low,11.310833333333333
low,71.41111111111111
low,39.86555555555555
low,73.35777777777778
low,30.24888888888889
low,40.25555555555555
low,5.594166666666666
low,0.2627777777777778
low,5.1025
low,0.0
low,38.941944444444445
low,19.608055555555556
low,1.1508333333333334
low,45.36666666666667
low,0.25555555555555554
low,0.5
low,16.933611111111112
low,0.24027777777777778
low,43.86
low,153.54972222222221
low,72.56333333333333
low,40.80722222222222
low,3.4169444444444443
low,21.701944444444443
low,3.959722222222222
low,91.54638888888888
low,2.7269444444444444
low,0.0
low,14.234444444444444
low,0.5852777777777778
low,123.7786111111111
low,142.33527777777778
low,36.295833333333334
low,120.15222222222222
low,1.226388888888889
low,5.343055555555556
low,18.099722222222223
low,0.5
low,123.49194444444444
low,0.5919444444444445
low,3.1886111111111113
low,73.98166666666667
low,48.69166666666667
low,47.11222222222222
low,8.985833333333334
low,24.955
low,3.107222222222222
low,2.7508333333333335
low,91.86
low,0.7344444444444445
low,58.21722222222222
low,112.88722222222222
low,11.206388888888888
low,0.16305555555555556
low,72.56916666666666
low,1.3408333333333333
low,11.1475
low,30.10861111111111
low,76.29166666666667
low,4.503333333333333
low,0.17722222222222223
low,19.57027777777778
low,111.93638888888889
low,92.7375
low,19.688055555555554
low,16.398611111111112
low,0.4488888888888889
low,2.642777777777778
low,21.624166666666667
low,0.03916666666666667
low,2.5005555555555556
low,46.547777777777775
low,0.2747222222222222
low,27.677777777777777
low,2.5
low,24.764444444444443
low,5.0216666666666665
low,3.928611111111111
low,165.79638888888888
low,2.0
low,0.2325
low,117.92944444444444
low,111.92944444444444
low,67.85222222222222
low,18.446666666666665
low,14.391111111111112
low,1.9461111111111111
low,74.65472222222222
low,61.32194444444445
low,87.92555555555556
low,71.67472222222223
low,47.08027777777778
low,40.406666666666666
low,3.301388888888889
low,17.233055555555556
low,0.5
low,86.49861111111112
low,2.279166666666667
low,81.0338888888889
low,2.5
low,0.2847222222222222
low,159.7722222222222
low,28.006944444444443
low,47.528055555555554
low,8.7325
low,0.26472222222222225
low,2.5
low,15.0475
low,0.008055555555555555
low,0.2611111111111111
low,1.3169444444444445
low,0.5
low,99.94055555555556
low,0.2783333333333333
low,0.06388888888888888
low,0.5
low,33.52472222222222
low,1.0925
low,0.5011111111111111
low,0.12527777777777777
low,0.04138888888888889
low,0.5
low,4.0
low,0.5
low,0.115
low,1.9177777777777778
low,120.41944444444445
low,29.765
low,0.0
low,142.17027777777778
low,0.8116666666666666
low,13.920555555555556
low,80.22027777777778
low,20.149722222222223
low,3.6144444444444446
low,0.5644444444444444
low,126.82
low,144.7061111111111
low,139.47555555555556
low,108.0663888888889
low,0.43083333333333335
low,2.4897222222222224
low,31.1975
low,1.0
low,0.45222222222222225
low,0.6988888888888889
low,17.234444444444446
low,0.0
low,73.5736111111111
low,1.81
low,1.0
low,143.35416666666666
low,16.358333333333334
low,23.469166666666666
low,139.99805555555557
low,0.195
low,18.080277777777777
low,94.83916666666667
low,3.0
low,14.023333333333333
low,126.3313888888889
low,0.5
low,10.541944444444445
low,0.0
low,0.5
low,0.9508333333333333
low,155.30277777777778
low,44.173611111111114
low,13.135277777777778
low,0.5786111111111111
low,124.19194444444445
low,25.66583333333333
low,35.124722222222225
low,0.20555555555555555
low,0.5
low,136.78972222222222
low,0.0
low,9.425555555555556
low,26.67111111111111
low,84.91583333333334
low,0.27194444444444443
low,43.766666666666666
low,31.86777777777778
low,1.9347222222222222
low,0.6702777777777778
low,5.018611111111111
low,0.5258333333333334
low,22.483333333333334
low,1.4619444444444445
low,53.86222222222222
low,40.62444444444444
low,34.88805555555555
low,4.862777777777778
low,55.53388888888889
low,33.57611111111111
low,9.305833333333334
low,5.034166666666667
low,9.378333333333334
low,0.23222222222222222
low,0.48777777777777775
low,4.345833333333333
low,6.549444444444444
low,0.2875
low,0.03222222222222222
low,8.959722222222222
low,57.49944444444444
low,0.3388888888888889
low,54.908611111111114
low,1.105
low,0.31194444444444447
low,8.996666666666666
low,148.31583333333333
low,67.20027777777777
low,1.668611111111111
low,72.45555555555555
low,25.899166666666666
low,1.7486111111111111
low,2.44
low,117.745
low,66.53138888888888
low,0.9994444444444445
low,133.975
low,98.45833333333333
low,34.9675
low,1.8225
low,1.9130555555555555
low,24.022777777777776
low,4.0
low,50.55027777777778
low,2.0
low,144.6363888888889
low,26.583055555555557
low,18.85527777777778
low,0.8825
low,2.5391666666666666
low,75.56055555555555
low,48.021388888888886
low,2.0944444444444446
low,90.25138888888888
low,43.85527777777778
low,14.42
low,1.0
low,8.708055555555555
low,7.253888888888889
low,29.189444444444444
low,3.9330555555555557
low,0.32861111111111113
low,0.6869444444444445
low,0.3075
low,4.975
low,2.0
low,11.236666666666666
low,1.5
low,1.4397222222222221
low,5.381388888888889
low,22.39527777777778
low,1.5
low,1.5
low,0.45305555555555554
low,94.5425
low,7.018611111111111
low,126.91777777777777
low,110.2911111111111
low,116.09722222222223
low,1.0
low,133.06694444444443
low,1.3008333333333333
low,1.481111111111111
low,1.5
low,103.96444444444444
low,1.4472222222222222
low,60.719166666666666
low,0.0
low,1.4875
low,112.62944444444445
low,0.14805555555555555
low,8.365833333333333
low,0.3452777777777778
low,0.08916666666666667
low,0.09027777777777778
low,0.4255555555555556
low,34.79972222222222
low,1.9977777777777779
low,0.5
low,0.5
low,0.0
low,6.5
low,0.3411111111111111
low,16.831666666666667
low,2.2125
low,124.98
low,114.19194444444445
low,29.423333333333332
low,0.6583333333333333
low,7.378333333333333
low,30.113333333333333
low,1.0
low,27.6925
low,1.0
low,0.9119444444444444
low,93.26916666666666
low,0.9725
low,142.1613888888889
low,0.0
low,44.640277777777776
low,0.31555555555555553
low,0.0
low,0.28805555555555556
low,13.20861111111111
low,21.200277777777778
low,1.2763888888888888
low,8.776111111111112
low,120.67166666666667
low,138.345
low,43.73166666666667
low,11.831666666666667
low,0.5808333333333333
low,2.0
low,30.71611111111111
low,1.7775
low,115.56944444444444
low,9.319166666666666
low,1.6233333333333333
low,0.5866666666666667
low,31.059444444444445
low,1.501111111111111
low,25.656111111111112
low,0.38027777777777777
low,10.56
low,0.8741666666666666
low,0.5
low,0.05333333333333334
low,2.2616666666666667
low,25.524166666666666
low,9.659444444444444
low,24.535
low,10.925277777777778
low,2.129166666666667
low,0.7202777777777778
low,4.604722222222223
low,3.6080555555555556
low,18.948611111111113
low,7.6530555555555555
low,2.263333333333333
low,0.0
low,22.15138888888889
low,1.2372222222222222
low,83.49277777777777
low,0.6813888888888889
low,1.1497222222222223
low,6.133333333333334
low,4.352222222222222
low,4.671388888888889
low,1.876111111111111
low,9.712222222222222
low,6.557777777777778
low,0.38555555555555554
low,1.2919444444444443
low,6.6033333333333335
low,9.477777777777778
low,20.92111111111111
low,6.8375
low,1.2447222222222223
low,23.371111111111112
low,4.463055555555556
low,0.5602777777777778
low,35.6975
low,107.58555555555556
low,0.09722222222222222
low,37.895833333333336
low,33.276944444444446
low,11.760277777777778
low,0.9908333333333333
low,10.492777777777778
low,22.79611111111111
low,0.5941666666666666
low,0.49944444444444447
low,2.7380555555555555
low,0.8547222222222223
low,6.923333333333333
low,2.046666666666667
low,1.3397222222222223
low,5.5377777777777775
low,5.2972222222222225
low,0.5
low,0.0
low,28.911944444444444
low,0.3013888888888889
low,0.0
low,7.776944444444444
low,4.008611111111111
low,13.434166666666666
low,0.0
low,5.826388888888889
low,0.31055555555555553
low,59.038333333333334
low,115.25777777777778
low,91.60194444444444
low,147.5727777777778
low,12.444166666666666
low,3.5
low,28.29861111111111
low,9.496666666666666
low,28.845833333333335
low,0.4633333333333333
low,48.388333333333335
low,0.2966666666666667
low,52.124722222222225
low,11.000555555555556
low,33.16277777777778
low,50.425555555555555
low,44.80555555555556
low,23.025555555555556
low,75.82638888888889
low,62.705555555555556
low,6.691388888888889
low,2.167777777777778
low,99.65777777777778
low,75.4186111111111
low,23.798055555555557
low,10.209166666666667
low,140.64055555555555
low,35.2225
low,13.926944444444445
low,1.0666666666666667
low,83.75805555555556
low,33.53333333333333
low,4.961944444444445
low,120.78805555555556
low,107.40305555555555
low,71.72833333333334
low,97.14472222222223
low,79.67
low,3.3494444444444444
low,34.285
low,12.617222222222223
low,119.19666666666667
low,11.876666666666667
low,167.06916666666666
low,91.11361111111111
low,0.9713888888888889
low,165.82222222222222
low,148.85416666666666
low,134.4686111111111
low,4.025
low,20.299166666666668
low,0.5
low,72.39611111111111
low,33.48083333333334
low,0.9036111111111111
low,48.5025
low,26.034444444444443
low,166.83527777777778
low,151.13833333333332
low,131.36888888888888
low,46.17583333333334
low,5.600833333333333
low,0.7772222222222223
low,9.875833333333333
low,68.7525
low,0.6997222222222222
low,32.98722222222222
low,47.51166666666666
low,7.3116666666666665
low,24.1275
low,4.523055555555556
low,89.3561111111111
low,72.58611111111111
low,72.8338888888889
low,50.67666666666667
low,24.655277777777776
low,0.33444444444444443
low,0.0
low,42.87305555555555
low,7.4511111111111115
low,0.4513888888888889
low,142.66611111111112
low,70.93388888888889
low,64.09833333333333
low,12.706666666666667
low,3.8447222222222224
low,0.5
low,31.61138888888889
low,7.636111111111111
low,151.41055555555556
low,119.01861111111111
low,112.01861111111111
low,19.645833333333332
low,9.367222222222223
low,3.999722222222222
low,27.915555555555557
low,14.591666666666667
low,0.0
low,1.5394444444444444
low,15.293888888888889
low,0.0
low,19.40138888888889
low,12.691666666666666
low,57.40472222222222
low,11.704166666666667
low,10.946944444444444
low,146.95666666666668
low,141.60833333333332
low,19.086666666666666
low,88.57583333333334
low,70.70444444444445
low,0.005555555555555556
low,3.5769444444444445
low,5.342777777777778
low,8.066944444444445
low,0.0
low,0.0
low,164.1536111111111
low,0.0
low,49.82527777777778
low,106.20388888888888
low,27.15972222222222
low,46.97388888888889
low,44.72083333333333
low,0.0
low,0.07666666666666666
low,99.2161111111111
low,137.9947222222222
low,105.08277777777778
low,0.08805555555555555
low,0.5
low,0.30194444444444446
low,53.868611111111115
low,91.73555555555555
low,137.7302777777778
low,92.5411111111111
low,154.0911111111111
low,130.49388888888888
low,149.71305555555554
low,143.23777777777778
low,124.96388888888889
low,100.43916666666667
low,2.433333333333333
low,120.30111111111111
low,132.61194444444445
low,110.065
low,164.66361111111112
low,120.53027777777778
low,10.886944444444444
low,114.69055555555556
low,0.795
low,4.0075
low,96.67138888888888
low,0.25833333333333336
low,70.88361111111111
low,150.50055555555556
low,0.25833333333333336
low,70.88361111111111
low,150.50055555555556
low,25.830555555555556
low,2.0372222222222223
low,0.0
low,68.92916666666666
low,2.3975
low,20.712222222222223
low,12.465833333333334
low,24.219722222222224
low,27.061666666666667
low,1.0222222222222221
low,0.2311111111111111
low,1.5141666666666667
low,28.443055555555556
low,0.0
low,115.1825
low,95.75638888888889
low,51.204166666666666
low,3.499722222222222
low,143.45527777777778
low,50.860277777777775
low,1.0
low,0.005833333333333334
low,2.7494444444444444
low,0.0
low,11.903888888888888
low,0.5338888888888889
low,0.19944444444444445
low,0.5052777777777778
low,0.5627777777777778
low,0.255
low,0.0
low,0.10722222222222222
low,4.146111111111111
low,0.3908333333333333
low,103.025
low,78.59416666666667
low,114.48388888888888
low,0.5427777777777778
low,93.5963888888889
low,43.33305555555555
low,8.861666666666666
low,1.0858333333333334
low,20.094722222222224
low,0.5652777777777778
low,61.17472222222222
low,0.0
low,44.045
low,41.50222222222222
low,0.0
low,71.69388888888889
low,3.6172222222222223
low,2.671111111111111
low,1.7394444444444443
low,90.025
low,156.59
low,63.07861111111111
low,15.204444444444444
low,94.075
low,3.6566666666666667
low,54.404444444444444
low,3.4766666666666666
low,6.065277777777778
low,17.891111111111112
low,0.0
low,0.43083333333333335
low,0.34305555555555556
low,0.5916666666666667
low,132.60472222222222
low,0.5
low,4.0
low,0.07555555555555556
low,0.1386111111111111
low,47.380833333333335
low,0.013055555555555556
low,0.0
low,27.065277777777776
low,9.76
low,0.6647222222222222
low,0.9772222222222222
low,2.5194444444444444
low,31.445555555555554
low,9.08611111111111
low,24.454166666666666
low,129.51222222222222
low,78.54333333333334
low,0.5
low,69.17694444444444
low,144.32333333333332
low,0.49027777777777776
low,89.175
low,7.529166666666667
low,2.7169444444444446
low,0.013333333333333334
low,156.54888888888888
low,132.42388888888888
low,107.95527777777778
low,0.0
low,12.61
low,0.2311111111111111
low,17.98
low,3.330277777777778
low,134.72083333333333
low,118.59027777777777
low,83.9713888888889
low,0.665
low,149.05166666666668
low,128.01333333333332
low,118.82638888888889
low,0.35083333333333333
low,0.5
low,0.2388888888888889
low,0.0
low,4.900555555555556
low,0.0
low,6.845833333333333
low,74.63388888888889
low,152.8936111111111
low,0.0
low,8.382222222222222
low,113.88333333333334
low,82.45333333333333
low,16.06861111111111
low,0.8330555555555555
low,11.559444444444445
low,2.1083333333333334
low,2.482222222222222
low,143.78444444444443
low,6.870555555555556
low,60.55083333333334
low,63.00555555555555
low,9.405555555555555
low,118.50055555555555
low,94.74444444444444
low,2.886111111111111
low,151.75444444444443
low,35.35444444444445
low,9.770277777777778
low,98.69972222222222
low,86.14722222222223
low,3.6791666666666667
low,2.1719444444444442
low,1.6755555555555555
low,142.79111111111112
low,118.19194444444445
low,97.45861111111111
low,76.88833333333334
low,47.77194444444444
low,3.6066666666666665
low,2.588611111111111
low,21.29888888888889
low,10.534722222222221
low,52.60666666666667
low,2.1991666666666667
low,0.4747222222222222
low,84.83
low,60.56055555555555
low,51.73416666666667
low,33.83222222222222
low,13.378333333333334
low,141.50583333333333
low,113.80888888888889
low,161.1288888888889
low,0.0
low,108.71305555555556
low,0.6644444444444444
low,128.1927777777778
low,10.0
low,2.5
low,0.7969444444444445
low,0.0
low,40.44972222222222
low,50.479166666666664
low,35.44027777777778
low,0.0
low,0.5388888888888889
low,9.890555555555556
low,2.9380555555555556
low,4.044444444444444
low,2.9277777777777776
low,4.886388888888889
low,5.054444444444444
low,4.923611111111111
low,12.862777777777778
low,0.0
low,7.7619444444444445
low,8.388333333333334
low,0.0
low,9.667222222222222
low,6.3405555555555555
low,0.0
low,4.541111111111111
end,0.5
end,136.93305555555557
end,9.000277777777777
end,119.09
end,123.92888888888889
end,154.87944444444443
end,107.64666666666666
end,21.27138888888889
end,13.188055555555556
end,25.770833333333332
end,8.976944444444445
end,30.558611111111112
end,59.080555555555556
end,12.216666666666667
end,93.45166666666667
end,107.26444444444445
end,144.37472222222223
end,89.83944444444444
end,86.60944444444445
end,16.377222222222223
end,111.61194444444445
end,15.765277777777778
end,9.995277777777778
end,25.948611111111113
end,7.4158333333333335
end,1.0002777777777778
end,120.85388888888889
end,24.494444444444444
end,1.0
end,18.454166666666666
end,0.0
end,67.84
end,84.54916666666666
end,68.48
end,0.0
end,133.2838888888889
end,121.7838888888889
end,115.63583333333334
end,60.89083333333333
end,15.001111111111111
end,10.299166666666666
end,67.5375
end,132.50833333333333
end,146.5338888888889
end,114.18194444444444
end,147.2938888888889
end,137.58138888888888
end,0.5
end,70.2063888888889
end,46.091944444444444
end,4.296666666666667
end,124.46305555555556
end,119.40666666666667
end,24.16638888888889
end,118.64138888888888
end,28.975
end,21.558611111111112
end,3.5475
end,55.3525
end,48.18194444444445
end,68.86694444444444
end,65.85166666666667
end,5.565833333333333
end,5.780555555555556
end,27.47277777777778
end,19.61777777777778
end,76.42805555555556
end,71.14194444444445
end,0.8308333333333333
end,42.8775
end,21.8025
end,38.82055555555556
end,128.6952777777778
end,110.8013888888889
end,63.117777777777775
end,96.06388888888888
end,90.25694444444444
end,149.15444444444444
end,141.51388888888889
end,146.92277777777778
end,71.5038888888889
end,42.44416666666667
end,131.4411111111111
end,6.814444444444445
end,92.99944444444445
end,86.24972222222222
end,20.256944444444443
end,114.73555555555555
end,5.054722222222222
end,27.270833333333332
end,54.908611111111114
end,13.716944444444444
end,45.365
end,3.973888888888889
end,10.7925
end,2.035833333333333
end,38.48722222222222
end,32.43388888888889
end,15.014166666666666
end,32.87027777777778
end,77.46833333333333
end,71.54305555555555
end,19.372222222222224
end,98.03944444444444
end,13.678333333333333
end,28.6625
end,56.00194444444445
end,3.215
end,4.167777777777777
end,5.264444444444444
end,4.301388888888889
end,3.2325
end,19.03472222222222
end,0.7075
end,103.33111111111111
end,6.780833333333334
end,33.263888888888886
end,152.87944444444443
end,41.367777777777775
end,3.5641666666666665
end,89.12333333333333
end,138.87694444444443
end,119.275
end,67.75694444444444
end,112.95944444444444
end,153.12805555555556
end,113.7175
end,144.11583333333334
end,14.799166666666666
end,98.3086111111111
end,92.60166666666667
end,68.45083333333334
end,19.49888888888889
end,94.69055555555556
end,65.6438888888889
end,21.59
end,72.20277777777778
end,67.50305555555556
end,12.851111111111111
end,66.43944444444445
end,5.536111111111111
end,19.811944444444446
end,145.65027777777777
end,50.89944444444444
end,111.03222222222222
end,50.89944444444444
end,111.03222222222222
end,63.194722222222225
end,79.47055555555555
end,0.5
end,12.704444444444444
end,0.0
end,25.502222222222223
end,161.23277777777778
end,9.422777777777778
end,9.728055555555555
end,2.8675
end,0.8297222222222222
end,6.864166666666667
end,17.26888888888889
end,68.43138888888889
end,66.05666666666667
end,1.5247222222222223
end,21.238888888888887
end,5.990555555555556
end,0.0
end,15.430555555555555
end,53.250277777777775
end,20.36638888888889
end,113.725
end,13.660833333333333
end,118.4661111111111
end,113.22416666666666
end,72.28472222222223
end,156.1952777777778
end,0.0
end,29.493055555555557
end,34.49611111111111
end,79.68805555555555
end,17.413611111111113
end,10.296944444444444
end,14.876944444444444
end,22.275
end,17.54361111111111
end,19.116666666666667
end,17.520555555555557
end,1.1641666666666666
end,1.5
end,14.335
end,84.84277777777778
end,1.6352777777777778
end,25.541666666666668
end,31.523611111111112
end,2.891111111111111
end,1.5
end,1.8180555555555555
end,1.5
end,41.776666666666664
end,28.338055555555556
end,17.230833333333333
end,12.0725
end,22.440555555555555
end,1.0
end,1.0
end,0.8966666666666666
end,1.0
end,0.4975
end,1.0
end,1.0
end,1.0
end,4.224166666666667
end,1.0002777777777778
end,6.107222222222222
end,1.7791666666666666
end,1.0
end,0.5
end,1.0
end,1.0
end,24.3625
end,125.2975
end,1.0
end,1.0
end,1.03
end,0.5
end,12.082222222222223
end,36.92916666666667
end,9.220277777777778
end,139.34777777777776
end,117.60055555555556
end,97.22916666666667
end,92.22916666666667
end,68.80638888888889
end,0.0
end,118.68277777777777
end,23.245
end,19.080555555555556
end,6.769166666666667
end,1.0
end,49.69083333333333
end,0.0
end,91.88527777777777
end,73.34833333333333
end,43.90222222222222
end,8.895277777777778
end,15.283333333333333
end,14.962777777777777
end,19.995555555555555
end,1.0
end,0.0
end,95.83583333333333
end,47.96277777777778
end,102.07805555555555
end,71.50638888888889
end,145.1913888888889
end,1.0
end,22.254722222222224
end,88.56055555555555
end,21.381944444444443
end,71.97805555555556
end,9.266944444444444
end,117.88555555555556
end,97.95416666666667
end,100.99722222222222
end,73.0
end,1.5
end,0.5
end,32.643055555555556
end,91.77333333333333
end,4.9783333333333335
end,0.0
end,0.0
end,6.0280555555555555
end,104.64444444444445
end,0.0
end,63.22472222222222
end,39.01583333333333
end,79.99027777777778
end,65.81416666666667
end,0.5
end,1.5
end,0.73
end,82.83166666666666
end,2.0566666666666666
end,2.0
end,9.850277777777778
end,4.354722222222223
end,7.145
end,21.23111111111111
end,22.114166666666666
end,0.0
end,4.395833333333333
end,18.428333333333335
end,23.204722222222223
end,76.14805555555556
end,0.0
end,158.8775
end,117.45583333333333
end,0.0
end,1.5
end,0.0
end,5.779444444444445
end,6.635
end,46.89083333333333
end,0.0
end,165.3802777777778
end,18.619444444444444
end,4.251388888888889
end,0.0
end,1.798888888888889
end,0.0
end,67.32222222222222
end,2.635
end,23.486666666666668
end,35.368611111111115
end,1.176388888888889
end,1.7777777777777777
end,13.100555555555555
end,147.3322222222222
end,1.0
end,166.46694444444444
end,96.28611111111111
end,153.21944444444443
end,145.76222222222222
end,140.70916666666668
end,63.085277777777776
end,50.94583333333333
end,114.29444444444445
end,118.86666666666666
end,43.54333333333334
end,93.47222222222223
end,15.000277777777777
end,13.5
end,20.99972222222222
end,21.305833333333332
end,61.6675
end,19.119722222222222
end,56.4475
end,43.18972222222222
end,17.09138888888889
end,8.4925
end,15.691944444444445
end,2.500277777777778
end,32.22361111111111
end,149.2075
end,140.85666666666665
end,25.93
end,24.442777777777778
end,17.15972222222222
end,95.16222222222223
end,84.49722222222222
end,17.99888888888889
end,76.96638888888889
end,145.6211111111111
end,132.15944444444443
end,137.64055555555555
end,167.39944444444444
end,160.68777777777777
end,47.513333333333335
end,18.43
end,113.8125
end,139.44194444444443
end,101.01805555555555
end,95.22305555555556
end,1.0
end,47.77305555555556
end,5.696944444444444
end,47.04527777777778
end,30.796944444444446
end,9.154722222222222
end,110.45972222222223
end,59.20777777777778
end,46.95472222222222
end,16.92972222222222
end,135.57555555555555
end,167.79944444444445
end,69.65555555555555
end,129.16472222222222
end,75.93138888888889
end,115.08972222222222
end,1.0
end,72.42666666666666
end,34.469722222222224
end,0.0
end,123.73166666666667
end,6.76
end,52.27194444444444
end,7.0525
end,5.6425
end,36.85611111111111
end,4.5
end,54.83361111111111
end,57.35194444444444
end,0.0
end,30.623055555555556
end,4.0
end,11.203333333333333
end,26.33138888888889
end,17.854444444444443
end,67.36361111111111
end,37.59888888888889
end,0.0
end,0.9008333333333334
end,82.65194444444444
end,0.0
end,48.839444444444446
end,7.133611111111111
end,0.0
end,0.31416666666666665
end,0.0
end,4.052222222222222
end,1.3305555555555555
end,0.0
end,25.65
end,71.35416666666667
end,71.13361111111111
end,24.95722222222222
end,54.992222222222225
end,165.27277777777778
end,0.0
end,76.00277777777778
end,137.65222222222224
end,0.0
end,0.0
end,135.59666666666666
end,159.5175
end,1.0
end,76.68833333333333
end,8.589722222222223
end,0.5
end,44.256388888888885
end,0.0
end,48.38
end,142.2836111111111
end,90.40444444444445
end,0.0
end,1.0
end,52.755
end,150.20027777777779
end,142.40527777777777
end,118.41888888888889
end,16.50861111111111
end,1.6691666666666667
end,12.006944444444445
end,0.0
end,5.162222222222222
end,14.375833333333333
end,2.4680555555555554
end,0.0
end,20.587222222222223
end,0.5
end,26.411944444444444
end,116.88777777777777
end,0.5
end,159.86916666666667
end,5.000277777777778
end,71.53361111111111
end,58.43694444444444
end,35.88194444444444
end,0.0
end,10.386111111111111
end,45.33694444444444
end,120.44694444444444
end,54.80444444444444
end,0.5
end,0.5
end,0.5
end,51.48694444444445
end,3.500277777777778
end,142.43944444444443
end,102.41722222222222
end,113.27055555555556
end,66.19222222222223
end,148.5236111111111
end,128.585
end,82.20111111111112
end,142.12333333333333
end,132.15305555555557
end,20.44388888888889
end,0.0
end,1.0
end,75.71472222222222
end,1.0
end,85.33722222222222
end,0.0
end,15.884166666666667
end,113.385
end,9.958333333333334
end,12.760833333333334
end,106.56666666666666
end,157.08416666666668
end,110.72888888888889
end,7.646944444444444
end,132.2875
end,129.21083333333334
end,107.12722222222222
end,86.44944444444444
end,97.00611111111111
end,15.909444444444444
end,61.80916666666667
end,0.0
end,154.89777777777778
end,1.0
end,119.20972222222223
end,96.5736111111111
end,75.05805555555555
end,91.8175
end,127.20555555555555
end,22.44527777777778
end,1.0
end,155.91333333333333
end,1.0172222222222222
end,3.231388888888889
end,0.5
end,8.5
end,2.5505555555555555
end,23.501666666666665
end,0.5
end,52.735
end,97.94055555555556
end,20.334722222222222
end,41.60611111111111
end,1.5
end,31.125833333333333
end,16.74972222222222
end,3.0
end,7.9494444444444445
end,1.0
end,30.82111111111111
end,2.5
end,4.0
end,72.06444444444445
end,5.7316666666666665
end,0.0
end,90.11861111111111
end,118.05055555555556
end,123.26805555555555
end,69.65166666666667
end,29.054444444444446
end,133.80555555555554
end,14.265555555555556
end,1.0
end,68.44083333333333
end,0.5
end,0.5
end,6.291944444444445
end,101.78527777777778
end,118.30777777777777
end,144.1977777777778
end,120.98527777777778
end,17.95888888888889
end,92.79416666666667
end,13.366388888888888
end,143.0125
end,0.0
end,156.61111111111111
end,164.5222222222222
end,140.29083333333332
end,1.0
end,95.29861111111111
end,81.65222222222222
end,16.57138888888889
end,16.74222222222222
end,41.44888888888889
end,60.85388888888889
end,64.82388888888889
end,18.030555555555555
end,42.937222222222225
end,22.85527777777778
end,17.544166666666666
end,0.0
end,27.18861111111111
end,4.495555555555556
end,20.341666666666665
end,158.19416666666666
end,46.93277777777778
end,65.1375
end,57.94138888888889
end,39.05388888888889
end,82.93527777777778
end,72.645
end,93.07166666666667
end,87.87972222222223
end,64.94388888888889
end,46.71722222222222
end,134.58944444444444
end,109.01722222222222
end,106.16583333333334
end,40.86944444444445
end,76.15333333333334
end,39.666111111111114
end,115.26166666666667
end,108.26166666666667
end,118.16583333333334
end,0.5
end,101.67861111111111
end,94.79777777777778
end,21.028333333333332
end,124.13027777777778
end,8.777777777777779
end,45.11611111111111
end,144.5547222222222
end,115.36444444444444
end,5.235
end,34.8125
end,5.860555555555556
end,65.70166666666667
end,20.961666666666666
end,3.101111111111111
end,159.61583333333334
end,19.241666666666667
end,15.241666666666667
end,0.0
end,5.0
end,52.21333333333333
end,64.62833333333333
end,73.57388888888889
end,166.42
end,5.246944444444445
end,113.88305555555556
end,119.69
end,94.55638888888889
end,77.59277777777778
end,30.133055555555554
end,0.0
end,0.5
end,0.9216666666666666
end,6.213055555555556
end,165.76583333333335
end,142.05166666666668
end,30.72833333333333
end,78.47527777777778
end,67.62583333333333
end,108.01361111111112
end,51.36805555555556
end,40.30694444444445
end,0.0
end,67.685
end,27.00638888888889
end,68.75166666666667
end,28.24888888888889
end,25.11888888888889
end,2.276666666666667
end,8.338611111111112
end,3.528611111111111
end,42.941944444444445
end,33.649166666666666
end,17.608055555555556
end,119.67277777777778
end,42.419444444444444
end,66.0125
end,14.1
end,93.9113888888889
end,41.7825
end,152.01888888888888
end,56.41027777777778
end,26.110277777777778
end,12.078333333333333
end,79.59416666666667
end,2.158888888888889
end,25.358055555555556
end,12.652222222222223
end,105.41305555555556
end,139.41194444444446
end,0.0
end,94.53583333333333
end,121.64277777777778
end,6.0055555555555555
end,117.16
end,131.1461111111111
end,0.0
end,149.02194444444444
end,71.9325
end,28.928055555555556
end,44.19111111111111
end,0.0
end,21.681944444444444
end,124.37916666666666
end,97.31944444444444
end,76.27722222222222
end,86.60166666666667
end,47.11805555555556
end,111.18416666666667
end,0.0
end,67.90777777777778
end,1.0
end,28.21
end,45.37166666666667
end,1.5
end,93.84805555555556
end,1.485
end,96.67138888888888
end,73.5963888888889
end,1.0
end,1.0
end,1.0
end,1.0
end,18.948888888888888
end,0.8225
end,1.0005555555555556
end,45.58722222222222
end,8.602777777777778
end,18.270833333333332
end,124.53722222222223
end,6.597777777777778
end,1.5
end,2.737222222222222
end,162.68583333333333
end,139.76388888888889
end,116.03333333333333
end,96.89583333333333
end,62.848055555555554
end,0.6933333333333334
end,12.891111111111112
end,130.12222222222223
end,73.1775
end,51.84777777777778
end,86.30666666666667
end,59.13805555555555
end,45.73305555555555
end,38.50388888888889
end,0.0
end,4.5
end,113.19111111111111
end,84.30944444444444
end,0.5
end,71.72333333333333
end,1.0
end,162.48333333333332
end,141.16666666666666
end,26.654444444444444
end,44.21888888888889
end,1.0172222222222222
end,3.231388888888889
end,0.5
end,8.5
end,2.5505555555555555
end,23.501666666666665
end,0.5
end,52.735
end,97.94055555555556
end,20.334722222222222
end,41.60611111111111
end,1.5
end,31.125833333333333
end,16.74972222222222
end,3.0
end,7.9494444444444445
end,1.0
end,30.82111111111111
end,2.5
end,4.0
end,72.06444444444445
end,0.0
end,166.17277777777778
end,116.15972222222223
end,0.6597222222222222
end,0.5
end,129.19583333333333
end,106.945
end,0.0
end,71.69944444444444
end,10.880555555555556
end,90.755
end,110.58166666666666
end,143.3672222222222
end,136.25944444444445
end,105.30666666666667
end,69.06833333333333
end,18.088055555555556
end,18.391111111111112
end,9.337222222222222
end,34.65638888888889
end,11.563888888888888
end,154.6161111111111
end,70.97583333333333
end,167.58388888888888
end,49.14555555555555
end,1.5
end,20.751944444444444
end,125.47833333333334
end,6.980833333333333
end,93.45388888888888
end,1.5
end,122.74888888888889
end,6.0
end,141.31277777777777
end,22.515833333333333
end,11.304722222222223
end,122.63527777777777
end,23.026666666666667
end,32.323055555555555
end,95.37138888888889
end,133.39527777777778
end,109.43777777777778
end,0.0
end,24.573611111111113
end,79.60861111111112
end,46.10638888888889
end,35.83
end,21.44472222222222
end,0.7208333333333333
end,16.683333333333334
end,5.526111111111111
end,42.63722222222222
end,15.463888888888889
end,73.75583333333333
end,43.355555555555554
end,39.65611111111111
end,31.400555555555556
end,42.666111111111114
end,22.551111111111112
end,140.43944444444443
end,1.0
end,0.0
end,4.067222222222222
end,82.43888888888888
end,50.57222222222222
end,1.0
end,2.5325
end,129.62055555555557
end,0.0
end,50.80388888888889
end,73.72555555555556
end,53.408611111111114
end,3.318611111111111
end,80.23138888888889
end,1.0
end,142.99916666666667
end,66.19833333333334
end,0.8413888888888889
end,53.66361111111111
end,24.871388888888887
end,0.9272222222222222
end,0.5511111111111111
end,116.20861111111111
end,65.55027777777778
end,120.46583333333334
end,60.90361111111111
end,33.41111111111111
end,0.8869444444444444
end,1.0
end,22.499166666666667
end,1.0
end,49.36805555555556
end,71.87472222222222
end,143.8525
end,25.083055555555557
end,17.85527777777778
end,1.0
end,1.0
end,73.56055555555555
end,46.521388888888886
end,0.9736111111111111
end,85.2863888888889
end,42.5175
end,12.920833333333333
end,0.0
end,0.0
end,27.34638888888889
end,0.0
end,17.299722222222222
end,68.05611111111111
end,161.8388888888889
end,0.0
end,72.21833333333333
end,1.0
end,16.960833333333333
end,121.90277777777777
end,0.0
end,20.89527777777778
end,121.17333333333333
end,65.84722222222223
end,118.085
end,87.09722222222223
end,24.363055555555555
end,125.49638888888889
end,106.68611111111112
end,114.10916666666667
end,126.07333333333334
end,120.5775
end,17.44972222222222
end,16.876944444444444
end,15.166944444444445
end,95.62861111111111
end,123.60138888888889
end,59.15027777777778
end,66.95166666666667
end,7.661944444444444
end,111.39694444444444
end,1.2647222222222223
end,7.131111111111111
end,5.612777777777778
end,37.36333333333334
end,43.66444444444444
end,90.215
end,25.429444444444446
end,1.0
end,1.1930555555555555
end,1.5
end,15.757777777777777
end,1.0
end,123.98027777777777
end,113.0411111111111
end,26.464166666666667
end,141.92055555555555
end,0.0
end,28.309722222222224
end,165.9375
end,26.545
end,140.82944444444445
end,121.61694444444444
end,91.26916666666666
end,158.4061111111111
end,141.12833333333333
end,47.61277777777778
end,43.1125
end,13.559722222222222
end,118.52055555555556
end,27.43166666666667
end,10.888055555555555
end,20.200277777777778
end,134.60416666666666
end,147.42305555555555
end,118.67166666666667
end,137.345
end,26.6925
end,76.55666666666667
end,44.873333333333335
end,0.0
end,24.226666666666667
end,25.099444444444444
end,114.56944444444444
end,6.058055555555556
end,0.0
end,16.953611111111112
end,0.0
end,0.5
end,7.276388888888889
end,0.0
end,4.068333333333333
end,26.672777777777778
end,45.74916666666667
end,50.03
end,1.0
end,24.74888888888889
end,0.5
end,23.42972222222222
end,5.948333333333333
end,0.0
end,25.160555555555554
end,15.49
end,0.0
end,17.439444444444444
end,0.0
end,0.0
end,0.0
end,18.05611111111111
end,16.49388888888889
end,81.73472222222222
end,20.761944444444445
end,0.0
end,5.303333333333334
end,69.71194444444444
end,64.8711111111111
end,0.0
end,11.279722222222222
end,0.0
end,0.0
end,0.0
end,123.51166666666667
end,0.0
end,14.963333333333333
end,1.0
end,37.94222222222222
end,22.571666666666665
end,20.948333333333334
end,143.6302777777778
end,24.945
end,106.3325
end,43.187777777777775
end,36.0325
end,31.776944444444446
end,7.186111111111111
end,4.9158333333333335
end,0.0
end,21.895
end,23.353055555555557
end,42.75694444444444
end,45.28388888888889
end,0.030555555555555555
end,0.4636111111111111
end,1.0
end,0.0
end,0.0
end,5.4558333333333335
end,1.1672222222222222
end,43.70361111111111
end,27.903055555555557
end,0.0
end,24.121388888888887
end,3.0
end,0.0
end,1.3730555555555555
end,106.06944444444444
end,134.1063888888889
end,167.7425
end,157.0727777777778
end,55.30166666666667
end,112.95916666666666
end,80.22333333333333
end,144.915
end,0.14194444444444446
end,22.81888888888889
end,6.996666666666667
end,26.345833333333335
end,75.08805555555556
end,41.91027777777778
end,96.38194444444444
end,46.047777777777775
end,0.0
end,30.7475
end,48.903055555555554
end,41.760555555555555
end,16.205555555555556
end,62.76777777777778
end,59.58694444444444
end,5.217777777777778
end,0.0
end,98.60444444444444
end,71.85305555555556
end,20.510833333333334
end,0.0
end,137.96472222222224
end,33.79833333333333
end,12.495555555555555
end,94.88111111111111
end,72.53833333333333
end,29.53388888888889
end,95.48472222222222
end,118.0663888888889
end,94.5775
end,69.865
end,86.51027777777777
end,64.00777777777778
end,43.219722222222224
end,29.986944444444443
end,0.0
end,117.63777777777777
end,1.5
end,96.61361111111111
end,87.05111111111111
end,162.4586111111111
end,140.46833333333333
end,115.41638888888889
end,42.49722222222222
end,12.846666666666666
end,89.92861111111111
end,68.01833333333333
end,8.7175
end,165.51416666666665
end,42.006388888888885
end,24.356666666666666
end,155.7163888888889
end,145.98583333333335
end,126.86888888888889
end,24.307222222222222
end,1.2177777777777778
end,28.95611111111111
end,8.375833333333333
end,65.53111111111112
end,31.860277777777778
end,45.33361111111111
end,0.0
end,19.211111111111112
end,117.10638888888889
end,88.21833333333333
end,69.95
end,68.99166666666666
end,49.21222222222222
end,22.655277777777776
end,57.44638888888889
end,54.42916666666667
end,31.32138888888889
end,5.4511111111111115
end,161.23111111111112
end,141.4736111111111
end,69.09805555555556
end,48.75222222222222
end,11.604722222222222
end,72.72611111111111
end,8.156666666666666
end,23.619444444444444
end,74.52
end,135.74055555555555
end,117.51861111111111
end,105.0375
end,17.766944444444444
end,5.821666666666666
end,32.9675
end,26.309722222222224
end,10.091666666666667
end,73.16583333333334
end,24.88222222222222
end,12.954166666666667
end,44.62638888888889
end,0.49722222222222223
end,0.0
end,52.64611111111111
end,0.0
end,0.0
end,143.37694444444443
end,140.07722222222222
end,3.0633333333333335
end,85.30055555555556
end,68.94666666666667
end,0.5
end,0.0
end,0.5
end,17.99888888888889
end,159.1536111111111
end,146.02972222222223
end,49.018055555555556
end,96.09611111111111
end,25.660555555555554
end,46.01111111111111
end,43.57333333333333
end,96.25527777777778
end,97.70472222222222
end,135.825
end,101.58555555555556
end,23.302222222222223
end,3.500277777777778
end,52.868611111111115
end,90.63555555555556
end,136.16583333333332
end,91.22722222222222
end,134.75027777777777
end,128.99388888888888
end,147.15805555555556
end,129.09555555555556
end,107.13777777777777
end,83.83722222222222
end,0.6858333333333333
end,115.19583333333334
end,113.25305555555556
end,108.43833333333333
end,163.0636111111111
end,118.71222222222222
end,0.0
end,113.615
end,1.0
end,85.02444444444444
end,1.1316666666666666
end,67.4975
end,145.74972222222223
end,1.1316666666666666
end,67.4975
end,145.74972222222223
end,24.79222222222222
end,1.0
end,95.6875
end,59.653333333333336
end,162.0286111111111
end,18.99861111111111
end,26.50027777777778
end,22.219722222222224
end,15.926388888888889
end,20.9175
end,52.102777777777774
end,11.854166666666666
end,26.145
end,46.21333333333333
end,113.6825
end,94.56888888888889
end,49.27027777777778
end,0.9997222222222222
end,139.50333333333333
end,49.2175
end,34.32833333333333
end,2.0405555555555557
end,14.017777777777777
end,29.85861111111111
end,3.2783333333333333
end,19.18
end,22.198888888888888
end,7.114444444444445
end,2.7952777777777778
end,5.522777777777778
end,15.947222222222223
end,19.54888888888889
end,0.6125
end,10.554722222222223
end,90.71388888888889
end,68.16055555555556
end,104.71944444444445
end,91.00138888888888
end,91.49166666666666
end,25.315277777777776
end,7.216944444444445
end,48.00083333333333
end,18.975277777777777
end,116.69722222222222
end,57.14
end,8.706666666666667
end,43.045
end,40.47388888888889
end,58.344722222222224
end,0.0
end,0.0
end,94.73833333333333
end,88.86666666666666
end,155.09
end,61.57861111111111
end,13.476944444444445
end,92.44277777777778
end,140.76444444444445
end,39.85305555555556
end,0.0
end,0.0
end,1.0
end,165.565
end,0.0
end,15.354444444444445
end,36.19277777777778
end,0.9302777777777778
end,112.50055555555555
end,35.68805555555556
end,0.0
end,125.23222222222222
end,81.26361111111112
end,45.60944444444444
end,25.37388888888889
end,27.388333333333332
end,12.393888888888888
end,160.29611111111112
end,1.685
end,29.641666666666666
end,0.0
end,22.961388888888887
end,127.47833333333334
end,76.57305555555556
end,67.24027777777778
end,142.8711111111111
end,97.66944444444445
end,86.13583333333334
end,0.0
end,89.34444444444445
end,134.025
end,147.7111111111111
end,126.9263888888889
end,104.79138888888889
end,5.85
end,10.591944444444444
end,133.3863888888889
end,116.73611111111111
end,81.97638888888889
end,146.1063888888889
end,124.32638888888889
end,112.71944444444445
end,79.2125
end,0.0
end,127.24111111111111
end,5.0633333333333335
end,73.58166666666666
end,151.92111111111112
end,1.0
end,98.26388888888889
end,71.71166666666667
end,0.0
end,138.47583333333333
end,10.24
end,0.0
end,1.0
end,142.71666666666667
end,96.36972222222222
end,59.4925
end,54.214166666666664
end,0.0
end,97.79444444444445
end,89.97555555555556
end,1.0
end,150.1447222222222
end,33.895
end,6.0
end,97.47611111111111
end,47.23861111111111
end,0.5
end,26.16583333333333
end,149.2927777777778
end,136.05527777777777
end,116.63916666666667
end,95.8275
end,74.36638888888889
end,45.757222222222225
end,0.0
end,87.69277777777778
end,20.219166666666666
end,0.0
end,49.38305555555556
end,1.0
end,106.44722222222222
end,81.06138888888889
end,57.735277777777775
end,43.66833333333334
end,19.165555555555557
end,0.5
end,138.78916666666666
end,112.62861111111111
end,159.97055555555556
end,146.36138888888888
end,107.21305555555556
end,91.38944444444445
end,127.1025
end,8.5
end,1.0
end,136.55944444444444
end,97.3025
end,38.44972222222222
end,49.479166666666664
end,34.524166666666666
end,166.6075
end,55.10472222222222
end,4.5344444444444445
end,111.94611111111111
end,2.0233333333333334
end,26.57888888888889
end,54.67055555555555
end,7.942777777777778
end,25.601111111111113
end,1.0
end,0.0
end,1.5
end,9.278611111111111
end,1.5258333333333334
end,1.5002777777777778
end,1.5002777777777778
end,1.5002777777777778
end,3.2172222222222224
